,TSS_1::Pseudomonas_phage_phiKZ:12288-12488(),TSS_2::Pseudomonas_phage_phiKZ:12382-12582(),TSS_3::Pseudomonas_phage_phiKZ:14712-14912(),TSS_4::Pseudomonas_phage_phiKZ:15991-16191(),TSS_5::Pseudomonas_phage_phiKZ:19791-19991(),TSS_6::Pseudomonas_phage_phiKZ:81676-81876(),TSS_7::Pseudomonas_phage_phiKZ:81869-82069(),TSS_8::Pseudomonas_phage_phiKZ:114356-114556(),TSS_9::Pseudomonas_phage_phiKZ:114822-115022(),TSS_10::Pseudomonas_phage_phiKZ:172065-172265(),TSS_11::Pseudomonas_phage_phiKZ:187688-187888(),TSS_12::Pseudomonas_phage_phiKZ:265838-266038(),TSS_13::Pseudomonas_phage_phiKZ:271586-271786(),TSS_14::Pseudomonas_phage_phiKZ:271822-272022(),TSS_15::Pseudomonas_phage_phiKZ:274048-274248(),TSS_16::Pseudomonas_phage_phiKZ:278654-278854(),TSS_17::Pseudomonas_phage_phiKZ:280101-280301(),mean
-100,,,,,,,,,,,,,,,,,,
-99,,,,,,,,,,,,,,,,,,
-98,,,,,,,,,,,,,,,,,,
-97,,,,,,,,,,,,,,,,,,
-96,,,,,,,,,,,,,,,,,,
-95,,,,,,,,,,,,,,,,,,
-94,,,,,,,,,,,,,,,,,,
-93,,,,,,,,,,,,,,,,,,
-92,,,,,,,,,,,,,,,,,,
-91,,,,,,,,,,,,,,,,,,
-90,,,,,,,,,,,,,,,,,,
-89,,,,,,,,,,,,,,,,,,
-88,,,,,,,,,,,,,,,,,,
-87,,,,,,,,,,,,,,,,,,
-86,,,,,,,,,,,,,,,,,,
-85,,,,,,,,,,,,,,,,,,
-84,,,,,,,,,,,,,,,,,,
-83,,,,,,,,,,,,,,,,,,
-82,,,,,,,,,,,,,,,,,,
-81,,,,,,,,,,,,,,,,,,
-80,,,,,,,,,,,,,,,,,,
-79,,,,,,,,,,,,,,,,,,
-78,,,,,,,,,,,,,,,,,,
-77,,,,,,,,,,,,,,,,,,
-76,,,,,,,,,,,,,,,,,,
-75,,,,,,,,,,,,,,,,,,
-74,,,,,,,,,,,,,,,,,,
-73,,,,,,,,,,,,,,,,,,
-72,,,,,,,,,,,,,,,,,,
-71,,,,,,,,,,,,,,,,,,
-70,,,,,,,,,,,,,,,,,,
-69,,,,,,,,,,,,,,,,,,
-68,,,,,,,,,,,,,,,,,,
-67,,,,,,,,,,,,,,,,,,
-66,,,,,,,,,,,,,,,,,,
-65,,,,,,,,,,,,,,,,,,
-64,,,,,,,,,,,,,,,,,,
-63,,,,,,,,,,,,,,,,,,
-62,,,,,,,,,,,,,,,,,,
-61,,,,,,,,,,,,,,,,,,
-60,,,,,,,,,,,,,,,,,,
-59,,,,,,,,,,,,,,,,,,
-58,,,,,,,,,,,,,,,,,,
-57,,,,,,,,,,,,,,,,,,
-56,,,,,,,,,,,,,,,,,,
-55,,,,,,,,,,,,,,,,,,
-54,,,,,,,,,,,,,,,,,,
-53,,,,,,,,,,,,,,,,,,
-52,,,,,,,,,,,,,,,,,,
-51,5.416,5.716,5.263999999999999,5.33,5.604,5.577999999999999,5.888,5.452000000000001,5.314,5.556,3.844,4.728,5.0280000000000005,5.362,5.096,5.843999999999999,5.5360000000000005,5.326823529411765
-50,5.303999999999999,5.69,5.274,5.439999999999999,5.4879999999999995,5.58,5.896,5.478,5.435999999999999,5.544,3.9760000000000004,4.726,4.954,5.542000000000001,5.078,5.834,5.343999999999999,5.328470588235294
-49,5.374,5.68,5.234,5.638,5.3919999999999995,5.434,5.816,5.512,5.457999999999999,5.485999999999999,4.066,4.736,5.148,5.378000000000001,5.038,5.77,5.374,5.325529411764705
-48,5.294,5.6160000000000005,5.252000000000001,5.66,5.4239999999999995,5.5,5.868,5.596,5.364,5.499999999999999,4.01,4.744000000000001,5.1,5.394,4.984,5.77,5.386,5.321294117647058
-47,5.206,5.646,5.1739999999999995,5.53,5.48,5.606,5.93,5.672000000000001,5.207999999999999,5.468000000000001,3.94,4.744000000000001,4.954,5.438,5.086,5.803999999999999,5.281999999999999,5.303999999999999
-46,5.1339999999999995,5.519999999999999,5.31,5.572,5.4879999999999995,5.414,5.871999999999999,5.678000000000001,5.186,5.504,3.9619999999999997,4.834,5.148,5.507999999999999,4.966,5.754,5.228,5.298705882352941
-45,5.207999999999999,5.358,5.336,5.386,5.356,5.297999999999999,5.917999999999999,5.78,5.386,5.537999999999999,3.988,4.872,5.303999999999999,5.568,4.912,5.843999999999999,5.241999999999999,5.311411764705882
-44,5.22,5.28,5.3,5.318,5.446000000000001,5.367999999999999,6.0,5.707999999999999,5.457999999999999,5.537999999999999,4.098,4.902,5.3420000000000005,5.436,4.8919999999999995,5.8580000000000005,5.201999999999999,5.3156470588235285
-43,5.2219999999999995,5.21,5.212,5.263999999999999,5.3919999999999995,5.395999999999999,6.0,5.6819999999999995,5.311999999999999,5.4479999999999995,4.096,4.82,5.367999999999999,5.426,4.924,5.89,5.074,5.278588235294118
-42,5.372000000000001,5.12,5.3839999999999995,5.185999999999999,5.43,5.4639999999999995,6.0,5.6579999999999995,5.167999999999999,5.4079999999999995,4.096,4.8180000000000005,5.314,5.426,5.116,5.827999999999999,4.882,5.274705882352941
-41,5.2620000000000005,5.05,5.575999999999999,5.11,5.3740000000000006,5.65,6.0,5.6339999999999995,5.291999999999999,5.531999999999999,4.24,4.868,5.14,5.426,5.032,5.954,4.81,5.291176470588234
-40,5.398000000000001,5.05,5.638,5.13,5.417999999999999,5.628000000000001,5.98,5.71,5.336,5.501999999999999,4.287999999999999,4.748,5.14,5.374,5.048,6.016,4.784000000000001,5.305176470588235
-39,5.438000000000001,4.856,5.598,5.132,5.346,5.71,6.034,5.771999999999999,5.238,5.378000000000001,4.1419999999999995,4.618,5.096,5.32,5.11,5.974,4.672,5.2608235294117645
-38,5.592,4.712,5.664,5.112,5.332000000000001,5.84,6.106,5.749999999999999,5.108,5.34,4.1419999999999995,4.652,5.15,5.398,5.244,5.95,4.712,5.282588235294118
-37,5.601999999999999,4.814,5.615999999999999,5.146,5.401999999999999,5.7379999999999995,5.912000000000001,5.706,5.124,5.31,4.244,4.758,5.272,5.484,5.411999999999999,5.94,4.609999999999999,5.299411764705882
-36,5.4479999999999995,4.75,5.4239999999999995,5.118,5.4639999999999995,5.796,5.93,5.79,5.234,5.1659999999999995,4.295999999999999,4.675999999999999,5.274000000000001,5.462000000000001,5.522,5.806,4.4799999999999995,5.272705882352942
-35,5.386,4.795999999999999,5.361999999999999,5.03,5.564,5.799999999999999,6.02,5.83,5.231999999999999,5.118,4.266,4.53,5.234,5.382000000000001,5.56,5.764000000000001,4.52,5.258470588235293
-34,5.502000000000001,4.994,5.456,5.117999999999999,5.6339999999999995,5.632,6.11,5.856,5.231999999999999,5.311999999999999,4.327999999999999,4.5680000000000005,5.226,5.382000000000001,5.57,5.888000000000001,4.534,5.314235294117647
-33,5.534,5.064,5.516,5.303999999999999,5.532,5.581999999999999,6.127999999999999,5.888,5.2219999999999995,5.281999999999999,4.33,4.593999999999999,5.386,5.405999999999999,5.587999999999999,5.77,4.47,5.329176470588235
-32,5.59,5.206,5.4719999999999995,5.202000000000001,5.572,5.504,5.974,5.968000000000001,5.127999999999999,5.282,4.51,4.622,5.435999999999999,5.484000000000001,5.547999999999999,5.814,4.478,5.340588235294117
-31,5.5,5.316,5.4639999999999995,5.202000000000001,5.546,5.3420000000000005,5.934,5.88,5.042,5.35,4.541999999999999,4.694,5.604,5.542000000000001,5.59,5.621999999999999,4.57,5.33764705882353
-30,5.4319999999999995,5.3580000000000005,5.468000000000001,5.201999999999999,5.558,5.343999999999999,5.797999999999999,5.871999999999999,5.042,5.396,4.564,4.888,5.632000000000001,5.64,5.575999999999999,5.474,4.482,5.336823529411765
-29,5.439999999999999,5.5120000000000005,5.648,5.201999999999999,5.5360000000000005,5.3,5.794,5.842,5.032,5.378000000000001,4.688,4.888,5.6579999999999995,5.74,5.572,5.425999999999999,4.465999999999999,5.360117647058822
-28,5.377999999999999,5.555999999999999,5.474,5.151999999999999,5.507999999999999,5.354,5.79,5.798000000000001,4.992,5.382000000000001,4.757999999999999,4.732,5.67,5.762,5.598000000000001,5.451999999999999,4.478,5.343176470588235
-27,5.308,5.434,5.404,5.184,5.4879999999999995,5.458000000000001,5.6160000000000005,5.8,4.864,5.39,4.95,4.692,5.702000000000001,5.734,5.5360000000000005,5.6259999999999994,4.522,5.335764705882354
-26,5.41,5.34,5.476,5.078,5.566,5.522,5.615999999999999,5.78,4.72,5.285999999999999,4.994,4.662000000000001,5.744,5.706,5.624,5.6739999999999995,4.545999999999999,5.337882352941176
-25,5.348000000000001,5.358,5.462000000000001,5.124,5.552,5.38,5.598000000000001,5.7219999999999995,4.844,5.2860000000000005,4.8260000000000005,4.684,5.78,5.7620000000000005,5.5120000000000005,5.6739999999999995,4.58,5.323058823529412
-24,5.224,5.215999999999999,5.358,5.106,5.552,5.4079999999999995,5.553999999999999,5.638,4.9719999999999995,5.376,4.742,4.612,5.802,5.694,5.42,5.6739999999999995,4.534,5.287176470588236
-23,5.032,5.245999999999999,5.422,5.106,5.4719999999999995,5.601999999999999,5.615999999999999,5.513999999999999,4.8839999999999995,5.376,4.898,4.626,5.806,5.496,5.404,5.62,4.417999999999999,5.2669411764705885
-22,5.191999999999999,5.2139999999999995,5.289999999999999,5.148,5.562,5.73,5.558,5.46,4.8,5.274,4.88,4.748,5.79,5.416,5.401999999999999,5.528,4.294,5.252117647058823
-21,5.287999999999999,5.1819999999999995,5.303999999999999,5.216,5.46,5.843999999999999,5.662000000000001,5.513999999999999,4.8839999999999995,5.242000000000001,4.81,4.6659999999999995,5.89,5.4159999999999995,5.322,5.457999999999999,4.356,5.265529411764706
-20,5.388,5.16,5.29,5.3260000000000005,5.361999999999999,5.822,5.666,5.605999999999999,4.836,5.274,4.78,4.536,6.05,5.506,5.402,5.388,4.524,5.289176470588235
-19,5.5120000000000005,5.232,5.3,5.48,5.342,5.667999999999999,5.622000000000001,5.574,4.854,5.274,4.974,4.608,6.041999999999999,5.497999999999999,5.324,5.41,4.696,5.318235294117647
-18,5.492000000000001,5.228,5.206,5.374,5.342,5.574,5.65,5.58,4.749999999999999,5.206,5.167999999999999,4.622,5.996,5.587999999999999,5.398,5.42,4.724,5.312823529411765
-17,5.491999999999999,5.158,5.122000000000001,5.26,5.27,5.552,5.781999999999999,5.712,4.708,5.207999999999999,5.36,4.786,5.952000000000001,5.648,5.48,5.38,4.694,5.3272941176470585
-16,5.507999999999999,5.218000000000001,5.244,5.351999999999999,5.244,5.454,5.911999999999999,5.667999999999999,4.848,5.265999999999999,5.486000000000001,4.812,5.978,5.602,5.48,5.526,4.83,5.378117647058822
-15,5.406000000000001,5.218,5.2139999999999995,5.25,5.228,5.46,5.882,5.664,4.936,5.144,5.6,4.82,6.007999999999999,5.64,5.568,5.526,4.856,5.377647058823529
-14,5.394,5.276,5.196000000000001,5.29,5.42,5.456,5.945999999999999,5.736000000000001,5.034,5.182,5.789999999999999,4.788,5.9239999999999995,5.6659999999999995,5.528,5.442,4.758,5.401529411764706
-13,5.553999999999999,5.184,5.257999999999999,5.422,5.376,5.281999999999999,5.984,5.704,4.99,5.336,5.827999999999999,4.8580000000000005,5.759999999999999,5.678,5.52,5.602,4.688,5.413176470588235
-12,5.55,5.15,5.166,5.42,5.346,5.21,5.984,5.608,4.795999999999999,5.208000000000001,5.81,4.88,5.7379999999999995,5.715999999999999,5.56,5.6819999999999995,4.4959999999999996,5.371764705882352
-11,5.406000000000001,5.13,5.146,5.339999999999999,5.497999999999999,5.112,5.935999999999999,5.598,4.898,5.226,5.858,4.74,5.781999999999999,5.69,5.537999999999999,5.575999999999999,4.342,5.3421176470588225
-10,5.376,5.242000000000001,5.058,5.496,5.6659999999999995,5.062,5.81,5.506,4.898,5.268,5.8260000000000005,4.652,5.762,5.778,5.4239999999999995,5.5760000000000005,4.386,5.34035294117647
-9,5.26,5.198,5.058,5.55,5.766,5.104,5.696000000000001,5.566,4.8340000000000005,5.248000000000001,5.856,4.816,5.568,5.774,5.456,5.678,4.394,5.342470588235295
-8,5.068,5.34,5.212,5.55,5.6419999999999995,4.997999999999999,5.572,5.486000000000001,4.8660000000000005,5.152,5.81,4.764,5.376,5.621999999999999,5.535999999999999,5.638,4.52,5.303058823529412
-7,5.066,5.382,5.322,5.43,5.635999999999999,4.908,5.7139999999999995,5.417999999999999,4.934,5.274,5.751999999999999,4.763999999999999,5.305999999999999,5.611999999999999,5.411999999999999,5.541999999999999,4.712,5.304941176470587
-6,5.066,5.3020000000000005,5.331999999999999,5.508000000000001,5.71,4.837999999999999,5.76,5.29,4.942,5.226,5.861999999999999,4.88,5.321999999999999,5.55,5.3020000000000005,5.4719999999999995,4.71,5.29835294117647
-5,5.018,5.142,5.178,5.622000000000001,5.516,4.808,5.8,5.249999999999999,4.837999999999999,5.1739999999999995,5.757999999999999,4.792,5.276,5.587999999999999,5.364000000000001,5.432,4.6659999999999995,5.248352941176471
-4,5.21,5.106,5.29,5.498000000000001,5.394,4.888,5.805999999999999,5.345999999999999,5.0,5.29,5.725999999999999,4.63,5.262,5.621999999999999,5.3020000000000005,5.448,4.72,5.2669411764705885
-3,5.224,5.1739999999999995,5.417999999999999,5.298000000000001,5.518,4.9079999999999995,5.742000000000001,5.376,5.004,5.23,5.747999999999999,4.776,5.098,5.664,5.444,5.558,4.812,5.29364705882353
-2,5.152,5.12,5.548000000000001,5.311999999999999,5.466,5.008,5.732,5.216,4.92,5.314,5.778,4.902,5.114,5.688,5.408,5.484,4.728,5.28764705882353
-1,5.222,5.236000000000001,5.602,5.4,5.476,4.898,5.742000000000001,5.17,5.022,5.191999999999999,5.746,4.9159999999999995,5.1979999999999995,5.675999999999999,5.398000000000001,5.462000000000001,4.67,5.295647058823529
0,5.416,5.2860000000000005,5.63,5.392,5.548000000000001,5.087999999999999,5.842,5.1339999999999995,5.022,5.25,5.672,4.965999999999999,5.3,5.655999999999999,5.44,5.392,4.844,5.3457647058823525
1,5.436,5.364,5.824,5.206,5.602,5.2139999999999995,5.885999999999999,5.012,5.07,5.308,5.602,5.066,5.3,5.85,5.51,5.488,4.914,5.391294117647059
2,5.595999999999999,5.43,5.843999999999999,5.274,5.59,5.146,5.843999999999999,5.07,5.07,5.4879999999999995,5.59,5.062,5.3,5.904,5.596,5.392,4.992,5.422823529411765
3,5.691999999999999,5.284,5.901999999999999,5.4,5.542000000000001,5.156000000000001,5.765999999999999,5.072,5.194,5.374,5.552,4.902,5.3839999999999995,5.814,5.48,5.434,5.032,5.410588235294117
4,5.636,5.428000000000001,5.78,5.376,5.378000000000001,5.35,5.766,5.098,5.185999999999999,5.356,5.622000000000001,4.866,5.32,5.7860000000000005,5.602,5.497999999999999,5.016,5.415529411764706
5,5.684,5.542000000000001,5.754,5.535999999999999,5.558,5.422,5.83,5.121999999999999,5.018,5.4,5.58,4.982,5.236000000000001,5.834,5.724,5.544,4.954,5.454117647058823
6,5.746,5.426,5.661999999999999,5.411999999999999,5.512,5.52,5.901999999999999,5.271999999999999,5.092,5.28,5.5,5.08,5.39,5.802,5.593999999999999,5.539999999999999,4.9559999999999995,5.452117647058823
7,5.62,5.3020000000000005,5.8420000000000005,5.486000000000001,5.544,5.582000000000001,6.03,5.272,5.2379999999999995,5.44,5.614,5.15,5.408,5.843999999999999,5.584,5.3839999999999995,5.102,5.496588235294118
8,5.65,5.32,5.814,5.608,5.434000000000001,5.43,5.986000000000001,5.296,5.235999999999999,5.531999999999999,5.6259999999999994,5.22,5.294,5.957999999999999,5.546,5.538,5.256,5.514352941176471
9,5.782,5.32,5.62,5.564,5.566,5.3660000000000005,5.794,5.262,5.305999999999999,5.4079999999999995,5.604,5.175999999999999,5.398,5.95,5.676,5.565999999999999,5.284,5.508352941176471
10,5.648,5.404,5.648,5.704,5.49,5.38,5.62,5.182,5.335999999999999,5.364,5.41,5.23,5.5120000000000005,6.092,5.601999999999999,5.545999999999999,5.231999999999999,5.4941176470588236
11,5.61,5.55,5.763999999999999,5.763999999999999,5.516,5.327999999999999,5.492000000000001,5.204,5.303999999999999,5.4479999999999995,5.584,5.356,5.4239999999999995,6.245999999999999,5.602,5.611999999999999,5.29,5.534941176470588
12,5.486000000000001,5.58,5.706,5.854,5.644,5.2,5.55,5.14,5.374,5.55,5.596,5.401999999999999,5.398,6.2,5.556,5.678,5.3660000000000005,5.5458823529411765
13,5.37,5.518,5.676,5.882,5.553999999999999,5.13,5.6819999999999995,5.142,5.358,5.676,5.6579999999999995,5.372000000000001,5.4479999999999995,6.032,5.472,5.64,5.49,5.535294117647058
14,5.414,5.52,5.7059999999999995,5.8839999999999995,5.4639999999999995,5.102,5.6659999999999995,5.09,5.32,5.867999999999999,5.62,5.497999999999999,5.459999999999999,6.034,5.534,5.744,5.522,5.55564705882353
15,5.303999999999999,5.451999999999999,5.768,5.946000000000001,5.3020000000000005,5.1419999999999995,5.627999999999999,5.1739999999999995,5.475999999999999,5.7219999999999995,5.612,5.644,5.5920000000000005,6.015999999999999,5.494,5.672,5.438000000000001,5.551882352941176
16,5.276,5.265999999999999,5.787999999999999,5.785999999999999,5.232,5.204,5.58,5.196000000000001,5.369999999999999,5.6739999999999995,5.542000000000001,5.534,5.626,6.167999999999999,5.484,5.7,5.478,5.523764705882352
17,5.244,5.386,5.626,5.701999999999999,5.348,5.204,5.434,5.126,5.352,5.729999999999999,5.4639999999999995,5.417999999999999,5.5760000000000005,6.0520000000000005,5.466,5.726,5.4879999999999995,5.490705882352941
18,5.21,5.252000000000001,5.568,5.822,5.256,5.2,5.606,5.148,5.513999999999999,5.5699999999999985,5.402,5.416,5.434,5.985999999999999,5.506,5.688,5.371999999999999,5.4676470588235295
19,5.262,5.23,5.547999999999999,5.916,5.343999999999999,5.271999999999999,5.806,5.146,5.667999999999999,5.57,5.376,5.537999999999999,5.35,5.957999999999999,5.524,5.888,5.2799999999999985,5.510352941176471
20,5.358,5.25,5.549999999999999,5.928,5.42,5.364,5.908,5.116,5.7059999999999995,5.454,5.384000000000001,5.343999999999999,5.3919999999999995,5.757999999999999,5.422000000000001,5.9879999999999995,5.367999999999999,5.51235294117647
21,5.327999999999999,5.093999999999999,5.468,5.851999999999999,5.442,5.454,5.846,5.1160000000000005,5.559999999999999,5.465999999999999,5.26,5.2,5.546,5.82,5.398,5.918000000000001,5.45,5.483411764705883
22,5.3199999999999985,5.02,5.571999999999999,5.83,5.41,5.268,5.74,5.046,5.7059999999999995,5.481999999999999,5.382000000000001,5.201999999999999,5.555999999999999,5.888,5.37,5.834,5.334,5.468235294117647
23,5.247999999999999,5.148,5.552,5.799999999999999,5.441999999999999,5.255999999999999,5.876,5.02,5.899999999999999,5.398,5.343999999999999,5.348,5.442,5.802,5.395999999999999,5.784000000000001,5.232,5.469882352941177
24,5.278,5.231999999999999,5.3839999999999995,5.759999999999999,5.38,5.224,5.798000000000001,5.022,5.898,5.494,5.327999999999999,5.492000000000001,5.308000000000001,5.718,5.334,5.6739999999999995,5.106,5.437058823529412
25,5.303999999999999,5.06,5.428,5.64,5.314,5.404,5.701999999999999,5.17,5.92,5.584,5.398,5.346,5.242000000000001,5.57,5.364,5.5680000000000005,4.962,5.4103529411764715
26,5.417999999999999,5.047999999999999,5.59,5.8260000000000005,5.151999999999999,5.376,5.808,5.291999999999999,5.848000000000001,5.552,5.441999999999999,5.29,5.246,5.592,5.334,5.611999999999999,5.024,5.438235294117646
27,5.592,5.048,5.68,5.858,5.14,5.266,5.772,5.374,5.84,5.545999999999999,5.379999999999999,5.298000000000001,5.246,5.784,5.22,5.728,5.112,5.463764705882352
28,5.417999999999999,5.092,5.766,5.77,4.968,5.231999999999999,5.888000000000001,5.398,5.814,5.724,5.388000000000001,5.234000000000001,5.156000000000001,5.752000000000001,5.1979999999999995,5.822,5.184,5.4590588235294115
29,5.342,5.124,5.604,5.66,5.114000000000001,5.24,5.855999999999999,5.361999999999999,5.922000000000001,5.77,5.343999999999999,5.336,5.151999999999999,5.794,5.314,5.97,5.1979999999999995,5.476588235294117
30,5.224,5.102,5.537999999999999,5.468000000000001,5.206,5.188,5.902,5.297999999999999,5.815999999999999,5.784,5.388,5.367999999999999,5.108,5.818,5.394,5.97,5.109999999999999,5.451882352941176
31,5.262,5.018,5.54,5.457999999999999,5.284,5.258000000000001,5.861999999999999,5.33,5.797999999999999,5.894,5.266,5.34,5.11,5.794,5.28,5.82,5.04,5.4325882352941175
32,5.285999999999999,4.992,5.704,5.546,5.374,5.3420000000000005,5.867999999999999,5.272,5.991999999999999,5.772,5.266,5.454000000000001,5.19,5.66,5.311999999999999,5.766,4.98,5.457411764705883
33,5.254000000000001,5.013999999999999,5.818,5.617999999999999,5.5360000000000005,5.298000000000001,5.936,5.334,5.992000000000001,5.64,5.266,5.405999999999999,5.21,5.6,5.3260000000000005,5.812,4.878,5.466941176470589
34,5.1080000000000005,5.11,5.808,5.507999999999999,5.59,5.328,5.908,5.35,5.992000000000001,5.704,5.311999999999999,5.38,5.1979999999999995,5.749999999999999,5.306,5.797999999999999,4.916,5.474470588235294
35,5.281999999999999,5.1419999999999995,5.805999999999999,5.667999999999999,5.59,5.274,5.836,5.238,5.974,5.8260000000000005,5.21,5.256,5.154,5.712,5.318,5.803999999999999,4.716,5.459176470588235
36,5.224,5.2,5.772,5.678000000000001,5.51,5.127999999999999,5.816,5.308,5.843999999999999,5.825999999999999,5.1419999999999995,5.45,5.236000000000001,5.716,5.247999999999999,5.867999999999999,4.616,5.446000000000001
37,5.127999999999999,5.259999999999999,5.781999999999999,5.629999999999999,5.4639999999999995,5.322,5.738,5.31,5.865999999999999,5.787999999999999,5.1739999999999995,5.572,5.362,5.672000000000001,5.327999999999999,5.771999999999999,4.616,5.4578823529411755
38,5.1160000000000005,5.184,5.935999999999999,5.644,5.454,5.516,5.575999999999999,5.281999999999999,6.065999999999999,5.917999999999999,5.24,5.52,5.416,5.57,5.204,5.64,4.76,5.473058823529412
39,5.314,5.112,5.945999999999999,5.744,5.394000000000001,5.608,5.5760000000000005,5.311999999999999,6.024,5.843999999999999,5.1739999999999995,5.59,5.372000000000001,5.595999999999999,5.256,5.632000000000001,4.904,5.494
40,5.504,5.124,6.03,5.587999999999999,5.32,5.678,5.72,5.434,5.864,5.892,5.2139999999999995,5.696000000000001,5.3260000000000005,5.587999999999999,5.406000000000001,5.593999999999999,4.822,5.51764705882353
41,5.63,5.144,6.004,5.434,5.367999999999999,5.757999999999999,5.802,5.332000000000001,5.92,5.935999999999999,5.26,5.545999999999999,5.3660000000000005,5.516,5.385999999999999,5.578,4.782,5.515411764705881
42,5.755999999999999,5.114,5.8420000000000005,5.405999999999999,5.542000000000001,5.82,5.928,5.441999999999999,5.994,5.999999999999999,5.332000000000001,5.575999999999999,5.496,5.587999999999999,5.348,5.71,4.827999999999999,5.571882352941176
43,5.716,5.052,5.751999999999999,5.4639999999999995,5.42,5.83,5.84,5.331999999999999,5.794,5.95,5.348,5.491999999999999,5.6240000000000006,5.628000000000001,5.494,5.72,4.834,5.5464705882352945
44,5.69,5.1659999999999995,5.61,5.462000000000001,5.474,5.87,5.794,5.3839999999999995,5.864,5.984,5.263999999999999,5.53,5.562,5.54,5.524000000000001,5.676,4.936,5.548823529411766
45,5.68,5.271999999999999,5.706,5.516,5.598,5.84,5.803999999999999,5.311999999999999,5.991999999999999,5.995999999999999,5.376,5.636,5.417999999999999,5.608,5.526,5.747999999999999,4.834,5.580117647058823
46,5.6160000000000005,5.148,5.6979999999999995,5.587999999999999,5.558,5.832000000000001,5.848000000000001,5.2860000000000005,5.837999999999999,5.865999999999999,5.492000000000001,5.636,5.564,5.553999999999999,5.49,5.7379999999999995,4.6339999999999995,5.552117647058824
47,5.646,4.994,5.661999999999999,5.782,5.537999999999999,5.836,5.831999999999999,5.278,5.901999999999999,5.734,5.45,5.593999999999999,5.72,5.534,5.49,5.744,4.512,5.544
48,5.519999999999999,5.005999999999999,5.685999999999999,5.83,5.56,5.916,5.755999999999999,5.358,5.799999999999999,5.712,5.44,5.57,5.747999999999999,5.555999999999999,5.49,5.744000000000001,4.6259999999999994,5.548117647058824
49,5.358,4.9079999999999995,5.6419999999999995,5.896,5.516,5.901999999999999,5.6659999999999995,5.37,5.729999999999999,5.898,5.59,5.486000000000001,5.65,5.566,5.478,5.691999999999999,4.666,5.530235294117646
50,5.28,4.934,5.561999999999999,5.985999999999999,5.4,5.712000000000001,5.617999999999999,5.372000000000001,5.664,5.848,5.682,5.414,5.476,5.476,5.398000000000001,5.802,4.532,5.479764705882353
51,5.21,4.864000000000001,5.481999999999999,6.044,5.462,5.71,5.646,5.49,5.6160000000000005,5.686,5.571999999999999,5.42,5.476,5.405999999999999,5.288,5.76,4.37,5.441294117647059
52,5.12,4.672,5.402,5.982,5.494,5.7,5.635999999999999,5.445999999999999,5.6160000000000005,5.532,5.648,5.465999999999999,5.524,5.45,5.144,5.851999999999999,4.3,5.410823529411765
53,5.05,4.672,5.3420000000000005,6.047999999999999,5.518,5.575999999999999,5.624,5.324,5.564,5.724,5.602,5.497999999999999,5.614,5.5120000000000005,5.146,5.86,4.428,5.4177647058823535
54,5.05,4.72,5.491999999999999,6.098,5.644,5.528,5.664,5.239999999999998,5.648,5.694,5.629999999999999,5.541999999999999,5.497999999999999,5.386,5.098,5.846,4.369999999999999,5.420470588235294
55,4.856,4.702,5.494,6.026,5.534,5.612,5.593999999999999,5.23,5.739999999999998,5.636,5.53,5.51,5.589999999999999,5.192,5.098,5.736000000000001,4.3580000000000005,5.378705882352941
56,4.712,4.806,5.506,6.058000000000001,5.5520000000000005,5.452000000000001,5.451999999999999,5.184,5.596,5.763999999999999,5.53,5.38,5.521999999999999,5.386,5.292000000000001,5.768000000000001,4.486000000000001,5.379176470588236
57,4.814,4.92,5.314000000000001,6.016,5.604000000000001,5.371999999999999,5.496,5.138,5.45,5.636,5.58,5.308,5.507999999999999,5.396,5.302,5.924000000000001,4.4959999999999996,5.369058823529411
58,4.75,4.912,5.314,5.916,5.684,5.456,5.394,5.12,5.644,5.5120000000000005,5.692,5.26,5.6,5.308000000000001,5.275999999999999,5.86,4.534000000000001,5.3665882352941185
59,4.795999999999999,4.914000000000001,5.508000000000001,6.0,5.6160000000000005,5.334,5.516,5.1339999999999995,5.644,5.614,5.759999999999999,5.25,5.556,5.224,5.257999999999999,5.806,4.404,5.372588235294118
60,4.994,4.888,5.5280000000000005,5.956,5.648000000000001,5.409999999999999,5.716,5.154,5.497999999999999,5.672,5.774,5.124,5.545999999999999,5.196000000000001,5.29,5.68,4.4559999999999995,5.384117647058823
61,5.064,4.8260000000000005,5.606,5.876,5.52,5.507999999999999,5.715999999999999,5.132,5.644,5.64,5.704,5.172000000000001,5.667999999999999,5.13,5.156000000000001,5.724,4.5,5.387411764705882
62,5.206,4.896,5.47,5.806,5.537999999999999,5.608,5.6579999999999995,5.176,5.7,5.537999999999999,5.7219999999999995,5.18,5.694,5.088,5.144,5.678,4.428,5.384117647058823
63,5.316,5.056,5.356,5.752000000000001,5.627999999999999,5.69,5.642,5.2,5.61,5.412000000000001,5.56,5.136,5.632000000000001,5.069999999999999,5.1,5.553999999999999,4.45,5.362588235294118
64,5.3580000000000005,5.098,5.47,5.624,5.596,5.6739999999999995,5.628000000000001,5.314,5.585999999999999,5.22,5.62,5.007999999999999,5.722,5.14,4.998,5.474,4.42,5.3500000000000005
65,5.5120000000000005,4.974,5.47,5.524,5.763999999999999,5.63,5.574,5.2219999999999995,5.63,5.3660000000000005,5.728,4.864000000000001,5.651999999999999,5.198,5.127999999999999,5.59,4.382,5.365176470588235
66,5.555999999999999,5.084,5.356,5.524,5.776,5.652,5.512,5.112,5.763999999999999,5.348,5.6419999999999995,4.882,5.694,5.13,5.138000000000001,5.47,4.31,5.35
67,5.434,5.042,5.457999999999999,5.4479999999999995,5.763999999999999,5.652,5.6419999999999995,5.11,5.81,5.26,5.5280000000000005,4.965999999999999,5.584,5.184,5.138,5.501999999999999,4.289999999999999,5.341882352941176
68,5.34,5.088,5.56,5.34,5.848,5.571999999999999,5.57,5.096,5.816,5.352,5.541999999999999,4.932,5.676,5.14,5.202000000000001,5.496,4.356,5.348588235294118
69,5.358,5.076,5.508000000000001,5.247999999999999,5.818,5.584,5.402,5.194,5.724,5.29,5.558,4.894,5.672000000000001,5.118,5.124,5.38,4.49,5.3198823529411765
70,5.215999999999999,5.032,5.502000000000001,5.28,5.69,5.614,5.4159999999999995,5.365999999999999,5.53,5.468000000000001,5.4559999999999995,5.087999999999999,5.538,5.132000000000001,5.124,5.38,4.556,5.316941176470588
71,5.245999999999999,5.1160000000000005,5.506,5.35,5.766,5.422,5.506,5.364,5.602,5.46,5.4559999999999995,5.28,5.475999999999999,5.0520000000000005,5.194,5.4719999999999995,4.556,5.342588235294118
72,5.2139999999999995,5.1739999999999995,5.53,5.441999999999999,5.902,5.602,5.537999999999999,5.456,5.586,5.36,5.364,5.4719999999999995,5.446000000000001,4.982,5.066,5.37,4.556,5.356470588235293
73,5.1819999999999995,5.176,5.572,5.596,5.934,5.624,5.531999999999999,5.3660000000000005,5.476,5.466,5.408,5.5,5.56,5.093999999999999,4.912,5.42,4.7,5.383411764705882
74,5.16,5.186,5.542000000000001,5.722,5.864,5.584,5.571999999999999,5.3839999999999995,5.622000000000001,5.532,5.402,5.504,5.659999999999999,5.196000000000001,4.874,5.335999999999999,4.8919999999999995,5.413647058823529
75,5.232,5.297999999999999,5.428,5.814,5.896,5.43,5.686,5.266,5.604,5.337999999999999,5.3020000000000005,5.654,5.608,5.31,4.965999999999999,5.398,5.064,5.429058823529412
76,5.228,5.4,5.35,5.627999999999999,5.965999999999999,5.416,5.571999999999999,5.287999999999999,5.579999999999999,5.39,5.25,5.706,5.581999999999999,5.236000000000001,5.114,5.386,4.9319999999999995,5.413176470588235
77,5.158,5.404,5.28,5.6659999999999995,6.158,5.532,5.52,5.398000000000001,5.57,5.46,5.272,5.584,5.4639999999999995,5.114000000000001,5.1979999999999995,5.346,4.908,5.41364705882353
78,5.218000000000001,5.434,5.218,5.8,6.35,5.562,5.404,5.272,5.712,5.34,5.244,5.556,5.6160000000000005,5.23,5.156000000000001,5.291999999999999,4.9319999999999995,5.431529411764706
79,5.218,5.434,5.31,5.831999999999999,6.204,5.439999999999999,5.456,5.232,5.6659999999999995,5.19,5.274,5.492000000000001,5.581999999999999,5.188,5.12,5.335999999999999,4.944,5.406941176470588
80,5.276,5.436,5.33,5.957999999999999,6.1339999999999995,5.4,5.365999999999999,5.186,5.6259999999999994,5.042,5.35,5.592,5.539999999999999,5.188,5.032,5.367999999999999,4.948,5.39835294117647
81,5.184,5.4239999999999995,5.331999999999999,5.94,6.14,5.444,5.38,5.184,5.672,5.064,5.372000000000001,5.645999999999999,5.538,5.212000000000001,5.092,5.4079999999999995,5.018,5.4147058823529415
82,5.15,5.466,5.314,5.9159999999999995,6.058000000000001,5.501999999999999,5.316,5.276,5.593999999999999,5.19,5.291999999999999,5.654,5.485999999999999,5.192,5.11,5.4639999999999995,4.904,5.4049411764705875
83,5.13,5.534,5.2,5.8260000000000005,5.979999999999999,5.441999999999999,5.1160000000000005,5.207999999999999,5.6579999999999995,5.23,5.2219999999999995,5.6419999999999995,5.5299999999999985,5.162000000000001,5.146,5.479999999999999,5.013999999999999,5.383529411764705
84,5.242000000000001,5.377999999999999,5.26,5.986000000000001,5.948,5.32,5.1160000000000005,5.254,5.4719999999999995,5.191999999999999,5.15,5.622000000000001,5.5280000000000005,5.144,5.136,5.432,4.854,5.3549411764705885
85,5.198,5.368,5.296,5.812,5.8180000000000005,5.22,5.232,5.268,5.422,5.192,5.136,5.75,5.44,5.2139999999999995,5.154,5.3260000000000005,4.978,5.342588235294118
86,5.34,5.432,5.287999999999999,5.762,5.706,5.343999999999999,5.161999999999999,5.257999999999999,5.524,4.998,5.012,5.684,5.547999999999999,5.224,5.263999999999999,5.354,5.048,5.349882352941177
87,5.382,5.3,5.192,5.846,5.604,5.265999999999999,5.182,5.305999999999999,5.432,4.988,5.042,5.594000000000001,5.462,5.302,5.104,5.376,5.24,5.330470588235293
88,5.3020000000000005,5.406000000000001,5.14,5.79,5.611999999999999,5.207999999999999,5.35,5.388000000000001,5.272,5.013999999999999,4.978,5.6160000000000005,5.4719999999999995,5.354,5.278,5.4,5.287999999999999,5.345176470588235
89,5.142,5.5680000000000005,5.1739999999999995,5.667999999999999,5.679999999999999,5.13,5.275999999999999,5.336,5.331999999999999,5.072,5.005999999999999,5.617999999999999,5.515999999999999,5.238,5.327999999999999,5.46,5.2139999999999995,5.338705882352941
90,5.106,5.444,5.196000000000001,5.791999999999999,5.686,5.072,5.324000000000001,5.298000000000001,5.491999999999999,4.949999999999999,5.112,5.555999999999999,5.46,5.176,5.377999999999999,5.53,5.3420000000000005,5.347882352941177
91,5.1739999999999995,5.295999999999999,5.094,5.803999999999999,5.5760000000000005,5.028,5.385999999999999,5.354,5.496,4.894,5.004,5.6979999999999995,5.42,5.2379999999999995,5.324,5.484,5.426,5.335058823529412
92,5.12,5.172000000000001,5.236000000000001,5.876,5.5299999999999985,4.958,5.2620000000000005,5.346,5.444,4.99,4.898,5.702000000000001,5.434,5.126,5.361999999999999,5.4559999999999995,5.254,5.303882352941177
93,5.236000000000001,5.09,5.146,5.94,5.604,4.949999999999999,5.176,5.456,5.568,5.078,4.93,5.67,5.449999999999999,5.196000000000001,5.41,5.356,5.2,5.320941176470589
94,5.2860000000000005,4.946000000000001,5.296,5.894,5.406000000000001,4.95,5.072,5.332000000000001,5.476,4.928,5.016,5.56,5.398,5.376,5.45,5.41,5.292000000000001,5.299294117647059
95,5.364,4.802,5.2860000000000005,5.695999999999999,5.282,4.957999999999999,5.082,5.526,5.348,4.95,5.096,5.515999999999999,5.5120000000000005,5.184,5.546,5.41,5.364,5.289529411764706
96,5.43,4.772,5.338000000000001,5.626,5.25,4.986,5.038,5.507999999999999,5.379999999999999,5.144,4.994,5.614,5.558,5.146,5.5760000000000005,5.306,5.494,5.303529411764706
97,5.284,4.856,5.39,5.434,5.148,4.9879999999999995,5.056,5.486000000000001,5.303999999999999,5.216,4.994,5.666,5.441999999999999,5.0120000000000005,5.42,5.207999999999999,5.575999999999999,5.263529411764705
