,TSS_1::Pseudomonas_phage_phiKZ:1,TSS_2::Pseudomonas_phage_phiKZ:1,TSS_3::Pseudomonas_phage_phiKZ:1,TSS_4::Pseudomonas_phage_phiKZ:1,TSS_5::Pseudomonas_phage_phiKZ:1,TSS_6::Pseudomonas_phage_phiKZ:8,TSS_7::Pseudomonas_phage_phiKZ:8,TSS_8::Pseudomonas_phage_phiKZ:1,TSS_9::Pseudomonas_phage_phiKZ:1,TSS_10::Pseudomonas_phage_phiKZ:,TSS_11::Pseudomonas_phage_phiKZ:,TSS_12::Pseudomonas_phage_phiKZ:,TSS_13::Pseudomonas_phage_phiKZ:,TSS_14::Pseudomonas_phage_phiKZ:,TSS_15::Pseudomonas_phage_phiKZ:,TSS_16::Pseudomonas_phage_phiKZ:,TSS_17::Pseudomonas_phage_phiKZ:,mean
-100,,,,,,,,,,,,,,,,,,
-99,,,,,,,,,,,,,,,,,,
-98,,,,,,,,,,,,,,,,,,
-97,,,,,,,,,,,,,,,,,,
-96,,,,,,,,,,,,,,,,,,
-95,,,,,,,,,,,,,,,,,,
-94,,,,,,,,,,,,,,,,,,
-93,,,,,,,,,,,,,,,,,,
-92,,,,,,,,,,,,,,,,,,
-91,,,,,,,,,,,,,,,,,,
-90,,,,,,,,,,,,,,,,,,
-89,,,,,,,,,,,,,,,,,,
-88,,,,,,,,,,,,,,,,,,
-87,,,,,,,,,,,,,,,,,,
-86,,,,,,,,,,,,,,,,,,
-85,,,,,,,,,,,,,,,,,,
-84,,,,,,,,,,,,,,,,,,
-83,,,,,,,,,,,,,,,,,,
-82,,,,,,,,,,,,,,,,,,
-81,0.17582528378026954,0.15055903062130188,0.05369412462772395,0.03735182944757741,0.07214915914419598,0.1166307699702809,0.07266135217812188,0.05686027078357462,0.1745431908277566,0.04066324493874546,0.06339443825530151,0.06523385849790363,0.04516698818781879,0.12797785683223875,0.16541184873853668,0.08539186713125767,0.023873059850518914,0.0898463631654779
-80,0.1839925019212235,0.1626995148218481,0.058549416316939926,0.04386475862581412,0.0772887285294463,0.12504918255912162,0.07967079606440912,0.06481632631476045,0.1960435273310647,0.048340483149583856,0.07096728646160973,0.07278150393298434,0.05228529544891103,0.14050873775551959,0.18702771978662958,0.09636546588034235,0.024833246721969345,0.09912261715424575
-79,0.19148340694609306,0.17637499668403625,0.06389093535090426,0.049708485823060075,0.08223741564006506,0.13418393093249154,0.08452033339039405,0.07297510182533244,0.21600266528816908,0.056209289174950175,0.07777346208904704,0.07991887514587713,0.058887743278779194,0.15360224501980124,0.20734251057875341,0.10766519910190328,0.025370694074849914,0.10812631119673571
-78,0.19780151086435308,0.19097794716072267,0.06924819327123188,0.05503687108661679,0.08589235108812666,0.14328667754975066,0.08781973960411071,0.08223623596869083,0.23451689637262887,0.06503511520948398,0.08498930738971319,0.08616538282240367,0.0652538554082718,0.16486527544140533,0.22496957426534064,0.11876806501023829,0.02651032983259179,0.11666901931445182
-77,0.2024394221078511,0.20599748592456857,0.07448591499334331,0.06095460760006105,0.08814265224395128,0.15194920771365195,0.0906379635976618,0.09254603893609456,0.2506206315102717,0.07363054949672324,0.09187732549021815,0.09215789911364616,0.07210779846588726,0.1741549022936641,0.23897356829849806,0.12996933657681367,0.029913184308338142,0.12473873462772023
-76,0.20763735583987614,0.22162025751713563,0.07939770069426508,0.06792346889276817,0.08982509927472962,0.16216187019225,0.0936239175131003,0.10468189895712168,0.2652075355779845,0.08220994694752039,0.09782277943496552,0.096621158497918,0.07954021743367765,0.1818932189730954,0.25054156225978075,0.14185354081493853,0.035778234639888835,0.13284351549770682
-75,0.2133750651472602,0.2383792656868097,0.08452641465324542,0.0744830963320866,0.09136465780871683,0.17549153759028638,0.09738371136967454,0.1179009965233214,0.278535705109083,0.09016151247652403,0.10227874122224734,0.09972408299515367,0.08548840541498579,0.1885117957172534,0.26157029508784174,0.15376313589724225,0.042206825062352835,0.14089089671141675
-74,0.220544365862917,0.25451682310991924,0.09045003585091436,0.08100756949530533,0.09285118673568034,0.19087698445052587,0.10182959932879898,0.13300759618609512,0.2907379588146989,0.09809010420096394,0.10612839848477248,0.10223095919573741,0.08935961364506104,0.19440562672466186,0.27311706610028424,0.16584704501187636,0.05085615352784525,0.1491680639250622
-73,0.22988593739351249,0.26998326975202386,0.09731099534349669,0.0875473520079243,0.09476338806420039,0.2088532752004432,0.10523183670512862,0.1480204406376767,0.30377196121064765,0.10572501200667199,0.10939693329668347,0.10489454923141261,0.09218367145833979,0.19753133574871543,0.2854572985077308,0.17801123689392112,0.06215513126063521,0.15768962498348024
-72,0.24074006194822176,0.28350103394594917,0.10461516943207053,0.0935454211280167,0.09659009010608244,0.22881013677557188,0.10875395840617927,0.1633952217741502,0.31699296857847215,0.11253353664202999,0.11467690153271862,0.10720954519785494,0.09470325542381633,0.19966264154870866,0.2984880407030257,0.19016908745467356,0.07445091219084637,0.16640223428166992
-71,0.2530970932300389,0.29527596631713016,0.11222691939176155,0.09780737038240035,0.09850092770669669,0.2507665892436978,0.11190109267675437,0.17792836486206828,0.3297757091523696,0.11925197404030537,0.12149456586536822,0.10866452201567703,0.09800074324423998,0.20145107091621478,0.30990860903613393,0.2012180551881893,0.08830242488292997,0.17503364695011625
-70,0.24299304315449058,0.29530819273835346,0.1098959277712672,0.09953691060484801,0.08987288712874741,0.2596465647155356,0.1041322153558496,0.19082220744708717,0.3294183054353582,0.1240709579060987,0.11774417158339712,0.10399974474130524,0.0954430513268262,0.1934474389584865,0.3136789261386269,0.20346074228562996,0.09942931280103791,0.17487650588782033
-69,0.23598329031757523,0.29106007524481164,0.10970916863642843,0.1004149938197653,0.08109930558201203,0.2673212144601722,0.09847819445966968,0.20099988501723903,0.32728813611655416,0.12830771675257135,0.1200561950862435,0.1001510087473925,0.09631115877004424,0.18659791610075852,0.32068581710701655,0.20616011582958213,0.11131422701934923,0.17540814229806975
-68,0.23015960368681948,0.28447212300915803,0.11222169905294463,0.101869699124389,0.07328661224087743,0.2742909865512021,0.09630519183990235,0.20983908280365254,0.32206716409250613,0.1306651747239452,0.12797506969004385,0.09852498039507239,0.09792155022784053,0.17812206822718105,0.3272246421176864,0.20649049101547517,0.12524250417315955,0.17627521429246212
-67,0.22510335148371702,0.27599423103893694,0.11634346872327175,0.10116874458042398,0.0666216851792126,0.28049598755485516,0.09731154140007661,0.21784937135957452,0.3140926380004061,0.1340158138952401,0.14053936017097282,0.09742269839366165,0.10031089266547029,0.16835527572445444,0.3310307988155783,0.20671265457018265,0.13922205732110515,0.1772112100515965
-66,0.22248640726769411,0.2655260264006993,0.12256030470156849,0.09800637038686236,0.06052199498396654,0.285157696998231,0.09987066507342887,0.22265705173836864,0.3049800330487846,0.13933465295584452,0.15596544154805947,0.0948260413390638,0.10471450244773614,0.15867206196660733,0.329185616383884,0.20707222395777247,0.15523160748425907,0.17804521756957825
-65,0.22123622255407546,0.25302907583680423,0.1301253966948638,0.09582358332836052,0.05464891377777762,0.28693866374738913,0.1037087792303274,0.2265290223812375,0.29278201561791695,0.1439151175471934,0.170624049097359,0.09031355627389427,0.11104989653696136,0.1498052764710373,0.3217100176012394,0.20796982539658426,0.17378060163459183,0.1784700008075067
-64,0.22087767504242475,0.23789247458493837,0.13785989537549637,0.09500375666999629,0.05118708137750692,0.28560244237553095,0.10691207303498211,0.22970396374825378,0.2775910591036748,0.14734698809318045,0.18230890717916082,0.08441511136461559,0.11528195891131343,0.141904837243032,0.3112586338230447,0.20966562843052378,0.19265590171536115,0.17808637576900216
-63,0.22278686172794054,0.22120059537833484,0.14586780594651977,0.09467192501290304,0.052402676180506924,0.2810154626529944,0.11123966816968629,0.2338968066967757,0.26213716228570155,0.14925171416294494,0.18876337600407794,0.0792868126429283,0.1184868287382989,0.13315902056221668,0.29828284072632494,0.21124456537797034,0.21223489020445774,0.17740758896885783
-62,0.22494660891824142,0.2071912440898125,0.15222262788659985,0.09355096008652729,0.056817733302084075,0.275313746935728,0.11560665037239828,0.23729420340414004,0.2461475939058002,0.14862999798764978,0.1928261992458044,0.07515332998148264,0.12128365737105473,0.12574202320529854,0.2819527191511097,0.21347079251696668,0.23331611573564212,0.17655683553507884
-61,0.22601609371317394,0.1970971181859163,0.15737144628831135,0.09089832222991748,0.062196747959839774,0.26928578898271205,0.1213422488209301,0.23954055740231212,0.2303770569188719,0.14688983614807577,0.19536115690454187,0.0716604159614648,0.12439274580620996,0.12032982327972078,0.2653231554482289,0.21545378853108113,0.2544815056412297,0.17576575342485518
-60,0.22628724911097234,0.18990799907341116,0.16115805089105095,0.08678565206176608,0.0702117908810116,0.2643980317930053,0.12874704643662294,0.2396110123549569,0.21575426510102452,0.14430194639123464,0.19708730209871073,0.06993119797545987,0.12674413516621635,0.11689592007158481,0.2484416957556363,0.21757022254169117,0.27703379694980707,0.17534513615612718
-59,0.22585587065354823,0.1814557404891207,0.16445132284334182,0.08314065193472284,0.08201534491197304,0.25909377679175155,0.13809208176270757,0.23800470111174832,0.2047792969431097,0.14091934501732212,0.19899851061979562,0.07092464168230908,0.12845163796014783,0.1124708201586592,0.2319605694079021,0.21833947829562006,0.300156154089965,0.17524176145139675
-58,0.22634953821910364,0.17305595072714672,0.1673948857039592,0.08124533249559399,0.09615991463313481,0.25431337136078824,0.1487834042891892,0.2335950212303189,0.1974323568230891,0.13713843251779892,0.2002320681870414,0.07554132009738457,0.12969527257367391,0.10915742391588834,0.2195722063895956,0.21611136704216016,0.32220099049198375,0.17576346215869706
-57,0.22975598262432517,0.164791852890333,0.1712715115951352,0.08010416843536036,0.11140859595468917,0.24842296865504446,0.15918925558322883,0.22640871690035486,0.19400683059358664,0.13331861981434784,0.20217477814533705,0.08224208270241083,0.1301793923140754,0.10718075496232149,0.21244856728142597,0.21137594227441445,0.3413956781278716,0.17680445287378013
-56,0.23268251108453847,0.1560480190151508,0.17560588844280875,0.08062012311826551,0.12660209242749518,0.23997838235649355,0.16785060747251013,0.2189328760512635,0.19296816101302108,0.1286952163335103,0.20470795140173625,0.09196104762133303,0.1294448131610328,0.10403679336681995,0.2089189952934012,0.2033943886609877,0.3564086039810194,0.17757979240008162
-55,0.2369416207876418,0.14614310529257965,0.180976053325582,0.08595660480071861,0.14044837589481124,0.22800438387333447,0.17361828455061754,0.21142285458176874,0.19275349957134386,0.12422902333809316,0.20862326093283698,0.10222845287433653,0.12858058850103382,0.1003815093291193,0.20694125951622439,0.19400335479255415,0.36860471245969034,0.17822687908366389
-54,0.24044215342864755,0.13553940109835555,0.18669290945983258,0.09555697426256043,0.1524297445914507,0.214169293322002,0.17751104230561685,0.2030144618486826,0.19323791105730065,0.1198268743272494,0.21348410018469094,0.11305340628487066,0.1300968061877007,0.09797956242211163,0.20564335773736456,0.1848218804140912,0.37500581813798184,0.17873562923944175
-53,0.24267341423774114,0.1231234991825837,0.19310815869292347,0.10775274648299418,0.16148594095104865,0.19910877575436048,0.1806568776425975,0.19527921617925437,0.1926890384373917,0.11584224104703919,0.2193233708163808,0.12388499271560915,0.1317849950069431,0.09732156423040275,0.20319739222418423,0.17636018938308792,0.3752086314102017,0.17875300261145552
-52,0.24372116893280213,0.11227991871603597,0.20031320844360834,0.12243316104903737,0.1684948125847308,0.18352134399963232,0.18303122273646374,0.187277996759511,0.19108264047302592,0.11402335408213889,0.22285055790781677,0.13616270395842953,0.1332866070549709,0.09676244588698893,0.19954854287564788,0.1689811574509496,0.37260800116834303,0.17861052024000781
-51,0.24302407628660366,0.10482113290369469,0.20622703497174638,0.14061530049452045,0.17486474449096323,0.16794789722121536,0.18294268335733765,0.17873940598931884,0.18949919744367522,0.1124772834067614,0.22620764582781483,0.1509652009386947,0.13280295817411808,0.09644016038926437,0.1965451027302821,0.1624789153665283,0.36659869828398095,0.17842337872214825
-50,0.24016684671250813,0.1005100919529293,0.20958979672672745,0.15900195184138985,0.1812009469820932,0.15313730740509446,0.18199374498067358,0.16876825989161454,0.18899460106806806,0.11099622084350791,0.22987060098910866,0.1656423187794741,0.13139929802925887,0.09499516271162332,0.19270563387496212,0.15727148475079084,0.3563508274660589,0.17779971147093432
-49,0.2337869751189956,0.09999108712190621,0.2094550746497632,0.18048671888576703,0.1855812879830508,0.13955820392733814,0.18288910191430857,0.15955099773493087,0.1894445888929368,0.1098563253402675,0.2322523939939436,0.18229800099333662,0.12788307105527125,0.09453720289405244,0.18683455307017138,0.15234550899505372,0.34281114533625584,0.17703307281807937
-48,0.22547140823228112,0.10286449503802156,0.2068973521959437,0.20200028913425888,0.18956811210611055,0.12616115175591977,0.1832879512336047,0.15035035204234456,0.19190508795888844,0.10968201766818371,0.23359850958996042,0.2004008007587687,0.12539298087555006,0.09615048631836459,0.17846988172937844,0.15056768585798266,0.32803807405252494,0.1765180374440051
-47,0.21616357637450329,0.10799006710552916,0.20237009956872215,0.22409101267327247,0.1933188882623301,0.11484267037425233,0.1842088404748869,0.1413532217383366,0.19493252872857433,0.1096877304773221,0.23288701624580188,0.21846221432023022,0.12412457827458982,0.09682647056016684,0.16701118929897418,0.1507607674863588,0.3140915616346575,0.17606602550579462
-46,0.20656043527949763,0.11405341571997255,0.1959405600928589,0.24488634974083875,0.19700726481299136,0.10625586918097221,0.18567726939573972,0.13412427731228843,0.19798320573740186,0.10997691705945171,0.2307334774424116,0.23719088928570825,0.12378670168148938,0.09902639086755062,0.15614259027602148,0.15150827919155435,0.29911549806820414,0.17588055242029135
-45,0.19785233407082375,0.12040459510074589,0.1884100803800908,0.26200196607204734,0.20097507455226218,0.10063925292770201,0.18601799014488649,0.1290084177590126,0.20085270393264612,0.1109884455218598,0.22737810693438285,0.2579864660081618,0.12322448649042761,0.10120628844233119,0.14808121654371967,0.1518623623657058,0.2843483831345299,0.17595518649301975
-44,0.19061797343532388,0.12567457338227278,0.1816739645489202,0.27520787562996396,0.20463896198230333,0.09760395552432774,0.1855067642618649,0.1252702008795179,0.2025209804590033,0.11360878406228328,0.2234101384035684,0.28032518619531416,0.12413187775318266,0.1023781907656777,0.14231822946762934,0.15060850777416165,0.2688038748794631,0.17613529643557518
-43,0.18355803652501848,0.12958180682687043,0.17928032238806038,0.28500460379763964,0.20651284384794694,0.09503959095145215,0.18515380647124885,0.12129273489686516,0.20186577746402729,0.11778692388599143,0.22092258833255501,0.30182320327020606,0.12344432142090414,0.1035923209719222,0.14151925484732963,0.14851026457483268,0.25221568609511397,0.17630024038635203
-42,0.179880455793311,0.13010994907646412,0.17874425589989798,0.29308160538844236,0.20644718084697278,0.09464092516533104,0.1842981644702056,0.11833907175951323,0.19842810711915937,0.12403904753610095,0.2208201170493264,0.32161423460955463,0.1221054154821813,0.10405093683899036,0.1448365489254186,0.14625204447910117,0.23593343163831926,0.1766836171810759
-41,0.1788119049929851,0.12742171948463205,0.179200466356205,0.2999673533684679,0.20352646000832975,0.0952542579529552,0.18116044205400408,0.11441084128787651,0.19378341082442596,0.13189098750425385,0.22183255192119128,0.33782993624383995,0.11947779742068668,0.10369187500789193,0.14961330705572515,0.1425048379611961,0.2196904477947455,0.17647462336702424
-40,0.18009969364453232,0.12386089161158835,0.18043254104237763,0.306826632644603,0.19646469049533216,0.09563600545344864,0.17755939537769605,0.11142736769648298,0.18983177658277745,0.14242352709336523,0.22291426221925867,0.34990049932800654,0.11660802628035909,0.1025716381208476,0.15928236026361958,0.13854880116945334,0.20395921125285993,0.17637337178097698
-39,0.1836128567310325,0.1224744132999882,0.18225453435382308,0.31090948317083883,0.18611838474681286,0.0956831525166938,0.1741710818099729,0.10915746104179039,0.18490895977933097,0.15620897707234835,0.22372813644153983,0.35644329341469344,0.11409207520315112,0.100258028193036,0.16979812825768065,0.13528399548021916,0.19202341406284273,0.17630155150445853
-38,0.18851650166800651,0.1226235680654757,0.18497808530529009,0.3120455405791993,0.1737783640867587,0.09675345789700833,0.1716843924725845,0.1061205668331933,0.1785602833546781,0.17195153898719154,0.22551760271589813,0.35738159994811236,0.11323213892483841,0.09694308212261596,0.17899768421093304,0.13311035713763952,0.18343051924241763,0.1762132519736377
-37,0.1924697257462768,0.12341091351137896,0.18777859477170902,0.31136072151517846,0.16102088231046288,0.09973866437525115,0.17014235049122978,0.10602390091363215,0.170741786200234,0.18927238826696968,0.2272190793477437,0.3562821755177145,0.1151976435157629,0.09326212752037367,0.18664307985293854,0.13385892195125365,0.1776678755981951,0.17659357831801797
-36,0.1965588074038717,0.12431599610659771,0.19143666351312547,0.3089107998494597,0.1488299575228941,0.10461993415131048,0.16971586371618447,0.10673863535168038,0.16059105831190087,0.20716285838236875,0.2279342729991352,0.35530868489052414,0.1212724580427614,0.09193348161411401,0.19260226649109893,0.13771065251766196,0.17458090562260475,0.17766019391101728
-35,0.19811008195486632,0.12637750948573875,0.19318549585491407,0.3032447018585761,0.13825435816946813,0.10966059501862202,0.17298137981323072,0.10891968262444507,0.15028485932900976,0.22457745582779737,0.22840868740568232,0.3561008752973972,0.13103643913758053,0.09182148606187777,0.1970743315378552,0.14392749821715164,0.17594413556175126,0.1794064454797626
-34,0.19791854988424643,0.13116130782920607,0.1931661523382771,0.29457505018528773,0.12994728322101684,0.11475852587713138,0.1789585223432227,0.1123136719847945,0.14182797106309747,0.24034610847263088,0.2287901025202519,0.3573340085715222,0.140794120119333,0.09173931589314858,0.1996066321777719,0.15036018718986405,0.181396619672224,0.181470242902531
-33,0.1953686422301044,0.14030405738623095,0.1913386087165948,0.284124078229849,0.12471558359951425,0.1189202681517229,0.18817475389053417,0.11666375421018152,0.13592111475031712,0.25429820280747123,0.2279522534101258,0.3602571270921523,0.15138024984272863,0.09213875215001961,0.1999373692282696,0.157129270655497,0.19126314720668428,0.18411101373870573
-32,0.19140714301677075,0.15149636326248542,0.18846097867964015,0.27188635468433153,0.12277968173864025,0.12252135277403217,0.19957910776967425,0.12203820548511053,0.1337656448346569,0.26551586523558085,0.22796647823063898,0.3646037820649445,0.16235690783695936,0.09336168406507092,0.19885601353940668,0.1640379467432537,0.2034953358591618,0.1873016968129623
-31,0.18740395206792465,0.16183259839663994,0.187369677311355,0.2589891705106112,0.12200580654677802,0.12483415716642834,0.21412648167502685,0.1275823505007304,0.13592297857284655,0.2760130891394669,0.22629500110097583,0.3677307850861981,0.17425556044850884,0.09780650745115514,0.196600964101792,0.1713297606167124,0.21729863367863667,0.19102338084539924
-30,0.1828952894576899,0.17215858719312765,0.18865986567922194,0.24754779418846212,0.12267451208749044,0.12619148642270964,0.2282063526288031,0.13362249575181465,0.14264811821420972,0.285133421089846,0.22251076876239914,0.3709269959068916,0.1853115510365107,0.10644913187493783,0.19428073013224406,0.17909285341593237,0.23349377415906453,0.19540021929419737
-29,0.1798922260260533,0.1823900085309877,0.1918561299808122,0.23684901099155872,0.1269996732356777,0.12680064495117632,0.24059834888593973,0.1395960571389446,0.15156389540693654,0.29109653570616517,0.21666145194726102,0.37107919171795606,0.1952759938310684,0.11685326875308402,0.19365871829450204,0.18789988299911797,0.24878320262557668,0.19987377888369517
-28,0.17762882827028992,0.19125901906389686,0.19705567997290432,0.22657822194464453,0.13180079129684624,0.12662507201409107,0.2503371758734387,0.14487683968412043,0.16196906981908354,0.2954577739105919,0.20934804718927635,0.36750626974959666,0.1992126849857963,0.1275653325370979,0.197142161827894,0.19399695037971632,0.2619851591829893,0.20354971045307493
-27,0.1782255660431325,0.1986385519177798,0.20504841240693006,0.21607157026287557,0.13692466406644582,0.12640857938382605,0.25544118902229973,0.14711319215799623,0.1739720752306307,0.2979511201390824,0.20234037120708784,0.3618811094576675,0.19726727712098516,0.1399241588798264,0.20516869081284525,0.19910447148080085,0.27194104462273183,0.20667188495370256
-26,0.18289611252880214,0.20439029625469293,0.21374454211634225,0.20647869521857723,0.14273177933559483,0.1269575448843745,0.25667538989941824,0.14772501403927132,0.18845899948391565,0.2979829611655813,0.19608147509352286,0.35459390804088464,0.1947533449800811,0.15195669850901936,0.21395812484812882,0.2040940741935172,0.2797065948392103,0.20959915031946674
-25,0.19049330041080872,0.20733086430916892,0.22431843301333315,0.19784939605952928,0.1466802856364593,0.13005913509167014,0.25500341586961495,0.14846824754696536,0.20525916078515566,0.29409888910931714,0.19142678397506563,0.34621855006403773,0.1945416025966327,0.1636303688972412,0.22341928763044328,0.20851218249977044,0.28419850796345597,0.21244167126227467
-24,0.20183321842129862,0.2087627703141412,0.23514434966115982,0.19075736400607335,0.14803168060124916,0.13634813712573196,0.2524086481802826,0.1485593574123216,0.22309215566536275,0.2868485126927523,0.18774498278296556,0.33449725999936314,0.19541911723174255,0.17655770571508075,0.23232559814922848,0.21329264109925475,0.28600065420459564,0.2151543619566238
-23,0.21586291715492556,0.2098785825652345,0.24442570800704363,0.1857774033616702,0.14927966113663738,0.14698262312283591,0.24805924961108677,0.1485887321978197,0.24168868360049847,0.2768894253978945,0.18379243971250442,0.3201023175505597,0.1992854473247363,0.19030119902034492,0.2370530263013348,0.2186562889624712,0.2849579034824711,0.21774009461823934
-22,0.22915072101543926,0.21101816954322997,0.25304457491256355,0.1824493087126186,0.1501750301535339,0.15828242822196378,0.24184400613851512,0.14753981676819033,0.26119562354600984,0.2652067550420808,0.17889844109870295,0.3065821488172681,0.20345218626190958,0.2022350800494225,0.23773303511932978,0.22510873499912526,0.283123532650179,0.21982585841471072
-21,0.24259675776937795,0.21294511409978095,0.25987071169357995,0.18127537336530614,0.15128850570931635,0.16997588662131552,0.23505978964669527,0.14571877118927767,0.27853639323332996,0.253925603951921,0.1742188797004566,0.296558047766611,0.2088710978575054,0.21080035697882132,0.23529226259859876,0.2344907251294431,0.2821622908757614,0.221975680481594
-20,0.2558570692474267,0.21740745858345437,0.2651938325787469,0.18117193708551976,0.15311094408758777,0.1814162896156277,0.22743760467336513,0.1431881967485941,0.28979105103901115,0.24337510225497766,0.16916367003599816,0.289285820087149,0.21464788679257496,0.2151873904699045,0.22955405541699786,0.2440978179239402,0.2809149198778018,0.2235765321481575
-19,0.26831379081029444,0.22178724274258083,0.2698943801404881,0.1838267269584877,0.15311555528048573,0.19337695024876217,0.22000471817204725,0.14211386089938213,0.2974056066218712,0.23210744361627747,0.16435114382429794,0.2838648096458203,0.219647388337795,0.21805102512008578,0.22264114349619818,0.2525616641817071,0.27694658988444676,0.2247064729400605
-18,0.27819470467032825,0.2259440638140695,0.2735408382690558,0.1885040876477741,0.15218175535735665,0.20360674709918408,0.2150163946911312,0.14490123183832124,0.3011972677506763,0.22121389610676365,0.15690526433495547,0.28148969386531564,0.22100636861723588,0.22043362969363373,0.21380045929148012,0.26225832313000313,0.27162201938225716,0.22540098503291423
-17,0.2875877437549008,0.22972901367651238,0.2739433036620763,0.1947091072345096,0.15352304661051824,0.21229805458097922,0.21429532689246752,0.14808956495591022,0.302343015936572,0.21117994704379037,0.14670159587098522,0.2786363793630486,0.21599831784252843,0.2223838725907505,0.20292655798591067,0.27002954301269266,0.2647408020231643,0.22524207017866568
-16,0.2944048043107296,0.23336843451685732,0.27211569938421426,0.20115716900838043,0.1564440659759822,0.21832729786700805,0.21678146219285582,0.149752177521402,0.30416287512110274,0.20249625044804526,0.13988015945967275,0.2738149255722316,0.20563899941125102,0.22301003026587485,0.1914099538000209,0.2750478450053277,0.2576635617419826,0.22443974774134934
-15,0.3007462674008264,0.2337044611387414,0.26847995942548614,0.20638289277392863,0.15854729260181039,0.2241475370029263,0.22018424125971903,0.1496071955462847,0.3066099265360104,0.19398311581414682,0.13577436166798568,0.26870146083582347,0.19176056553044063,0.22216006163683524,0.17874116534583234,0.27875264320075144,0.2495888310716518,0.22281599875230593
-14,0.30796888209449885,0.23102747043970268,0.2631560693942963,0.20980185043493638,0.16080436693231995,0.22847778015715683,0.22421821234375292,0.14786834320435888,0.30841680582467296,0.18645906646369234,0.1324630125430575,0.2636597850779194,0.17692721920220228,0.21969544413093972,0.16812914899616915,0.28140055897830496,0.24160502523586835,0.22071053185022643
-13,0.31870347873238936,0.2269177488748389,0.25677926722539324,0.2127181374067904,0.1626132882779895,0.23182107267181,0.22917156775563163,0.1442394137508625,0.30970853924581465,0.17979268954287753,0.13065884546250467,0.2567878352071569,0.16331359654354552,0.2180289899090649,0.16133259758246504,0.28100595513696525,0.23533643810166663,0.21876055655457452
-12,0.3331751791319107,0.2215044783034073,0.25194438019186316,0.21551965498738115,0.16247355106783345,0.23410190277563517,0.23540906792386287,0.13833656036101485,0.30985584559522894,0.17437817638884007,0.12730121527844734,0.247569723811572,0.15205013473996426,0.21565082218670195,0.15693510750850787,0.2776847758927696,0.22948041728490334,0.2166688819664614
-11,0.35074244914452163,0.21594901242448575,0.247619748416647,0.21805579088931712,0.16195788280844153,0.2361294485911456,0.24342050716631386,0.13243975636025382,0.30718755789609087,0.16971210249674074,0.12316109116405097,0.2373160986811024,0.14322261529718186,0.21075403654289987,0.15490293594767274,0.27319223135344894,0.22420633752488167,0.21470409427677625
-10,0.3705893112709685,0.2090846914568268,0.24377915513145174,0.22043217949389843,0.1604504457383501,0.23718256248297118,0.25496177000368575,0.12945066989894563,0.30125006604691673,0.16612824823324446,0.11771567181318825,0.22729132578649786,0.13733650433473393,0.20380476159696537,0.1533666064076834,0.26743687248031367,0.21972959167106923,0.2129406137557477
-9,0.3906099794297556,0.20118816032070738,0.2427314820079876,0.22108952043988778,0.15655870176718945,0.23774186694784918,0.268198847591112,0.12837080605030626,0.2936745966111306,0.16482922186323867,0.11316585529206344,0.21855017846271302,0.1353388190042944,0.1953668069506449,0.1523910078582094,0.2620514857694874,0.2177091238431093,0.21173920354174625
-8,0.4091618976144547,0.1917988273056048,0.2428758652558271,0.22165915674671827,0.15314584561825137,0.2384723990738984,0.2829079120372841,0.1294063110573643,0.2846286117900681,0.16385290588648804,0.10813557302965407,0.2110967782587549,0.14001005994038696,0.18461776956205558,0.15101450418885318,0.2584721425166903,0.21712803098465566,0.2110814465215888
-7,0.4261703898345517,0.1831413415429691,0.2425820613272301,0.2222806719905404,0.14921722668691284,0.23794153982174904,0.2969826531411475,0.13333967452041692,0.2743493395702513,0.1633745619971657,0.10376316016106472,0.20637564427111008,0.14966109029452118,0.1721968176802718,0.14850535123612568,0.254147330887577,0.21791621656956436,0.21070265126665702
-6,0.4387524899605997,0.17633458776636657,0.24317302978198801,0.2261794903051566,0.14486993359257155,0.23385051268916204,0.3100074860872839,0.13895313877906684,0.26119820400018046,0.16391793334842336,0.1010835272008721,0.20192579528034668,0.15734216903654746,0.156130836515107,0.14753858033914738,0.24667668900008466,0.22027308506542256,0.20989455816166627
-5,0.4473302641579079,0.17270197565829032,0.24314881754295126,0.2321913537496377,0.14314453496466956,0.2270341935821555,0.3223172507300188,0.1448797580568359,0.2460140863768691,0.16729599987433905,0.0988075242571882,0.19850703903930808,0.15952318775852697,0.1391326649747195,0.14552203845516673,0.23798755415650613,0.223573594510043,0.2087712845791255
-4,0.45040582783173166,0.17341988363345973,0.24225355083365488,0.23973612113237652,0.14293455920300907,0.2174183187765509,0.33395134032121604,0.15203997567357494,0.22947090243197107,0.17271236172838617,0.09717018632793459,0.19727477467665946,0.15806276131516436,0.12100158085140367,0.1431126582152617,0.22833713805387773,0.22906484557823714,0.20755098744614528
-3,0.4479669569327741,0.1767124294685994,0.2391431057236645,0.24685945144393445,0.1419426585153008,0.20552382656536547,0.34297346026605025,0.15991948354978355,0.21289067407767442,0.18051019642235636,0.09728874423798115,0.19862793851370236,0.15351520787661857,0.10222752265253036,0.14246427514187274,0.21752988961545353,0.23662524814125369,0.2060424158320539
-2,0.4405428313959952,0.18218749635478976,0.2344181737601581,0.25551576108964713,0.14159577066018994,0.19348449987344124,0.3517205705444459,0.16923412690936382,0.19799930870664162,0.18922724224242488,0.09698936771840191,0.19929773959997638,0.14695501102381364,0.08345975584349247,0.14440182318663206,0.20305379812786972,0.24403325887232596,0.20435979622997702
-1,0.42874707413146024,0.1879069527283929,0.23068236081767018,0.26377274775560877,0.1429220995908919,0.18076960302379136,0.3603283885588426,0.1791868823224592,0.18572569789103016,0.19626272009611706,0.09622654777813854,0.1982573286852367,0.13842965856738648,0.06837938479789205,0.14824547139369507,0.18547704201330012,0.2501626136930693,0.20244015140264604
0,0.41291214004737953,0.19024515949088544,0.22785053633148164,0.2709936013415882,0.14524737374919633,0.16912031532793,0.36730260489809813,0.18783010664487876,0.1785342327570691,0.19991334363830018,0.09635629364217954,0.19538211582743997,0.1294842014333103,0.05892043483067968,0.1539900499688084,0.16689630955059942,0.2546383155204484,0.2003304197058984
1,0.395006394725199,0.18910176338061813,0.22371178351060247,0.27744956268395393,0.14997178565677827,0.15839174744024498,0.37337968449414616,0.19431387463260008,0.17380468877450866,0.20078543936432408,0.09543196485955782,0.1924069685009896,0.12082605851303878,0.05468270993217411,0.1609054860069469,0.15177612993015333,0.2581260954364124,0.19823953752013226
2,0.37921076883800586,0.1855660409757432,0.2190158374858882,0.28269851830262777,0.1554912561417956,0.1484298836334299,0.37704229977307363,0.19817237781893454,0.171579220372356,0.19963246451086514,0.09603272610043237,0.18821320718667306,0.11404786049221269,0.054051369968581765,0.1693876021144039,0.13936434195568942,0.261229564603786,0.1964214906043823
3,0.3658444484041343,0.1811423526801955,0.21584271354089318,0.28669535303138294,0.1596139750992222,0.14125143029816856,0.3773139169393987,0.20014476376625062,0.17213913467559577,0.1961022681643851,0.10008470754057779,0.18361914692343193,0.11149465748441925,0.056059537318136635,0.17958859054670975,0.1299419929893988,0.264466501509922,0.19537326417130726
4,0.3570387434019303,0.17703908211950156,0.21342016909380535,0.2877570812812875,0.1629975091484383,0.13662314970296677,0.3757320115835779,0.200933494121678,0.1736310511020386,0.19149032635509824,0.10301018360419094,0.17955526172074082,0.11220481781914686,0.059578700585141295,0.18905867245448096,0.12346250495092048,0.26830319514334455,0.19481387965813463
5,0.35140012300229934,0.17449830207464634,0.21231758211031354,0.287561393631982,0.16575046095703722,0.13235874748773307,0.37176641829447454,0.1998788375547945,0.1740328378409884,0.18769557395871672,0.1058475097997573,0.17338685333799084,0.11475574848204886,0.06463982568143159,0.19977333226031457,0.11820179065535885,0.27175569375279707,0.19444829593427557
6,0.3467699540331411,0.17487206770234015,0.21295291983427872,0.2857923684107246,0.16752118032358299,0.12964163044432703,0.36540508618982814,0.19508891332585668,0.17254840130097282,0.18481610432242257,0.10989125936895769,0.16672377485448914,0.11877683375270265,0.07141015803718298,0.2097031609384837,0.11440441577735663,0.2781629095809598,0.19438124342338867
7,0.3408833444557076,0.17471875727669522,0.21419243270214866,0.28371206769247764,0.16957137415220513,0.13002416351490137,0.35719922463923176,0.18824227167690394,0.1669758038881778,0.18230636650196058,0.1147898055579121,0.15901512406086954,0.12094439473405116,0.07904640474670012,0.2201495281339076,0.11410233097981289,0.28360991191966983,0.19408725333137256
8,0.33367038274331906,0.17443513842216934,0.21199833273416355,0.28007684059663934,0.1723957334670841,0.1337107154741241,0.3455812042478128,0.18305194110403727,0.15919312091534255,0.17942952361691386,0.12177048546299454,0.15189285520322326,0.12075708726758083,0.08577063025696492,0.23048315837418606,0.1147613743289426,0.2881344011277519,0.19335958384372057
9,0.3251818560838647,0.17200343960334946,0.2075449470595286,0.2743669697222548,0.17504765411899129,0.1392450182329465,0.3328863621139451,0.18105324292226826,0.15161839119249032,0.1757056759823032,0.1299500510209854,0.14627170414190535,0.11816505331096032,0.0907407118537168,0.24107483386761971,0.1161493651325765,0.2918916804598862,0.19228805628350545
10,0.316765741779696,0.16827558868776665,0.20294604239458963,0.2662021172681141,0.17852468701067525,0.14736615130391062,0.31726319226748984,0.17844261921067334,0.14477042892240202,0.1700486906188235,0.13960007261562837,0.14114844739054971,0.11462145766897018,0.09355434545141701,0.25041032965848165,0.11736381890665526,0.2942647405004438,0.19068049833272277
11,0.3079984297397432,0.16178010906692913,0.19651894975397743,0.25806988590197766,0.18175854265059457,0.15978723600954403,0.29895870017719056,0.17557486049378143,0.13925323226071054,0.16265294083853893,0.14784725115569747,0.1355575109637103,0.10954038259715757,0.09503472951392616,0.2585422161783847,0.11710268499100267,0.2966184925107016,0.18838800910609224
12,0.29896062707526383,0.15319491705078625,0.18945654261440134,0.24959127802522466,0.18305629842978718,0.17513790199523332,0.2810839324293585,0.17213637722296754,0.1333238800367143,0.1548069240124152,0.156982940373932,0.13025956799396116,0.10321946412297789,0.09753360471597097,0.26517843378389905,0.1155914711851432,0.2994741534165445,0.18582284202850474
13,0.2874098500700708,0.14619292315162846,0.18296806057427956,0.2409078241031751,0.1831973961614896,0.1926158177255554,0.2674480154616716,0.16967673574272402,0.12849138125234882,0.14910154587580618,0.16422644965713987,0.12284291458971885,0.097013439621096,0.10189113657475375,0.270220049735756,0.11325127244134944,0.30197398726216224,0.18349581176474855
14,0.2751112119957736,0.14068760566286628,0.1777723791176906,0.22957462324923653,0.1818694157394108,0.21109574782435825,0.2574509302471447,0.16903401304162005,0.12675846535273205,0.14511986355669826,0.16754485330986343,0.11455596375418224,0.09021422875974541,0.1067380931561656,0.2731858288240109,0.11128947205248156,0.3028784481528558,0.1812283025762845
15,0.2659719688840486,0.13555499264945597,0.17434109245089732,0.21872668818725205,0.18019431370085046,0.22861287009846162,0.2510957766692971,0.1678471302590368,0.12747603208103447,0.1434635446049903,0.16743190984736184,0.10616096518195133,0.08476503175454948,0.11234572686072593,0.27512466362921234,0.10921403544556234,0.30235269848429486,0.17945173181111665
16,0.2594988066901772,0.13139070903664646,0.17441550084152216,0.20782749686462454,0.1783972240925908,0.24419951683494928,0.24673497501627617,0.16523082619752216,0.13149476386248118,0.14452403027892124,0.1649148756495014,0.09905145765486359,0.0803709415661633,0.11961369119724552,0.27741635579222435,0.10765492141445834,0.3001104526642734,0.178402737979673
17,0.25640185949078786,0.12877754571982897,0.17782123082968382,0.1982144954354172,0.1758161906016879,0.2558654877219431,0.24524764723582076,0.16145037008233049,0.13574835190338216,0.14520550555519718,0.16029541263838742,0.09503980901972611,0.07589121366526683,0.1294010033691187,0.2785209006888277,0.10766625879004776,0.3004303133623437,0.17810550565351752
18,0.25813428870297994,0.1273630084724336,0.1823023077368263,0.18809392192185276,0.17154114905701529,0.26251881522929693,0.24365954127137474,0.15717763076594435,0.1389463514379208,0.14679221378442844,0.15583110596101582,0.0940873985721871,0.07402497468934333,0.1409847539218908,0.28033857490186254,0.10982609605178706,0.30195764679705556,0.17844586936913032
19,0.2644794739370303,0.1267926449754666,0.18560496488707207,0.17986557611718318,0.1663092032229952,0.2672995565344338,0.24231507001022715,0.15465650367470135,0.14212027856812567,0.14841070456559083,0.1526110969153774,0.09616472079432595,0.07534588413256459,0.15274896513672576,0.28333938967156447,0.11383307581555731,0.3066145737248358,0.17991245192257516
20,0.2734654917758727,0.127852909641403,0.18785150255599256,0.1730322110445111,0.16122209584675812,0.26942802248371156,0.24253882357546122,0.15619952256323066,0.1447779293776987,0.14960569124921835,0.1488993480073113,0.10171146230766073,0.0810774347158976,0.16245523845779558,0.2862382948580473,0.12085484701586646,0.31449647998987473,0.18245337090978303
21,0.28380827252334406,0.12997118800573843,0.19113092583904115,0.166622584095987,0.15748084179363758,0.268500647108032,0.24061211437193714,0.1602171524276444,0.14716163471225457,0.15109732960580605,0.14726216120612037,0.1105765833103222,0.09134823757224562,0.1696529973599087,0.289025515532505,0.1267829073372526,0.3235758422980333,0.1855780550058712
22,0.2915253323236396,0.13261153415505447,0.19445518252462904,0.16032865922535383,0.1568290168827436,0.2663413440506555,0.23746713931337063,0.16488596671646022,0.15130155919634128,0.15086771303089996,0.14460005596261188,0.12216898444261663,0.10636051232397223,0.17535009288467365,0.2922021588438538,0.13181831404541702,0.3327016629183275,0.18893030757886004
23,0.2952759663171304,0.1374884626072495,0.19735908414210088,0.15449408959209793,0.1588754277122849,0.2621938099710336,0.23198019654917137,0.16748636920140583,0.1550864486171276,0.15061969086448102,0.14103833507041383,0.1342526371712148,0.12494068966172536,0.17987032659356575,0.29518576999047985,0.13547174094032843,0.34311598179928277,0.19204323687065258
24,0.2953081927383529,0.14350634391486677,0.19841699644284255,0.14914251704399387,0.16309842133937164,0.25731390943923615,0.2258963298936944,0.16825143968647593,0.15890070611648316,0.1479121544944609,0.13793973625264508,0.14457178863541909,0.14453749772397345,0.18613298700577116,0.29960210264033893,0.13915329900739276,0.3532775916154891,0.19488011847004755
25,0.2910600752448115,0.1518161349572116,0.19869224131833912,0.14134373472908945,0.17041573867129106,0.253437145272776,0.2215727817956953,0.16825448106433571,0.1648075054577009,0.14452559501291046,0.13218228950318597,0.15424671707806842,0.16387429506040938,0.1933729902180006,0.30411597003786733,0.14263403818401094,0.36293706771356976,0.1976052236070161
26,0.28447212300915853,0.15945534386750657,0.1988817054376662,0.13351233255278058,0.18094800073257494,0.24965887480451462,0.21947295324303093,0.16982843483000284,0.17151502438974325,0.1421676677547153,0.1250192960327084,0.16279193278560453,0.18197609762148437,0.19993806132518335,0.30750803171703384,0.14433915902591143,0.36808241057881574,0.19997455586520207
27,0.27599423103893683,0.1655535546789644,0.19940238952525452,0.12699122103939148,0.1934227081207382,0.24372798720940964,0.21723224394469948,0.1727432305455261,0.18049695154281722,0.14161614374427528,0.11651316871976573,0.170278892341641,0.20154139685032302,0.20333496948970026,0.3084025184489139,0.14388191196505676,0.3702797102743397,0.2018478370282208
28,0.26552602640069967,0.16878895321874393,0.20229340286198516,0.12373526280459828,0.20693607217257223,0.2338505527269298,0.2160396900277856,0.17388248192285166,0.19031756273612643,0.14400804894540895,0.10714268924609607,0.17584412794206866,0.2206008696758044,0.20739346119724847,0.3067972910652104,0.14418393248636557,0.37183096337150084,0.2034806699295292
29,0.2530290758368043,0.17022089294006218,0.20758604906460004,0.12360025492659836,0.21928631650186,0.22248507618273933,0.2136204322042457,0.17377560954520221,0.19997417964526476,0.1492977305967494,0.09846314602187904,0.17916801071264504,0.23710917539624932,0.21171708491410138,0.3013439636002214,0.14351520720477987,0.37298784054420614,0.20454000269636521
30,0.2378924745849384,0.16978633393796327,0.213137969830204,0.1273854477557018,0.23005220463393267,0.20925290823570747,0.21169786313890177,0.174626892640582,0.20969557704081074,0.15929247189578616,0.08888411138779358,0.18048884464511356,0.25128623149462326,0.21530983852857574,0.2944057334203386,0.14270736671403256,0.37505689774154066,0.20535053927214977
31,0.22120059537833514,0.17014938341191838,0.21615298107892614,0.13190008116148072,0.24034450668631205,0.19311669071839002,0.21038288714539818,0.1768842571013664,0.21925335769875853,0.17353370219483558,0.08170970306272876,0.1802686424778423,0.2634546748453202,0.21701823611145393,0.2869436266954834,0.14132433401544206,0.3774226545220977,0.20594472437094644
32,0.2071912440898125,0.17430997043576665,0.21857702967374343,0.13666096138957579,0.2488813460358273,0.17658112290549394,0.20747159570846194,0.17947808633313445,0.230687954626351,0.19110459086645942,0.07415433389645935,0.17658985846822334,0.2719542387431589,0.21731383222510603,0.2799412865448918,0.13790739389064413,0.37990994525137955,0.20639498771085232
33,0.19709711818591513,0.1786366727220235,0.21973614091172097,0.14324034339907066,0.2549452996642513,0.16018791812680475,0.20141605605620963,0.1804839838486409,0.24244123063101491,0.20767167816761595,0.06739349043221177,0.17262747371972548,0.2768468960080305,0.21413137367028456,0.273778312790635,0.1341188223051577,0.38312248199314924,0.20634560544896832
34,0.18990799907341002,0.18380112136826818,0.21950043405711628,0.15066193846963882,0.2586406086289671,0.1459210415019946,0.19339779895920536,0.1793523927762139,0.25326473757350876,0.22044355361812654,0.061524215510239365,0.17075928902106807,0.2812504766272016,0.20992886628572646,0.26767401528701085,0.13215212222165693,0.3872509103372058,0.2062018541950917
35,0.18145574048912072,0.1906899255630416,0.21785258066060037,0.15628186754851678,0.25815096714201796,0.1346487112776155,0.1828405114209119,0.17754785130970688,0.2625383231019933,0.22959208405296536,0.056808855647092836,0.16981331558037685,0.28676178181397977,0.20525185859096312,0.26268800275381027,0.13174427668064628,0.3916483620589225,0.20566558915836952
36,0.17305595072714772,0.19739641101179958,0.21408517510327502,0.1609476880314543,0.2569993974841064,0.1265005280477243,0.1698333810545882,0.17585166433840876,0.27123818396908783,0.23448026194351407,0.05433501818604684,0.1677526229681489,0.2934294238160192,0.19955515295193788,0.2576919838833466,0.13144121957638993,0.3962124197358595,0.20475332251934444
37,0.1647918528903331,0.2013537845109487,0.20866892255669972,0.1646314175560868,0.25900453791227507,0.12098875967459485,0.1568102224614754,0.17544114422965856,0.28225871074789,0.2371856418010306,0.05493280307644938,0.16261754841723322,0.30130981164698595,0.1929753078569829,0.2531652639235159,0.1302715693681385,0.3979836376868586,0.2037877021363034
38,0.15604801901515125,0.2029365093145457,0.20226674453866827,0.16850682349883025,0.26467130651747756,0.1195647229842286,0.14709132118514961,0.17601495035971843,0.29318984188761044,0.23738096306594061,0.056511615015551644,0.1555840457292356,0.3099592612068116,0.18716282588507716,0.2472298630607785,0.12833568316384183,0.39639908693904274,0.20287374019809765
39,0.14614310529258,0.20353760257109288,0.19754343578474337,0.17194219598886853,0.2730196720560213,0.1198916447702906,0.13948264361257126,0.17706695684781354,0.30300287820178873,0.23632901617927304,0.058671724575185935,0.14639465842802324,0.31839075009603895,0.18181162629263495,0.24068571065010916,0.12525361508500812,0.3892267748681073,0.2016702359588324
40,0.13553940109835577,0.20224556303202562,0.19357572076909876,0.1751818116187387,0.2832591302647558,0.12140412229413433,0.1314977998245544,0.17635137664009348,0.3111804278970165,0.23578100112442896,0.06371381811360459,0.13661107253728683,0.32444659691678185,0.17732467174003994,0.2328802865060522,0.12134111380829882,0.37676874980720454,0.1999472155289689
41,0.12312349918258467,0.2000879030377824,0.19092366688696366,0.18007785305062063,0.29174345046746575,0.12431493240149996,0.12566012756643294,0.17489692309097746,0.31733794825800865,0.23558471217387802,0.06992948003048388,0.12534560208217366,0.3272066724408418,0.17429919412387507,0.22384471625466248,0.11651425235513876,0.36172932852044276,0.19780119187787254
42,0.11227991871603667,0.19635886737339375,0.18990454733536846,0.18612247897470452,0.30097678530381883,0.12811478518063163,0.12102560494406793,0.174557529608675,0.32071848515959495,0.23638004829192688,0.0784871782441314,0.11164815595766442,0.32703724227988973,0.17054825704621907,0.21371032694635592,0.1087861885041004,0.34612875840650625,0.1954579504866521
43,0.10482113290369373,0.18891863868559186,0.18956171309619632,0.19111476446610517,0.3095635428534138,0.1333711792097581,0.11783129876111398,0.17720911963111838,0.3234124687457408,0.2379649872528228,0.08765833207846047,0.09820732676817254,0.32301467630916464,0.16548745068727816,0.20136214746969192,0.10130451685707786,0.3282654519885885,0.19288639692729345
44,0.10051009195292886,0.17939629814604022,0.19043292838963585,0.1964152321581381,0.3178034823249776,0.1390552709024423,0.11561701227621261,0.18167692146653747,0.324581981177362,0.24246914004316097,0.09657417917812226,0.08666824867931816,0.31592712166510717,0.15597610186162983,0.18666936400887404,0.09401714086331295,0.30999030856791104,0.19022240139186536
45,0.09999108712190624,0.1682301428195716,0.19225042238435303,0.20487050725195846,0.32570005054904866,0.14407348534475456,0.11210779989470702,0.18710127720451056,0.32543950944829675,0.24852796948783124,0.10639720437699711,0.07696430107897406,0.30819730174315935,0.14372071694920682,0.1732168297508308,0.08673949815929763,0.29261123480582796,0.18800819637477836
46,0.10286449503802156,0.15677066836879686,0.19487520955253018,0.21489796639108047,0.33088967802923147,0.15016167505147662,0.10881700116967867,0.1930251244347867,0.32727590810394247,0.25384286065586725,0.11575712591492009,0.06905788800628683,0.2995043486177901,0.1308259063890534,0.163714994144657,0.08275219781870727,0.2753178779754478,0.18649123092131029
47,0.10799006710552952,0.14937945557283375,0.19725458763959136,0.22254555080547594,0.33300787163622336,0.15776145005633518,0.10763803194753793,0.19867782362974226,0.32993709746574096,0.2568124805260515,0.12444089435546087,0.06333379136777807,0.28776216811873423,0.12009452563865326,0.1586485454866595,0.08044870445225227,0.26026406662691787,0.1856468889665599
48,0.11405341571997296,0.1469255108102367,0.19972392083731072,0.22746091043043962,0.3331356136277046,0.1680352142284512,0.10738784649405005,0.20477171912025632,0.3314267885706611,0.2569795646226983,0.13242153443719382,0.058512751312973434,0.2739972773899717,0.11057494671415388,0.15795456753348153,0.0788370400315113,0.24503151725321456,0.18513118465495776
49,0.12040459510074622,0.14915436531756418,0.20001331691355878,0.22987672428008757,0.3331592545218765,0.17989469531006097,0.1082435207106246,0.20948071139532426,0.3308556694424577,0.25284493094402877,0.13879460103070268,0.056695865266716175,0.25914449399204464,0.10111129203359544,0.16382681895310158,0.0779390405542597,0.22915030181640397,0.18474059985783256
50,0.12567457338227359,0.1580243349789256,0.2003980799219211,0.23001016141306446,0.33270201450461856,0.1940539789501812,0.11098457553435345,0.21187762474074345,0.327008914570246,0.24573017681888323,0.14480264193228326,0.05698810248798689,0.24308063354915393,0.09306480715185741,0.17404332193033428,0.07799515757737249,0.2123285525958405,0.1846333912964729
51,0.1295818068268712,0.17131851995028735,0.20241094102674762,0.23027997370047334,0.33379837038735755,0.20929177305679997,0.11722244699903235,0.21260333751941535,0.32161616669838977,0.23673190341950398,0.14809586671303604,0.05998417252005252,0.2288329777236863,0.08895601651622229,0.18610764757258938,0.0792245977074011,0.19223626347189704,0.18519369304763314
52,0.13010994907646534,0.18588293063210032,0.2033715735499043,0.23148612754581563,0.33501244228384647,0.22224153459006227,0.12702762840871612,0.21298838348874188,0.3137656772608471,0.22507669775838351,0.1500546381267848,0.06819642111123723,0.2190768892582121,0.08601653694260109,0.2006422324424913,0.0830713434755153,0.1768856358148884,0.18652392010391838
53,0.1274217194846345,0.1992751602625912,0.204175147610571,0.23151818065666294,0.3368433953702973,0.23361203802954203,0.13944294575672656,0.21207414842716626,0.30487824208684705,0.21255496705501228,0.15105568343782572,0.08028483539393322,0.21287814424439183,0.08635257991481964,0.21515982707171602,0.08762568587490963,0.1643839104142954,0.18820803594658486
54,0.12386089161159068,0.2090793910460234,0.2039687522787334,0.23238020048324323,0.33833825383091753,0.24400523198176755,0.15288229811683768,0.2104912005532916,0.2963249991643631,0.20212839807468203,0.15177500182683426,0.09291182491475714,0.2098875567927398,0.08921208667647328,0.22828500966160137,0.09091722288363882,0.15511759801071992,0.19009211281813027
55,0.12247441329999058,0.21679661178072526,0.2030053266756957,0.2346933298734542,0.3398054692615947,0.2533600500751832,0.16847131169772395,0.20776063526409114,0.28909723790817454,0.19248154777345414,0.15329896553569283,0.10563955750041268,0.2083978508124042,0.0918183827953272,0.23793085900429678,0.09436053143815618,0.14921057430951418,0.19227074441211126
56,0.1226235680654788,0.22287598602886813,0.200505284903788,0.23836146665906804,0.34082575842653096,0.2612337784839173,0.18585177912789302,0.20386770668049597,0.2833918410565711,0.18548986840509726,0.155401225527793,0.11839678373362741,0.2070252302611344,0.09242903618922409,0.24450298734846113,0.09837599295699746,0.1434302147007061,0.19438755932680307
57,0.12341091351138216,0.23015442076053141,0.1989860418443425,0.24438900898603894,0.33818988278685824,0.26865444722551485,0.2028678507794725,0.20021121377050885,0.2777882735338726,0.1807382815835686,0.15622334848301128,0.12987351946482345,0.20732974453161618,0.09054039655534787,0.24833346041664867,0.10393188336242365,0.1385779348369793,0.19648238955487887
58,0.12431599610660074,0.23867245578639026,0.1980871069692835,0.25171593190117536,0.3314264918648126,0.2753466847273889,0.21785296004832766,0.19673801897973253,0.2721788813409828,0.17940624298868224,0.15835030077288245,0.14130657165294416,0.20697827843614128,0.08665927284227169,0.2505425599054954,0.11187200630460366,0.13412543465839427,0.19856324678153586
59,0.12637750948574195,0.24893660043336382,0.195754539249078,0.2607159618583567,0.3211758049990492,0.28029126064667176,0.23242754866848206,0.19511801501340656,0.2676403335410031,0.1810016360584936,0.16184591965950537,0.15056881255560706,0.20489796693626214,0.07995576440730601,0.24798252399833104,0.1196967243637791,0.12949336422015958,0.20022825212321158
60,0.13116130782920843,0.2594655282886604,0.19344612128661173,0.27079820390263654,0.3086867454357384,0.2828539815899748,0.24715332681977698,0.19489409683477216,0.2652769304162604,0.18610724155193634,0.16477014106081744,0.1554985672599356,0.20083892056188887,0.07435684371166111,0.24292197731279597,0.12847415559911352,0.12493226062912263,0.2018609617700536
61,0.14030405738623328,0.2695046262825867,0.19012421655552547,0.2803861079810155,0.294922654503864,0.28315321644541797,0.2611480332750456,0.19578442318332034,0.26599731194775983,0.19441368062185602,0.1661049539929122,0.15810374233614302,0.19729454209882508,0.06898950360539545,0.23709866005992444,0.1382606330416321,0.12221770730422019,0.20375341591892218
62,0.15149636326248803,0.2790436245039333,0.1861766779324636,0.28893403124996,0.27766363926170223,0.28421498223363645,0.27189283092661565,0.19559041426482698,0.26879475997658797,0.2067360123613801,0.16718229890729291,0.1587001065520872,0.19204932635348718,0.06629672814610918,0.23118156380231064,0.15174768579941111,0.12267443021344895,0.20590443974986714
63,0.1618325983966439,0.2897671987647878,0.1828275877758249,0.29838273546343125,0.2584720801533412,0.2842755623606109,0.28061257644899773,0.19381334781721155,0.2714715491025236,0.22207325050152632,0.1679635462460504,0.15749551169873768,0.1864786153666179,0.0673530231185927,0.22988688554822384,0.16584474030791427,0.12672789019247688,0.20854580583903015
64,0.17215858719313087,0.30020531374967996,0.18025362751923532,0.3095967859002063,0.237394078728614,0.2843397710122958,0.28641402388908,0.19080714470446936,0.27572332172569425,0.23882285115566057,0.16768424187660763,0.15829567357012353,0.17948132267089667,0.07311712898622617,0.23279077365042253,0.17866364454450387,0.13255257740175955,0.2116647569575651
65,0.18239000853099036,0.30905066407218895,0.177830438537044,0.32061453997511286,0.21587474562479225,0.2832405692500947,0.28983666785171114,0.18678955814694564,0.2770532740449642,0.25508115324611,0.16449579708787315,0.16263165562951631,0.17166135364758603,0.08192762876295495,0.235306567022154,0.18915720091911162,0.13817706977277236,0.21418346424246604
66,0.1912590190638988,0.31652584186209864,0.17596921313098154,0.33072136059864204,0.1933076852038436,0.2797499657441315,0.29114038504480366,0.18084095958322421,0.2757112939144323,0.2697858426780984,0.15952767817222752,0.16828936823529012,0.16419632713239365,0.09282475155060319,0.23680678246536635,0.19666145051904388,0.1436055117405385,0.2157013786258599
67,0.1986385519177819,0.31922462197609186,0.17453150891774155,0.33975811177286575,0.1713210178108009,0.2753694457927621,0.2892727744278504,0.17284111839776012,0.27115372649204916,0.28532243060111157,0.15499343053907014,0.17400287893940597,0.15749478708369555,0.10336170215294493,0.2366549288428116,0.2018932914037735,0.14578971955583125,0.21597788509554988
68,0.2043902962546947,0.3175345863177338,0.1720443536540044,0.3478503780691123,0.15063203187206675,0.26940160308894784,0.2870939793631732,0.1648606040039618,0.2661957370151056,0.3014166783112827,0.15089838136876596,0.18108538122131412,0.15445849842152912,0.11319123869894232,0.23628694979345974,0.20532340724007833,0.1471711383071413,0.21587266135301847
69,0.207330864309171,0.3128986443245759,0.16876490848318282,0.3564729306885178,0.1321324646917505,0.26179128960539033,0.2839104328230271,0.16018152218581,0.2608134099943173,0.31829537393892005,0.1466406927924593,0.18728279484064006,0.15634138321746124,0.12459869927514869,0.2367323992546964,0.20974676403303252,0.14899168286846728,0.21605448572509225
70,0.20876277031414303,0.3057730768051021,0.16499564097646685,0.3641745975411212,0.11719572128019311,0.25283566756013687,0.2790237648755537,0.15675584416274307,0.2551385889448431,0.3343904501264999,0.14317597526688003,0.1922726322659615,0.1630710579884454,0.1343633022233733,0.23809120123539468,0.21244799927449143,0.15217998094817584,0.21615578069350147
71,0.20987858256523612,0.29768543240588763,0.1633837922147744,0.36983653168388975,0.10302994776372847,0.24435618663464057,0.2718406476674739,0.1530968119886392,0.2478309326075717,0.34715141867704113,0.14342848856234008,0.19663409589265332,0.172472777354839,0.14198545947238872,0.24059475277530212,0.21583288375983473,0.15836173283204164,0.21631767499166366
72,0.21101816954323116,0.29027272305077695,0.16373808270188855,0.37395298393264564,0.09072030455465599,0.2368708338002179,0.26360809496115756,0.14902278733145874,0.24166209713680936,0.35742091712325946,0.1477896346485645,0.19827257072802712,0.18152555813113996,0.14906893483606656,0.24225187154680392,0.21922659456331633,0.1605722048264805,0.21629378608332353
73,0.21294511409978192,0.2836749366609968,0.16555119414944613,0.37737605700025845,0.0800273041320931,0.23087640060379133,0.2547296168159786,0.1447788273509824,0.235882085454248,0.36464076218042873,0.15676827036690671,0.19761191867633748,0.18908175421948578,0.1554468237118873,0.2448050095102801,0.2234903694623779,0.16173857758142346,0.21643676599862965
74,0.2174074585834549,0.27903399753730773,0.16869163233169587,0.3791126359277216,0.07244075890474048,0.2252457159528558,0.24670252365550618,0.13973321805530511,0.23097365713377846,0.36851887797427524,0.16852412302797418,0.19527868872584864,0.19420768889634857,0.1605054804331028,0.24941464129057792,0.22971611523122296,0.16180449386854157,0.21690068867825046
75,0.22178724274258116,0.274086995663808,0.171903460014819,0.37695196795047253,0.06836471902915693,0.2222158644474456,0.23710310656819172,0.1341209750529952,0.22619699346995556,0.3695510019071119,0.1809622101302134,0.19281687783684456,0.1977240573422615,0.16543226518559234,0.2561254767368545,0.2381022702497511,0.1620853263058055,0.21738416533140356
76,0.2259440638140692,0.26838612098347925,0.1744886300700326,0.3717666741392357,0.06481301729881214,0.22170186102855244,0.22687084647848002,0.13078185949073445,0.22040351717819523,0.3675392224027288,0.19249424014676494,0.19133837812346197,0.19890401644641895,0.17049364905315909,0.2626865807491464,0.24523072960854067,0.16409341678349526,0.217525695517371
77,0.22972901367651213,0.26185220371613793,0.1745391615493611,0.3625832171143254,0.06308596858949442,0.22226133821307012,0.2157860268886609,0.12851039635449502,0.21496086627442157,0.361889087014928,0.2015466075167039,0.191779296016863,0.19562238493350315,0.17688968351693232,0.26867552621332935,0.25102095380201783,0.16637061596991626,0.2168883733741572
78,0.2333684345168569,0.2537173913235061,0.17407044182358514,0.3488911371067383,0.06270984265176564,0.22384379841451887,0.2038956926339616,0.1266903227459159,0.2114177337822682,0.35610302766371865,0.2091309360868349,0.1917506680809955,0.18949538453807094,0.18413481333328624,0.27356571314829575,0.25608609896784057,0.17109340339736012,0.21588028471855997
79,0.2337044611387414,0.24387797021044166,0.1760095965241861,0.3314146818247411,0.06411809122412807,0.22705808354804957,0.19078240615006836,0.12499621596888084,0.2074092173254692,0.35130557780630356,0.21540182705500688,0.1921418571264361,0.18207970762250109,0.19282775298055185,0.27765245031724384,0.2614645315827676,0.17919004369825275,0.21479026306492766
80,0.23102747043970306,0.23180131216520045,0.1784808633506425,0.3134968973714753,0.0683768907174798,0.23124744499887218,0.17896917101061655,0.12304051048075337,0.2021070205988272,0.34593471591055064,0.22190721924667023,0.1925273945712131,0.1732283814259248,0.19967058306905439,0.28006410902320966,0.26561608670943304,0.1908816340482461,0.21343398265516897
81,0.22691774887483934,0.21869932535981515,0.1807286801090181,0.2959176381740565,0.0760348643867334,0.23537832546803558,0.16739015272993404,0.1191003908469894,0.19447735393756624,0.3387703799400802,0.2284592104275362,0.19160041707068684,0.16261861507365644,0.20422704529232338,0.2815350508913655,0.26825230974865655,0.2032458123196843,0.21137372474417512
82,0.2215044783034074,0.20594169707227122,0.18281612576871525,0.28034966642875137,0.08652273750273212,0.23773833087126048,0.15751402815297794,0.11478913629516534,0.18458565351837114,0.3277214832154929,0.2320923823715141,0.19218569800098245,0.15492258596644146,0.20620876778241168,0.2820052817007522,0.26795084658867985,0.21250886053233503,0.20866810353366247
83,0.21594901242448555,0.19368674045066542,0.1856002527568314,0.266918552806822,0.09983798334505767,0.241041128987381,0.14809213647016686,0.10968180195486303,0.17383242081547265,0.3127787152156311,0.23329457357143873,0.19381784927411236,0.14885864655718423,0.2058993496472406,0.2835628336212527,0.2655898636119415,0.21949611314722178,0.20576105733280992
84,0.2090846914568271,0.18105365593781103,0.18810348632953913,0.25465925213896284,0.1164002309074165,0.24552814168823986,0.14190282814517166,0.10570261248836207,0.1602632995868434,0.29501941966486267,0.23342826163554015,0.19265622613975975,0.14678363914170417,0.20464206385662745,0.2877828171194001,0.26257364090198926,0.22515964901479985,0.20298493624434452
85,0.20118816032070758,0.1692291812069157,0.19209004054249082,0.2440662518235995,0.135649944698765,0.25283571615575295,0.13840213885102315,0.10068869002514877,0.1490120945851204,0.27454823869893535,0.23591980495083967,0.18886522646502152,0.14704043220013255,0.20323641083483554,0.29469815164326,0.2584143270313509,0.2305416863222706,0.2009662644915394
86,0.19179882730560494,0.16041906695580316,0.19564675727254205,0.23784403295457857,0.15856018448423986,0.26205785821111927,0.13706731452531767,0.0961039294477832,0.1427461066088544,0.25222859971565825,0.23829041821856528,0.18529606347127547,0.14850179726376525,0.20209982510941477,0.30033005056326273,0.2541187732638688,0.23730075507270784,0.20002413884966833
87,0.18314134154296874,0.1563266105237054,0.2001633226721844,0.23543562909925636,0.18479726450058892,0.26951457625663033,0.13798418262582618,0.09694538677730373,0.14155455597490652,0.22975972326329464,0.23983168836608004,0.18372321359248014,0.15114597077465416,0.20004945084684084,0.3042560472511118,0.2508236954808376,0.24597948446453505,0.20067247905960028
88,0.17633458776636665,0.15575782541034802,0.205000106627044,0.23609465148824746,0.21299908361800018,0.2743509652097013,0.1399932236767008,0.10114419468622382,0.14356292625626227,0.20862661943465724,0.23929406921102578,0.1821490962595716,0.15249896526390366,0.19740480540673092,0.30710624845839385,0.24795549479259854,0.2561992879265284,0.2021454206760179
89,0.17270197565829046,0.16004078732815175,0.2107498694259753,0.23692380294789092,0.24209462583838018,0.27652533855777917,0.14396310719272598,0.10609999524132022,0.14788669346187783,0.19144270359558513,0.23887615883494556,0.18025013383731045,0.15266710811902826,0.19232650348678154,0.306192313022137,0.24523015002800724,0.26663125844035973,0.2041530897068557
90,0.1626490329896561,0.15305104240120165,0.2047223382886821,0.22015433428578352,0.23671402168614727,0.2660646977432401,0.1358680888696953,0.10125996405329611,0.14284131579348686,0.16764824029666198,0.2331829238837742,0.169059952127476,0.14419973974225211,0.18139445528947692,0.287306908942215,0.2350712105638196,0.259477164228137,0.19415679006970596
91,0.15546976311917757,0.14415822784681304,0.19696954973517616,0.2044279899983677,0.23100670320963199,0.25372386324393503,0.12772835828089582,0.0958045901622944,0.13957168403477777,0.1468753507903269,0.2259422279358167,0.15741838541937028,0.13299781871308128,0.17079862141957505,0.26580829359236685,0.2246189939914614,0.25315707983693153,0.18391044125470588
92,0.15044426966988306,0.13259525130358013,0.18783365646740918,0.18901850242094637,0.22594001943209824,0.24151865775423426,0.11890902368801763,0.09027259951352602,0.13572571486486776,0.1294038672631734,0.21671472661621688,0.1457106318150899,0.12055633306250882,0.16029516091952808,0.24221216378003216,0.21426623930501135,0.24669626535879793,0.17341841666087773
93,0.14679563268884296,0.11923546074123301,0.17701087840362165,0.17406632647086553,0.22221338859882808,0.22862683300695008,0.10959187813437281,0.08619133512423174,0.1310379451855816,0.11522306709047805,0.203882730917102,0.1337054159580445,0.10830360423818455,0.1492938532115725,0.217042439154141,0.2038131732269116,0.23874391819556165,0.1626339929615602
94,0.14094275099017256,0.10467378466392119,0.16494148299741415,0.1598584991141035,0.21931727408145582,0.2155873866965552,0.09903295185335795,0.0836648255594162,0.12372596558936984,0.10449717115853677,0.18870183472648144,0.12227406561476457,0.09644454020620759,0.1387037729790819,0.19052155498340134,0.19249515843875184,0.2296665288715925,0.15147350285438735
95,0.13272622186474836,0.0902496988181488,0.15261369083754026,0.14815792637640748,0.21589236922955557,0.20009995780013118,0.08895103446929804,0.08233487854042165,0.11494857614921394,0.09708427542873704,0.17232385734776062,0.11037763536439638,0.08432454336774801,0.12816967273922847,0.16441621051427244,0.17820164280109743,0.21908703557399228,0.13999760160133518
96,0.12221708531305972,0.07655814677058266,0.14197994285633098,0.1378667079264236,0.21315858971920715,0.18260218556045474,0.07967159316036901,0.07957443623105176,0.10509782978915223,0.09158540042807174,0.15565232009501037,0.09783440044742069,0.07366044657250173,0.11836409370825474,0.14115852575829024,0.16399555761867587,0.20745552505682263,0.12873134041245174
97,0.11088934907768153,0.06399760341831089,0.13223250582579585,0.12954312010779753,0.2100797790300835,0.16568461726136646,0.07148975095415291,0.07490260105454072,0.09370701960610607,0.08898905252392775,0.14061609631696043,0.08433225142973569,0.0654904381760765,0.10805964608836083,0.12147855663407307,0.1492699250083262,0.1959584017069135,0.11804239495412998
98,0.09946590792473309,0.052945632893397356,0.1230031225233246,0.12375448341881243,0.20670929847518277,0.14911081317498764,0.06486208289375281,0.06870459623521381,0.08153919266272633,0.08484236441872993,0.12581746540589767,0.07109538153366693,0.05952410267823098,0.09807726103731025,0.10511283983035973,0.13311886930892936,0.1837870109958398,0.10773355443594677
99,0.09021427347660502,0.043122086245264965,0.11237082480978541,0.11950427288617153,0.20234393331097053,0.13316265806090272,0.05945473022005841,0.059725944511993846,0.07039532946958883,0.07836153689208672,0.11031881089447648,0.05953547946144089,0.054656494572818445,0.08842266114909461,0.0935818206416238,0.11723328186414439,0.1711641841330725,0.097856960152947
