,TSS_1::Pseudomonas_phage_phiKZ:1,TSS_2::Pseudomonas_phage_phiKZ:7,TSS_3::Pseudomonas_phage_phiKZ:1,TSS_4::Pseudomonas_phage_phiKZ:1,TSS_5::Pseudomonas_phage_phiKZ:1,TSS_6::Pseudomonas_phage_phiKZ:1,TSS_7::Pseudomonas_phage_phiKZ:2,TSS_8::Pseudomonas_phage_phiKZ:2,TSS_9::Pseudomonas_phage_phiKZ:2,TSS_10::Pseudomonas_phage_phiKZ:,TSS_11::Pseudomonas_phage_phiKZ:,TSS_12::Pseudomonas_phage_phiKZ:,TSS_13::Pseudomonas_phage_phiKZ:,TSS_14::Pseudomonas_phage_phiKZ:,TSS_15::Pseudomonas_phage_phiKZ:,TSS_16::Pseudomonas_phage_phiKZ:,mean
-100,,,,,,,,,,,,,,,,,
-99,,,,,,,,,,,,,,,,,
-98,,,,,,,,,,,,,,,,,
-97,,,,,,,,,,,,,,,,,
-96,,,,,,,,,,,,,,,,,
-95,,,,,,,,,,,,,,,,,
-94,,,,,,,,,,,,,,,,,
-93,,,,,,,,,,,,,,,,,
-92,,,,,,,,,,,,,,,,,
-91,,,,,,,,,,,,,,,,,
-90,,,,,,,,,,,,,,,,,
-89,,,,,,,,,,,,,,,,,
-88,,,,,,,,,,,,,,,,,
-87,,,,,,,,,,,,,,,,,
-86,,,,,,,,,,,,,,,,,
-85,,,,,,,,,,,,,,,,,
-84,,,,,,,,,,,,,,,,,
-83,,,,,,,,,,,,,,,,,
-82,,,,,,,,,,,,,,,,,
-81,0.15389916102863113,0.15164261627853323,0.1745431908277566,0.07144869308549362,0.10490064459817709,0.12247816725541878,0.06625475254335143,0.08453332566713917,0.11219129725390446,0.14113584377049457,0.13545507036829074,0.129945914679355,0.027064163567722933,0.2683367198243194,0.048713483541095046,0.02108523033358545,0.11335176716395429
-80,0.1685021115053177,0.16997336254463472,0.1960435273310647,0.07917446485007247,0.12101786553524763,0.13254742702274266,0.07339212375624433,0.09920099905303639,0.11557765850187247,0.15175496760476098,0.14582002948099498,0.14303942194363667,0.0322938100760117,0.2947628272301648,0.0560522600522263,0.02162267768646594,0.1250484708859059
-79,0.18352165026916356,0.18831283381251746,0.21600266528816908,0.0865961067395851,0.13667387099718337,0.1401125465029646,0.07963863143277086,0.11473357889095377,0.12055975502211491,0.16367178839641722,0.15647823033764974,0.15430245236524076,0.03869838432499301,0.3192373693635343,0.06605552818651783,0.02276231344420774,0.13670985658587395
-78,0.19914442186173054,0.207170127585487,0.23451689637262887,0.09125546496684764,0.1520622577245902,0.1470172671215066,0.08563114772401344,0.13051719822367508,0.12751719964461533,0.1760993002250848,0.1668000764943046,0.16359207921749963,0.04544973791295509,0.3403045107820888,0.07587414789709315,0.026165167919954047,0.1480698126046297
-77,0.21590343003140453,0.22527924124919374,0.2506206315102717,0.09248497092670427,0.1676361280719212,0.15433393874928542,0.0900944071082852,0.14561521732888758,0.13411507073087606,0.18878947775121507,0.17522680368720972,0.1713303958969311,0.0517573483612445,0.3567107267772159,0.08719917133584439,0.032030218251504684,0.1586954486104997
-76,0.23204098745451396,0.24202564889515812,0.2652075355779845,0.09455140364971933,0.18185448921145594,0.16218771669889065,0.09319733160552092,0.16115103129879704,0.1399003316827224,0.20236581717118116,0.18296854461465867,0.1779489726410891,0.058617156095108425,0.36738908748453997,0.0993001860807727,0.038458808673968684,0.1686978155522551
-75,0.24750743409661863,0.2583536848288447,0.278535705109083,0.09881697551514364,0.19563008178766347,0.16964040927508556,0.09570420780610467,0.17488997160015246,0.1448402003129051,0.21605007638210344,0.18892811064367654,0.18384280364849764,0.06496868120296358,0.37238160827221145,0.11138604202268179,0.04710813713946113,0.17803650810269978
-74,0.26102519829054416,0.2735214382237288,0.2907379588146989,0.10527087853893984,0.209052754665711,0.1778839164360279,0.09836779784177987,0.18751363349101852,0.1494292507186524,0.22956902250384087,0.19256996191968861,0.18696851267255127,0.07147920176615548,0.3734651885304429,0.12376904004955405,0.05840711487225103,0.18681442933347409
-73,0.27280013066172504,0.288122938339834,0.30377196121064765,0.11322613295096484,0.22115866645074517,0.18766254458036197,0.1006827938082222,0.19918305337906747,0.15395085772718903,0.2425416362076925,0.1958078764668803,0.18909981847254448,0.07922941799367553,0.3797479125079044,0.13607140583342686,0.07070289580246214,0.19586000264958398
-72,0.2830572564864057,0.30317385538033176,0.31699296857847215,0.12404704490400342,0.2330347186991648,0.19787869594462426,0.1021377706260443,0.20953974408132586,0.15688217941168553,0.2537312826834966,0.1991899591276971,0.19088824784005048,0.08784138231750219,0.39171688918300007,0.14952544153277794,0.08455440849454596,0.20526199033069553
-71,0.29106007524481164,0.3173359523705511,0.3297757091523696,0.1370275978447767,0.24592201744378334,0.20821972957488316,0.10399974474130531,0.2185881076640947,0.1616204252007393,0.26297483377563197,0.2020764263863551,0.19344743895848665,0.0965202884222134,0.4085595903282163,0.16224811982235723,0.0994293128010382,0.21492533560822585
-70,0.284472123009158,0.3180479746391806,0.3294183054353582,0.13930346413273587,0.24819108586495306,0.2072034888360783,0.1001510087473926,0.2104713127017158,0.14216363863793674,0.24664490530201863,0.19082117634365486,0.1865979161007586,0.10143716458039531,0.405773554502079,0.16642786921717379,0.11131422701934993,0.21177745094187123
-69,0.27599423103893683,0.31783543535282777,0.32728813611655416,0.14501998432180532,0.25332024827096983,0.20523744392582383,0.09852498039507249,0.20739021508019245,0.1277696450514149,0.23136588384021622,0.17939665283205658,0.17812206822718119,0.10623244864916133,0.40286439370768284,0.16894729581406048,0.12524250417316016,0.20940947292481976
-68,0.2655260264006993,0.3179073576637318,0.32206716409250613,0.15554453182027678,0.2597682418093235,0.20185886560602845,0.09742269839366183,0.2091129566346054,0.11959153231548356,0.21647619588536665,0.16944906418564412,0.16835527572445477,0.11130378806056392,0.3971790576805678,0.17307451939794055,0.13922205732110593,0.20774120831199752
-67,0.2530290758368041,0.31848226566978505,0.3140926380004061,0.16944623995734445,0.26608465335265463,0.19713516475325155,0.0948260413390639,0.21538493783171941,0.11495142450474291,0.20413267948331693,0.15978041406660737,0.15867206196660788,0.11721256263856177,0.3882500113470009,0.1759755794601881,0.15523160748425996,0.2064179598557697
-66,0.2378924745849383,0.3178376945839883,0.3049800330487846,0.1858477037808951,0.27042902062183316,0.1912488306330416,0.0903135562738941,0.22475415849668373,0.11258544076190036,0.1954767944657283,0.15096318061508987,0.14980527647103775,0.12278429355056304,0.3756031633649895,0.18008428985720631,0.17378060163459275,0.20527415704657292
-65,0.22120059537833453,0.3143953466143622,0.29278201561791695,0.2032733392834553,0.2728254730016376,0.18547980880227383,0.08441511136461582,0.23820804172659898,0.11338178294384875,0.19032884868629776,0.1440036729717452,0.14190483724303252,0.12849799177936447,0.36004729594229035,0.1853621676909246,0.19265590171536204,0.2042976394226288
-64,0.2071912440898122,0.30799291284668173,0.2775910591036748,0.2205643846605015,0.27304729422059787,0.17717391428296375,0.07928681264292853,0.2548313534905182,0.11545315886374566,0.18924165795017628,0.1389134203583302,0.13315902056221735,0.13509498039456727,0.3412269906913285,0.1912202264921595,0.2122348902044587,0.2033889575534164
-63,0.19709711818591585,0.30116251631470564,0.26213716228570155,0.23745563048552176,0.26925077773110273,0.16814949158638198,0.07515332998148282,0.26948422488259094,0.1191110182685696,0.1881094712628464,0.13408455040461592,0.12574202320529926,0.14016963416341785,0.3204386223189348,0.19637404999384786,0.2333161157356431,0.2023272335504111
-62,0.18990799907341066,0.29403247438034946,0.2461475939058002,0.25152112884675387,0.2625780901332074,0.160565410633115,0.07166041596146489,0.28061002458829665,0.12180125423879178,0.18809785600111198,0.1303091451697857,0.12032982327972128,0.14212300799247787,0.2980284105267944,0.1987411720044963,0.25448150564123034,0.20068345702355048
-61,0.1814557404891202,0.28759880678852257,0.2303770569188719,0.26331296687060346,0.2546094235404426,0.15622422130483077,0.06993119797546003,0.2868738586644718,0.12423168843142682,0.1881540145601854,0.12705369168004738,0.11689592007158511,0.14124711058945144,0.2748049308564441,0.20121801367111242,0.2770337969498077,0.198813902460149
-60,0.17305595072714614,0.28166127155667164,0.21575426510102452,0.2735309529856477,0.24435436947957512,0.15571751722403335,0.07092464168230911,0.2880426131458985,0.1261219967642025,0.18812283309964542,0.12263692054865123,0.11247082015865947,0.1361799740261518,0.2520008717788703,0.20378545091346711,0.3001561540899655,0.19653228770511996
-59,0.16479185289033238,0.27584765068644723,0.2047792969431097,0.28110443434275145,0.23483041857979656,0.15916317802354704,0.07554132009738455,0.28525965471429193,0.12898351601692049,0.18789420207509216,0.1158499279220713,0.10915742391588854,0.13021927060704563,0.23084899026660893,0.20603280546943226,0.3222009904919845,0.19453155831516902
-58,0.15604801901515022,0.26987434748119477,0.1974323568230891,0.28886471362854643,0.22758674964493486,0.16455437465073033,0.0822420827024108,0.28041792651838604,0.13244555517486084,0.1879247309148018,0.10835213957869519,0.10718075496232149,0.12546243703845925,0.21431204350776384,0.20878868526381264,0.3413956781278723,0.19330516218956437
-57,0.14614310529257907,0.26339100737461907,0.19400683059358664,0.2978046419690007,0.22250235706924273,0.1697001855650042,0.09196104762133316,0.2745229361379501,0.1366537850673441,0.187855720898712,0.10244499635126643,0.10403679336681974,0.12377893769247758,0.20218898079162897,0.21082370026543806,0.35640860398102014,0.1927639768773764
-56,0.13553940109835505,0.25708321679935453,0.19296816101302108,0.3074746199666108,0.2202196489478454,0.1752764519121551,0.10222845287433639,0.2673146104259271,0.1411017576328248,0.1880999926357027,0.0980007432442408,0.100381509329119,0.12386393776734192,0.19597714160677976,0.2125212566359927,0.3686047124596911,0.19291597589683113
-55,0.12312349918258322,0.25191057189325283,0.19275349957134386,0.3175690344157934,0.22059489187361198,0.18071551807570574,0.1130534062848704,0.26081969289003454,0.14705252978083472,0.18818887976454818,0.09544305132682707,0.09797956242211127,0.12780468581877572,0.1960096355690292,0.21458121259679103,0.3750058181379826,0.19391284310025597
-54,0.1122799187160353,0.24837259961196798,0.19323791105730065,0.32687477175993984,0.2234810733127362,0.185013258603379,0.12388499271560889,0.2564382488438538,0.1535924083457086,0.18897377201861892,0.09631115877004513,0.09732156423040224,0.13523690343238542,0.2015881396176073,0.21503743440329298,0.37520863141020244,0.19580329917806777
-53,0.10482113290369414,0.246595939643082,0.1926890384373917,0.33560618237725137,0.22963301487348745,0.18620048674166267,0.13616270395842928,0.25244906578753024,0.15969164734153127,0.191511837662273,0.09792155022784094,0.09676244588698843,0.14342272765190717,0.20442579449397275,0.21387487875145603,0.37260800116834386,0.19777352799417763
-52,0.10051009195292895,0.24567111041046202,0.19108264047302592,0.3406852394064339,0.23794350053008767,0.18528971911410846,0.15096520093869445,0.2494052316308381,0.16609824345762797,0.19549694945287605,0.10031089266547008,0.09644016038926402,0.15067712317591103,0.2043752640745795,0.2105234296794868,0.3665986982839816,0.19950459347723604
-51,0.09999108712190628,0.24534255372995326,0.18949919744367522,0.342011846725582,0.24576158808638066,0.1843738358111409,0.16564231877947383,0.2483244297785689,0.1692155952963376,0.1994199486837303,0.10471450244773628,0.09499516271162303,0.15629253301878204,0.20045509513465035,0.20651328344036407,0.35635082746605956,0.20055648785474778
-50,0.10286449503802184,0.2454803589022903,0.18899460106806806,0.3397583781917855,0.25197251621370775,0.18406945170758676,0.18229800099333632,0.2484381624352479,0.16887840988460862,0.20359666069411025,0.1110498965369616,0.09453720289405212,0.16001363117130019,0.19557002852397126,0.2022264258228283,0.3428111453362564,0.20140996033838332
-49,0.10799006710552946,0.24468556489293544,0.1894445888929368,0.33242155885962593,0.2564447092909734,0.18368950341503065,0.20040080075876845,0.24702900179394544,0.16473932503363006,0.20698457651997462,0.11528195891131328,0.09615048631836424,0.16454298398319542,0.19071935096959824,0.19767583000838004,0.3280380740525254,0.20163989880042044
-48,0.11405341571997252,0.24183000925295542,0.19190508795888844,0.32120859330201457,0.25816332467418784,0.1860324892186282,0.21846221432022989,0.24428221051836632,0.1568851857136776,0.20966788311128712,0.11848682873829872,0.09682647056016641,0.1677621758538139,0.1878246695816031,0.19037710008691425,0.314091561634658,0.2011162012653539
-47,0.12040459510074597,0.23603790571468686,0.19493252872857433,0.3053364060992705,0.2582662165166511,0.19282844937400298,0.23719088928570797,0.24071587695159521,0.14895832431722797,0.21006905993327188,0.12128365737105469,0.09902639086755005,0.16934812522298165,0.18729446417116438,0.18611100914346157,0.2991154980682045,0.20043246230413447
-46,0.1256745733822729,0.22974141294076905,0.19798320573740186,0.29186485074714524,0.2579931790059026,0.20363321129526346,0.2579864660081618,0.23652001398277034,0.14408693595347496,0.20852796429040993,0.12439274580620921,0.10120628844233055,0.16834118076491322,0.18882036165969995,0.18528987255020352,0.28434838313453026,0.20040066535634116
-45,0.12958180682687073,0.224704743534615,0.20085270393264612,0.28166213579575894,0.25724421193503466,0.21642336077453628,0.28032518619531394,0.2309915677047686,0.1395267468510638,0.20467256443563211,0.12674413516621588,0.10237819076567686,0.16449141480071797,0.18986917407395582,0.18605165691921854,0.26880387487946333,0.20027021716196802
-44,0.13010994907646464,0.22158449429480287,0.2025209804590033,0.274749616632618,0.2553437056533203,0.23240434665894355,0.301823203270206,0.22307243287656045,0.13631214511958606,0.20022176252735013,0.12845163796014697,0.10359232097192143,0.1593330237422848,0.1916173244758449,0.18667366978409045,0.2522156860951141,0.20000164372489113
-43,0.12742171948463277,0.22007483796395516,0.20186577746402729,0.2716757147854124,0.2532147312302354,0.24716759291904564,0.3216142346095547,0.21209550990253595,0.13554194067431777,0.19779569502546185,0.12969527257367267,0.10405093683898956,0.15982184750955356,0.19516982351868395,0.18901742821520032,0.23593343163831934,0.2001347808970999
-42,0.12386089161158889,0.2195680154112071,0.19842810711915937,0.27313453451866077,0.25069540259754597,0.2579197610915832,0.33782993624383995,0.19888976100278175,0.13848032041336278,0.19530746768059765,0.1301793923140745,0.10369187500789127,0.16395560607898746,0.20135658807292667,0.19190859236046898,0.2196904477947456,0.20030604370746385
-41,0.12247441329998869,0.218022308330924,0.19378341082442596,0.2783018358801269,0.24766671675460222,0.26561950957999914,0.3499004993280065,0.1856405480802232,0.1439896300222108,0.19237135405491104,0.12944481316103174,0.10257163812084716,0.17053086270214998,0.21273681130257213,0.19262444018334354,0.20395921125286004,0.20060237517988894
-40,0.12262356806547633,0.2147237888265999,0.18983177658277745,0.2865340679210023,0.24539105570486405,0.26911693506882306,0.3564432934146936,0.1730227809751091,0.15038950367781145,0.18809639073955933,0.12858058850103277,0.1002580281930356,0.17999430477747483,0.22807956194673684,0.1898285994016999,0.1920234140628429,0.2009336036162212
-39,0.12341091351137967,0.2107191397205137,0.18490895977933097,0.299008903906166,0.24082950628658967,0.26861480387883274,0.35738159994811247,0.16199260899094606,0.15452009593322677,0.18162848667893905,0.13009680618769992,0.09694308212261564,0.1920188884620864,0.24657083530430843,0.181691436154598,0.18343051924241777,0.2008604116317352
-38,0.1243159961065983,0.20475687960586622,0.1785602833546781,0.31415059340802043,0.2341229072277539,0.2643576224490542,0.35628217551771446,0.1528155319910674,0.15531085092623317,0.17355235054748308,0.13178499500694238,0.09326212752037348,0.2050822704069613,0.2669678279708572,0.17053894974271397,0.17766787559819527,0.20022057733628207
-37,0.1263775094857394,0.19922471760338625,0.170741786200234,0.330119557096917,0.22562746631979924,0.2567951203629321,0.35530868489052414,0.14707321161154038,0.155206905217591,0.1661323955079433,0.13328660705497,0.09193348161411387,0.21697570606540043,0.2900586416119422,0.15828103028682997,0.17458090562260511,0.1998577329095293
-36,0.13116130782920685,0.19645136935053104,0.16059105831190087,0.34274061714920345,0.21604909011116208,0.24541772313646076,0.35610087529739753,0.14405270781855642,0.15329480427179387,0.15848358417111152,0.13280295817411805,0.0918214860618777,0.22620288925516913,0.3152044267466526,0.1485121394435072,0.17594413556175156,0.19967694829315005
-35,0.1403040573862317,0.19559718127508235,0.15028485932900976,0.35014495922968186,0.20479995960201328,0.2357227095539142,0.35733400857152253,0.14419949040254698,0.1501751719608476,0.15265801867721002,0.1313992980292586,0.09173931589314852,0.23275260947844806,0.34149451294495914,0.14073567050800417,0.18139661967222442,0.20004615265713144
-34,0.1514963632624863,0.19762398751397536,0.14182797106309747,0.35322415102636884,0.19126369506454993,0.22798780883264466,0.3602571270921525,0.14472132316420686,0.1443868832034806,0.14673395662608668,0.127883071055271,0.0921387521500196,0.23617475301537966,0.3664440662776486,0.13512286669456336,0.19126314720668475,0.2005343702030385
-33,0.16183259839664094,0.20137948581061765,0.13592111475031712,0.34997742108733776,0.17600779392430574,0.22270312986487162,0.36460378206494476,0.14706664479677586,0.1370925704216119,0.1393556370346049,0.1253929808755499,0.09336168406507085,0.2385022556690402,0.38916538454660937,0.13092685506295085,0.20349533585916224,0.20104904213940072
-32,0.17215858719312865,0.2066542997662851,0.1337656448346569,0.3435171523975168,0.1586380998642112,0.21902055187790598,0.36773078508619844,0.150824092323751,0.129181161823769,0.1326510759768146,0.12412457827458989,0.09780650745115504,0.24169164455280004,0.40926876403344076,0.1275716834972654,0.21729863367863717,0.20199395391450786
-31,0.18239000853098833,0.21386736303964451,0.13592297857284655,0.33464630537682016,0.14148509696640127,0.21387514420436782,0.370926995906892,0.15540224957638854,0.12359294340295976,0.12740141520462311,0.12378670168148924,0.10644913187493772,0.24560221752475137,0.4265424459343728,0.1256082193368839,0.23349377415906486,0.2038120619558395
-30,0.19125901906389728,0.22080068434667238,0.14264811821420972,0.3233681303526101,0.1268270873129954,0.2078617846766623,0.37107919171795645,0.16042197027806449,0.12154287162908317,0.12377139385502237,0.12322448649042735,0.11685326875308386,0.25122421411392803,0.4410077249797946,0.12615625165490085,0.24878320262557696,0.20605183750405534
-29,0.19863855191778032,0.23043840939618554,0.15156389540693654,0.31703982374218326,0.11528055761544749,0.19958317196904785,0.3675062697495971,0.16541537270195264,0.12169347784296691,0.1228920167446117,0.12413187775318224,0.12756533253709781,0.25425776929751953,0.45212937986828505,0.12903834347050827,0.26198515918298954,0.20869746307476822
-28,0.2043902962546936,0.24248169150008597,0.16196906981908354,0.3161111368769241,0.10836379056182474,0.19099755993305192,0.36188110945766794,0.1691336855927619,0.12389713969583005,0.12429946021172937,0.1234443214209037,0.13992415887982634,0.2555725743053153,0.4600862404552314,0.13405579877845797,0.27194104462273205,0.2117843173978825
-27,0.20733086430916958,0.2552243345118451,0.1739720752306307,0.32139937182945566,0.10591855214082047,0.1810260340774203,0.3545939080408852,0.17087487738960389,0.12703901858747796,0.12736240053742462,0.12210541548218071,0.1519566985090193,0.25764047164843007,0.46526385829468964,0.1372856364230469,0.2797065948392105,0.2149187569907069
-26,0.20876277031414164,0.26522587220429983,0.18845899948391565,0.32608550304413886,0.1055703839971867,0.17149147074060642,0.3462185500640381,0.17036913435613538,0.13015817077371306,0.12760828446491684,0.11947779742068707,0.16363036889724097,0.26183339342846673,0.4679363920768112,0.13749620962834905,0.28419850796345625,0.2171576130536315
-25,0.20987858256523495,0.2720782412819938,0.20525916078515566,0.32720092566250314,0.10740030164588674,0.16296579995757085,0.3344972599993635,0.16804013546742075,0.13427788947661345,0.1268939367213478,0.11660802628035902,0.17655770571508062,0.26797942929336827,0.46963657647670853,0.13716898062779634,0.28600065420459597,0.21890272538506245
-24,0.2110181695432302,0.27463753678690467,0.22309215566536275,0.3250508815938661,0.11254023693702749,0.1546423966052843,0.3201023175505599,0.16573065796030848,0.13748819637478876,0.12643494726120824,0.1140920752031517,0.19030119902034479,0.2745638624063141,0.4703143996041309,0.13695283743334943,0.2849579034824713,0.22011998583926895
-23,0.21294511409978112,0.2717051079816672,0.24168868360049847,0.3179358673164573,0.11968437324466001,0.14942040094534725,0.30658214881726825,0.16361365421193233,0.13856267846786938,0.1252047876070382,0.11323213892483949,0.20223508004942237,0.27559376793986473,0.47034603008482667,0.13616555852285228,0.2831235326501793,0.22050243277903153
-22,0.2174074585834545,0.26471355053202184,0.26119562354600984,0.30751726611672636,0.12778965816086568,0.14892040056383762,0.2965580477666113,0.1606364359844712,0.13899447991636688,0.12469624809046971,0.11519764351576353,0.21080035697882119,0.27398455546292283,0.4702712451239458,0.13515026724530266,0.2821622908757616,0.22099972052895955
-21,0.22178724274258066,0.2609393787752893,0.27853639323332996,0.2951800430377177,0.13648855593364845,0.1506395484428003,0.28928582008714915,0.1574629516773734,0.1358659956096947,0.12399246816125375,0.1212724580427617,0.21518739046990448,0.2708535960110971,0.4670503540550707,0.13469999835222576,0.28091491987780215,0.2212598196568562
-20,0.2259440638140692,0.2613941561648932,0.28979105103901115,0.2817252551705707,0.14455756934941894,0.155642386753355,0.2838648096458204,0.15653185963027938,0.1300245475747998,0.12370655817610846,0.13103643913758076,0.21805102512008578,0.26766372076824474,0.4624870372181863,0.13389149879977086,0.2769465898844471,0.2214536605154151
-19,0.22972901367651205,0.2664214019529025,0.2974056066218712,0.2678790787430001,0.15341820901551984,0.16272283529417825,0.2814896938653159,0.1586347836357123,0.12238565498242278,0.12506990096680262,0.1407941201193336,0.22043362969363364,0.2622594599788792,0.4563431298946883,0.13402648069914908,0.2716220193822574,0.2219146886576362
-18,0.23336843451685718,0.2767566797788736,0.3011972677506763,0.25513220746145204,0.16183871248331333,0.17199201064343575,0.27863637936304897,0.1608648615594541,0.11384171799218515,0.12863850769673177,0.1513802498427288,0.2223838725907505,0.2547175265777181,0.4489225410496863,0.13571451604032309,0.26474080202316447,0.22250789296064996
-17,0.23370446113874133,0.2904181348856373,0.302343015936572,0.24327611559356505,0.16958452858593098,0.1852097936204198,0.27381492557223186,0.16206181449477186,0.10593569200117396,0.1324180405249256,0.1623569078369602,0.2230100302658749,0.24567295804349207,0.4409706928815055,0.13598528906700208,0.2576635617419827,0.2227766226369242
-16,0.23102747043970231,0.3036783567210694,0.30416287512110274,0.23320805821591944,0.17646747561428533,0.1999344174838621,0.26870146083582364,0.1636295376262962,0.09866653488363542,0.13466508818396095,0.17425556044850932,0.2221600616368354,0.23816403269423633,0.4305132901635374,0.1339064947405384,0.24958883107165186,0.2226705966175604
-15,0.22691774887483862,0.31440287693776453,0.3066099265360104,0.22472635447526929,0.18190324049041576,0.2125420735904679,0.26365978507791965,0.1643136487203648,0.09290068674837704,0.13388735702771526,0.18531155103651148,0.21969544413093986,0.2311724170129283,0.41745458081210385,0.13259752195426086,0.2416050252358683,0.22185626491635974
-14,0.22150447830340675,0.3207794865312126,0.30841680582467296,0.21842685530982825,0.18600275856118392,0.22263163851227902,0.25678783520715726,0.1650729380565422,0.08954105903871937,0.13138837537795875,0.1952759938310689,0.218028989909065,0.22619582377192451,0.40193206360196554,0.13297557797675236,0.23533643810166657,0.22064356986971273
-13,0.21594901242448503,0.3234411552880069,0.30970853924581465,0.21716915510800566,0.1893590011379922,0.23061205631029713,0.2475697238115723,0.16584821879683279,0.09075404788859495,0.1300152727042087,0.19921268498579642,0.2156508221867021,0.2207445350191767,0.3843650142722729,0.1348418348926021,0.22948041728490326,0.21904509320982898
-12,0.20908469145682598,0.32211740620130186,0.30985584559522894,0.2194524155235777,0.19433046180821983,0.23824792347249707,0.23731609868110265,0.1690795476984324,0.09484586336719307,0.12930998569341873,0.19726727712098507,0.2107540365429,0.21442244116519368,0.36501423870935096,0.13635767568772864,0.22420633752488156,0.2169788903905524
-11,0.2011881603207067,0.3179747097954865,0.30718755789609087,0.22464675336480347,0.19974294746015075,0.24706169560759225,0.22729132578649822,0.17323014932247957,0.09908537526789483,0.13024946530064713,0.19475334498008046,0.20380476159696553,0.20929033074287404,0.3475279732860248,0.1361706422327576,0.21972959167106917,0.21493342403950763
-10,0.19179882730560419,0.3134961480555315,0.30125006604691673,0.23196207600688518,0.20437177773453255,0.2561349907277298,0.21855017846271343,0.17663434236206296,0.10353531217143426,0.1337403805992599,0.19454160259663236,0.1953668069506451,0.20248990079393686,0.3315302523887179,0.1332379000876396,0.2177091238431092,0.21289685538333447
-9,0.1831413415429685,0.308789634991987,0.2936745966111306,0.23516936343896994,0.20789122174322153,0.2658238896081995,0.2110967782587553,0.1796136683105732,0.10692402748906785,0.13847008530201566,0.19541911723174255,0.18461776956205575,0.19814955376030718,0.31779608265055137,0.1283623352780683,0.21712803098465566,0.21075421854776688
-8,0.1763345877663661,0.3045798358062353,0.2846286117900681,0.23288663744103055,0.21164787392047338,0.2726503052552057,0.20637564427111035,0.18219318261925008,0.10982669609665567,0.14261551960441982,0.19928544732473621,0.1721968176802719,0.19610286372271069,0.3070192080337697,0.12406884112673175,0.21791621656956428,0.20877051806428748
-7,0.17270197565828982,0.30037408554907785,0.2743493395702513,0.2264593844286335,0.21606448509208426,0.2757917154034736,0.2019257952803469,0.184571196566718,0.11089705006022381,0.14707244289700602,0.20345218626190964,0.15613083651510712,0.19566752967885273,0.2996986106378241,0.12129030977291504,0.2202730850654225,0.2066700017773835
-6,0.1734198836334595,0.2980693416722609,0.26119820400018046,0.2165536457298165,0.2209408970791204,0.276043333093027,0.19850703903930833,0.1875366591175896,0.11044709946016806,0.15487184393430276,0.20887109785750496,0.13913266497471954,0.19603106343538237,0.2963035943467255,0.11935771024956845,0.22357359451004277,0.20505360450832355
-5,0.17671242946859908,0.2993554652155854,0.2460140863768691,0.20543639176861284,0.22675133075753381,0.2717846657931557,0.1972747746766596,0.19012442563866355,0.10749846817344406,0.16438699072166857,0.21464788679257496,0.1210015808514037,0.1968656165352138,0.29631386767596596,0.11841580076752292,0.22906484557823698,0.2038530391744819
-4,0.18218749635478956,0.30395064747042716,0.22947090243197107,0.19382112582097027,0.2311462870367919,0.2646951944991734,0.19862793851370258,0.1931081344860927,0.10463954596884575,0.17243025527096265,0.21964738833779465,0.1022275226525303,0.19651440130370995,0.2998353321840795,0.11868798433950634,0.23662524814125363,0.20297596280078758
-3,0.1879069527283927,0.3114905504472603,0.21289067407767442,0.1837060884222928,0.23338672604533328,0.2537651689773584,0.19929773959997665,0.1973958101681478,0.10069492730944293,0.17883386906823734,0.22100636861723535,0.08345975584349244,0.19735107390207776,0.30542917860678515,0.12049187470095761,0.2440332588723259,0.20194625108668696
-2,0.19024515949088525,0.3204795583518109,0.19799930870664162,0.17539831497856057,0.2355801393695563,0.23861110148498182,0.19825732868523688,0.20416357524668202,0.09502855794106152,0.1831283187785316,0.21599831784252777,0.06837938479789202,0.1992229453459912,0.3109075057885455,0.12336846820005853,0.2501626136930694,0.20043316241887704
-1,0.18910176338061824,0.32577830768400134,0.18572569789103016,0.16881564503209176,0.2394215013645573,0.22161613835997765,0.19538211582744017,0.21286235616841126,0.08994925601973094,0.18789388683144975,0.20563899941125086,0.05892043483067959,0.2025035054807666,0.31698524856618715,0.12709465862940045,0.25463831552044863,0.19889548943737761
0,0.18556604097574322,0.32830302206940976,0.1785342327570691,0.16497330239010194,0.2460865853072362,0.2046015837165124,0.19240696850098968,0.22065240336551395,0.08531193822661196,0.19225785640167437,0.1917605655304404,0.054682709932173924,0.20441341750651382,0.3214370884316632,0.1313775006346026,0.2581260954364127,0.19753070694891683
1,0.1811423526801954,0.3263773693901533,0.17380468877450866,0.16321847676815776,0.2522409757479039,0.1889824537342961,0.1882132071866731,0.22671495579129455,0.0832138959815161,0.1952440250503788,0.1769272192022019,0.05405136996858166,0.20541378564841462,0.3245791638704205,0.1377633228301905,0.2612295646037863,0.19619480170179207
2,0.17703908211950145,0.3202096144795412,0.171579220372356,0.1636037483856822,0.25865970781927067,0.17445148915573466,0.18361914692343204,0.2315353934800987,0.08381579333371451,0.1968791182173467,0.1633135965435454,0.05605953731813647,0.2053606318623344,0.3255188558626746,0.14545724875922553,0.2644665015099224,0.1950980428839073
3,0.17449830207464612,0.3114261714040062,0.17213913467559577,0.1673597739715495,0.26437140072136506,0.16000647135642151,0.1795552617207409,0.23502838935031795,0.08485876532737745,0.19837748390420065,0.15205013473996376,0.059578700585141045,0.2045434161016247,0.32463219189877,0.1557899620911743,0.268303195143345,0.19453242219164
4,0.17487206770234004,0.3015603645660126,0.1736310511020386,0.17337034199956122,0.2703180534151068,0.14623973191131268,0.173386853337991,0.23637774033638945,0.08915689583866714,0.1988904455720411,0.14322261529718144,0.06463982568143123,0.20129980474686354,0.3238294254348432,0.16565428000951676,0.27175569375279757,0.19426282441900591
5,0.17471875727669522,0.2919839625575328,0.1740328378409884,0.18231501088686436,0.27603034516232194,0.1341488961952735,0.16672377485448925,0.23680014152902124,0.09061558396238259,0.19919335692604723,0.13733650433473316,0.07141015803718263,0.19695855010718927,0.32292575043471816,0.171943737425096,0.27816290958096024,0.1940812673194685
6,0.17443513842216932,0.2840300379555264,0.17254840130097282,0.1938784158748676,0.28373230882905076,0.12421938748953273,0.1590151240608697,0.23531728385588827,0.09034351431755859,0.200151765487434,0.1353388190042939,0.07904640474669983,0.1906236692045099,0.32171475495997914,0.17582216248790622,0.28360991191967033,0.1939891937448081
7,0.1720034396033495,0.2756978647711086,0.1669758038881778,0.20590328478005585,0.29428453797127646,0.11615627965415172,0.15189285520322338,0.22969133765927854,0.0865755435628152,0.20017275951413302,0.14001005994038646,0.0857706302569647,0.18578245289955977,0.32019936871784715,0.17980876816564614,0.28813440112775235,0.19369121173223292
8,0.16827558868776687,0.2674821135843021,0.15919312091534255,0.21573140634184487,0.30361842124812954,0.11012364222986229,0.14627170414190555,0.21867747226591097,0.08223002237376179,0.1996777177328048,0.14966109029452063,0.09074071185371657,0.18347088590951172,0.31908017294824115,0.18452081159412642,0.29189168045988667,0.19316541016135214
9,0.16178010906692936,0.26069769754611755,0.15161839119249032,0.2239765039087945,0.3120337308388009,0.10497313735744052,0.14114844739054977,0.20530391038949677,0.07802655344186893,0.19940181828357076,0.157342169036547,0.0935543454514167,0.18360734566774922,0.31617691967447614,0.19122060142585823,0.29426474050044427,0.19219540132328444
10,0.15319491705078636,0.2557721994785819,0.14477042892240202,0.23146730195190085,0.31808070473955563,0.10261880204171707,0.1355575109637103,0.19112934431497838,0.0736388198878419,0.19914789887247716,0.15952318775852653,0.0950347295139259,0.18595187801226357,0.3116162094159803,0.19994372362287696,0.29661849251070216,0.19087913431613918
11,0.14619292315162835,0.2506860620586637,0.13925323226071054,0.23722906412823908,0.3239898400609297,0.10430522825597206,0.1302595679939611,0.17828962935702058,0.06999726409668244,0.19718044842176086,0.15806276131516372,0.09753360471597065,0.18952548269120323,0.3043511496932839,0.20811385884765926,0.29947415341654504,0.18965276690408714
12,0.14068760566286623,0.24666283528634833,0.1333238800367143,0.24229815704295343,0.326736090620599,0.10978535969788816,0.12284291458971888,0.16792282783762216,0.06645442757625797,0.19572857575051217,0.15351520787661835,0.10189113657475343,0.19632809528002415,0.29296324339083285,0.21448362845687904,0.30197398726216296,0.18834987330892194
13,0.1355549926494559,0.24473818629216165,0.12849138125234882,0.24812508816741047,0.3260686726011292,0.1195485962736063,0.11455596375418224,0.16064043266564537,0.06524012722403051,0.19422050698662963,0.1469550110238131,0.1067380931561653,0.20536132832465898,0.27979315043176767,0.21636133508038963,0.30287844815285647,0.1872044571272657
14,0.13139070903664635,0.24609489047351127,0.12675846535273205,0.2558534509708922,0.32098619222315483,0.13091710033141526,0.10616096518195131,0.15684812869274636,0.06464677718753312,0.1944861283832523,0.13842965856738595,0.11234572686072568,0.21639884847469787,0.2699941811872936,0.21624305149945727,0.30235269848429575,0.18686918580673073
15,0.12877754571982894,0.24869798302636076,0.12747603208103447,0.26890548649413326,0.31267282814025693,0.14431631102587988,0.09905145765486364,0.1573624813323549,0.065051645951602,0.1963165602556083,0.12948420143331,0.11961369119724538,0.22952744586110918,0.2645604736477306,0.21622064131606283,0.30011045266427416,0.18800907736260344
16,0.12736300847243348,0.25303118773348104,0.13149476386248118,0.28589409098131763,0.30236378064714337,0.15754203780769965,0.09503980901972614,0.16085184030524008,0.06595891456280457,0.1997503750969139,0.12082605851303893,0.1294010033691186,0.24438392169153983,0.2619309938446456,0.2175150629800487,0.3004303133623444,0.19086107264062357
17,0.12679264497546658,0.25893571138357274,0.13574835190338216,0.30664461727549325,0.2946098005082996,0.17194268384684117,0.0940873985721871,0.16411838987172384,0.06936321975080459,0.20313647981679747,0.11404786049221312,0.14098475392189067,0.25933043483823454,0.2616801911456034,0.2212172248749837,0.30195764679705606,0.19528733812340937
18,0.127852909641403,0.2675763324734971,0.1389463514379208,0.3289226385649757,0.29028579077999433,0.18799989809974332,0.096164720794326,0.16666659122226343,0.07436802771427768,0.20573957682381075,0.11149465748441967,0.15274896513672567,0.2734762151590835,0.2617297365463299,0.2272988432100928,0.3066145737248362,0.20111786430085624
19,0.1299711880057383,0.2777168225533655,0.14212027856812567,0.35154918424958365,0.28887451253012164,0.20593627895487226,0.10171146230766084,0.1668202410688049,0.08063349776920627,0.20641302685486843,0.11220481781914707,0.16245523845779558,0.2867045997504464,0.26123147555821846,0.2364587496566979,0.3144964799898749,0.20783111588090797
20,0.1326115341550544,0.28896655259640724,0.1447779293776987,0.37231449444596193,0.29019020128203943,0.22244264992975404,0.1105765833103223,0.16557376800071244,0.08668573415272848,0.20617467657785732,0.11475574848204928,0.16965299735990877,0.30169876372876436,0.26065182660440017,0.2486663820884373,0.32357584229803343,0.2149572302743831
21,0.13748846260724956,0.3017717870331655,0.14716163471225457,0.3908516806353684,0.29649705156051265,0.23552853756796707,0.12216898444261673,0.1628928493329105,0.09161519600042874,0.20571939425439126,0.11877683375270302,0.17535009288467368,0.3170465034912711,0.25903628122113365,0.26265705920866406,0.3327016629183278,0.2223290007264774
22,0.14350634391486689,0.3164749773691807,0.15130155919634128,0.4067592935065781,0.3040962906841912,0.2444243886866885,0.13425263717121483,0.16062377265403954,0.0952947135032067,0.20452330763142176,0.12094439473405154,0.17987032659356583,0.3307505359595112,0.25492337098867407,0.2780174411418196,0.343115981799283,0.22930495847091464
23,0.15181613495721197,0.33121386027339184,0.1550864486171276,0.4188417865958957,0.31401856975470127,0.24975593893837594,0.1445717886354192,0.15943725853773227,0.09819977831090194,0.2022787567374857,0.12075708726758119,0.18613298700577136,0.34257317669494214,0.24650239260357823,0.29178197498117947,0.35327759161548933,0.23539034572042408
24,0.15945534386750698,0.34376207552767307,0.15890070611648316,0.42603318482651725,0.3239333273650876,0.25343224271619313,0.1542467170780685,0.15749378390503366,0.09904472144791893,0.1994882115316845,0.11816505331096058,0.1933729902180008,0.3532220601585937,0.23341894822941608,0.30390151167704105,0.36293706771356976,0.24005049660560931
25,0.16555355467896457,0.3538782343610949,0.1648075054577009,0.42759153655399995,0.3345998294261637,0.25564047917550553,0.16279193278560458,0.1540411554746329,0.09964950992419899,0.19575735318359683,0.11462145766897078,0.19993806132518352,0.3611858974427982,0.21804093286192977,0.31556501872748743,0.3680824105788157,0.2432340543516655
26,0.1687889532187441,0.36151601195211996,0.17151502438974325,0.4242800567522467,0.34466755472191,0.2572736964306963,0.17027889234164104,0.15138104947610337,0.09850636648105093,0.19123553991186143,0.10954038259715822,0.20333496948970048,0.36765884682795213,0.2081241338013712,0.3250030070058211,0.3702797102743397,0.24521151222952872
27,0.17022089294006243,0.3685251547588683,0.18049695154281722,0.4160832617423604,0.34961118301926253,0.25704479270343994,0.1758441279420686,0.15271348245885244,0.10106290601216887,0.18672869232078923,0.10321946412297871,0.20739346119724864,0.37044594216813437,0.20341094757090167,0.33053656068488013,0.37183096337150096,0.2465730490347709
28,0.16978633393796333,0.3748568567701744,0.19031756273612643,0.40599376492478284,0.35173651071230727,0.2540321937887974,0.17916801071264501,0.15631994083511125,0.10593789008858254,0.1811215144523565,0.0970134396210969,0.21171708491410146,0.36848906527666986,0.20095269034978985,0.3333637411443748,0.37298784054420625,0.24711215255056787
29,0.1701493834119184,0.3808663148653806,0.19997417964526476,0.3942171895829867,0.3503834290176514,0.24915777463451355,0.1804888446451135,0.15946039599756948,0.11259329238041771,0.1738707011582335,0.09021422875974675,0.21530983852857596,0.3607489704464952,0.20039142083401865,0.33275179741439637,0.37505689774154066,0.24660216619148898
30,0.17430997043576676,0.3845441105333149,0.20969557704081074,0.381689794076403,0.3467233638723429,0.2422772154758189,0.18026864247784233,0.16224845770297222,0.11913686777973584,0.16640712544910446,0.08476503175455072,0.21701823611145415,0.3482345544903852,0.20152691989571894,0.33064872115942545,0.37742265452209783,0.24543232767360904
31,0.17863667272202366,0.38599254544142453,0.21925335769875853,0.3696912486760677,0.33944953924613486,0.2338472057589061,0.17658985846822345,0.16226142710650274,0.12605596716421835,0.15879471445434928,0.08037094156616441,0.2173138322251063,0.33353924323887585,0.20454305397982533,0.32994120039580405,0.3799099452513797,0.2435119220871103
32,0.18380112136826823,0.38506334189813163,0.230687954626351,0.3645436303837811,0.3311721825741498,0.22420789537979674,0.1726274737197255,0.16019419736624602,0.13379278097640687,0.15161172458437605,0.07589121366526765,0.21413137367028487,0.3167297445941554,0.2091437068851175,0.3300091069613714,0.3831224819931492,0.24167062066541117
33,0.19068992556304168,0.3826014956800835,0.24244123063101491,0.36389786800234925,0.3214164023677169,0.21284832411195848,0.17075928902106804,0.15531515831133108,0.14194793332128794,0.1455759809610288,0.07402497468934402,0.20992886628572682,0.29788922047079747,0.2142012357943564,0.33399795268626625,0.3872509103372058,0.24029917301466108
34,0.19739641101179964,0.37772548830113795,0.25326473757350876,0.3661066840697073,0.31531507912042295,0.20020799779549908,0.16981331558037682,0.1494873253332597,0.15042309092381062,0.13923107160235862,0.07534588413256535,0.20525185859096343,0.27861152788314764,0.215972863212378,0.33867738298065864,0.39164836205892245,0.23902994251065734
35,0.20135378451094868,0.3710384215549146,0.2625383231019933,0.3671281478776297,0.31240213167127495,0.1896161505647631,0.16775262296814883,0.1435184620728206,0.15937893590260105,0.13169387979610783,0.08107743471589794,0.19955515295193815,0.2590424758246545,0.2138668747421478,0.341002871299221,0.39621241973585963,0.2373236305806826
36,0.20293650931454565,0.3622873362967987,0.27123818396908783,0.36760306170706986,0.31509838155519054,0.18269100944536223,0.16261754841723314,0.13805100824499617,0.16564770978774518,0.12320913089468835,0.09134823757224561,0.1929753078569832,0.2415801591160544,0.21031246974979684,0.3416681024861116,0.39798363768685874,0.235452987131298
37,0.20353760257109274,0.3506801626348712,0.28225871074789,0.36466517601694914,0.31747691781222015,0.17860245463340269,0.1555840457292355,0.13474314003257107,0.16968763827486505,0.11599420531552425,0.10636051232397188,0.18716282588507752,0.22481775111390206,0.20523619248404254,0.34052551551879967,0.39639908693904313,0.23335824612709113
38,0.20224556303202537,0.33494229355579735,0.29318984188761044,0.35941860131977793,0.31736553172884807,0.17642782297429696,0.14639465842802318,0.13386133904737335,0.17268569799109382,0.10942195708205456,0.12494068966172509,0.18181162629263528,0.20704194088324618,0.2010472430689283,0.33967145225789974,0.38922677486810764,0.2306058146299652
39,0.20008790303778223,0.3162936911347517,0.30300287820178873,0.3514530481102648,0.31359782336553266,0.17392904861053232,0.13661107253728672,0.1347132632037232,0.17417956246379923,0.10353791828437642,0.14453749772397312,0.17732467174004024,0.18774212084596817,0.19585953349690893,0.3376797775107498,0.37676874980720504,0.2267074100046677
40,0.19635886737339356,0.2947354589654807,0.3111804278970165,0.3427621757580667,0.3060039787070578,0.17331379138604347,0.12534560208217363,0.13644188080161396,0.1755761935505977,0.09842123267095126,0.16387429506040901,0.17429919412387532,0.16695217255214215,0.1895002781419944,0.333806810654193,0.3617293285204432,0.22189385551534077
41,0.1889186386855917,0.272673951565652,0.31733794825800865,0.3320140337269746,0.2949938894071348,0.17441392869942826,0.11164815595766446,0.1392413532614335,0.17550227272637953,0.09373019131333686,0.1819760976214838,0.17054825704621934,0.1471649150382735,0.18357089466525597,0.3286847392708299,0.34612875840650653,0.21615925160313584
42,0.17939629814604008,0.2510232772945894,0.32071848515959495,0.3196917100797485,0.2826233544414201,0.17622739427717565,0.09820732676817248,0.14287065053405917,0.1728035767792454,0.09159211983660036,0.20154139685032266,0.16548745068727838,0.13027918597350446,0.179315555586267,0.322315654859928,0.3282654519885889,0.21014743057890847
43,0.1682301428195713,0.2319140684087714,0.3234124687457408,0.3070393142937581,0.26696539882640946,0.17790860323802526,0.08666824867931806,0.14717430884842891,0.1694432351769445,0.09131268570252805,0.22060086967580425,0.15597610186162997,0.11728485814006742,0.17793985021582998,0.31613547932745173,0.3099903085679114,0.2042497464080119
44,0.15677066836879647,0.21656457590990702,0.324581981177362,0.29613528665642475,0.2512653185482615,0.1796126729197467,0.07696430107897398,0.15307667332843683,0.16880948634976126,0.095094640269317,0.23710917539624915,0.1437207169492069,0.10700332834958999,0.1816819214998125,0.31135856358553526,0.29261123480582835,0.1995225340745756
45,0.1493794555728335,0.2046389485734156,0.32543950944829675,0.28820827834425977,0.23521633362186217,0.17819806469874333,0.06905788800628673,0.16049465744225447,0.17167217460195963,0.10284149639947786,0.2512862314946232,0.1308259063890535,0.09927055951313672,0.18905872296309564,0.3058991210955654,0.2753178779754481,0.19605032663376953
46,0.14692551081023647,0.19501234029776032,0.32727590810394247,0.28124040659389105,0.21761499899895095,0.17354869600629153,0.06333379136777793,0.16832345546931,0.17780863949070058,0.11321812765690213,0.2634546748453202,0.12009452563865335,0.0927990951284432,0.19225337774241757,0.3012866862755364,0.2602640666269181,0.19340339381581578
47,0.14915436531756393,0.18722413552098757,0.32993709746574096,0.27788893138514265,0.20163393308513733,0.17119057403893134,0.058512751312973385,0.17634923033761066,0.18305394566651925,0.125186499085693,0.27195423874315894,0.11057494671415394,0.08910770349568856,0.19193181041313898,0.2971605048420775,0.24503151725321465,0.1916182615423583
48,0.15802433497892546,0.18038368692193976,0.3314267885706611,0.27779655252558483,0.18712404622146334,0.17317505843089606,0.056695865266716015,0.1848357576179386,0.18821431203693742,0.13891833198220457,0.2768468960080306,0.10111129203359552,0.08856884792598307,0.18987437245337746,0.2939732702110194,0.22915030181640406,0.19100748218760483
49,0.17131851995028727,0.17509148772189947,0.3308556694424577,0.2804617500797997,0.17342340909827458,0.17938614869308048,0.05698810248798678,0.19457587152522904,0.1924881216887403,0.15278720608689805,0.2812504766272016,0.0930648071518575,0.092383587087169,0.1874351270060935,0.2927962520267291,0.2123285525958407,0.19166469307934653
50,0.18588293063210026,0.17175776528507994,0.327008914570246,0.28425840252422285,0.1631949056999522,0.18845276605938613,0.05998417252005232,0.20592887826205683,0.1975837986680498,0.16331392884516954,0.28676178181397977,0.08895601651622241,0.09922743441172877,0.18405326385048779,0.2925303088689022,0.19223626347189715,0.19319572074997088
51,0.1992751602625912,0.17113266474352062,0.32161616669838977,0.28812129458407143,0.15497558039217613,0.1972132377859579,0.06819642111123699,0.21879899187693144,0.20306607016195524,0.17280016866885628,0.2934294238160192,0.08601653694260115,0.1039946362564333,0.17855300400023738,0.2922320156855949,0.1768856358148884,0.19539418805009134
52,0.20907939104602336,0.17289264180393413,0.3137656772608471,0.28685327323915183,0.1491281842863034,0.20367089775372688,0.08028483539393308,0.2317826753692372,0.2078553255511478,0.1810145679472687,0.301309811646986,0.08635257991481966,0.1078825793471698,0.17384857027367842,0.2919870012250674,0.16438391041429562,0.1976307451545994
53,0.216796611780725,0.1757692954563241,0.30487824208684705,0.282638311742231,0.1470577184336253,0.20852837207423422,0.09291182491475704,0.24525639389053575,0.2117518693317003,0.18760698921580815,0.3099592612068118,0.08921208667647326,0.10943032462020545,0.16942620555110213,0.2910890780232941,0.15511759801072006,0.19983938643846216
54,0.22287598602886777,0.18023270478561296,0.2963249991643631,0.2770898198692039,0.14435198005474614,0.21150855733458523,0.10563955750041258,0.25745869519673537,0.21521092763846092,0.19210695648317203,0.3183907500960391,0.09181838279532725,0.10931343825765186,0.16624646029814893,0.2887844620384733,0.14921057430951418,0.20166026574070717
55,0.23015442076053114,0.18629045360068663,0.28909723790817454,0.26978337434566935,0.14095416228297902,0.21090987670169065,0.11839678373362741,0.26626186369016674,0.21884526440002153,0.19559032433912435,0.32444659691678196,0.09242903618922416,0.1076584130949196,0.16375454266750045,0.28422490852078525,0.14343021470070583,0.2026392171157868
56,0.23867245578639004,0.1921784672183094,0.2833918410565711,0.2588391663263562,0.13558534590915494,0.20926814859611134,0.12987351946482342,0.27102541892775367,0.22519012813423672,0.1983125300729836,0.32720667244084206,0.09054039655534789,0.10417665607280946,0.1593937813508429,0.2773479774282303,0.138577934836979,0.20247377751110887
57,0.2489366004333637,0.1994132332086301,0.2777882735338726,0.2461840640196932,0.13079991104457622,0.20453612462434495,0.14130657165294408,0.271707675503596,0.23181564836655655,0.2004171034805447,0.3270372422798901,0.0866592728422717,0.10106339147952485,0.15488869566205393,0.26625987807276447,0.13412543465839386,0.20143369505393882
58,0.2594655282886603,0.20981944847227885,0.2721788813409828,0.23107656514089253,0.12801615341895967,0.19858080322760033,0.150568812555607,0.2697932766388974,0.2380680077379592,0.20323324382423574,0.32301467630916514,0.07995576440730598,0.1011319760593904,0.15041296647727131,0.25131381481237863,0.12949336422015922,0.19975770518323402
59,0.26950462628258653,0.22199897427375626,0.2676403335410031,0.21402622462902224,0.1292970632591063,0.19305350563970985,0.15549856725993563,0.2667889400692497,0.24472300144676615,0.20744926518861556,0.31592712166510767,0.07435684371166107,0.1047856660797383,0.14729329114735873,0.23459060731262835,0.12493226062912226,0.19824164325846047
60,0.279043624503933,0.2337365322989971,0.2652769304162604,0.19448945643829121,0.13462840806201057,0.18862267866431787,0.15810374233614305,0.26222135842352773,0.2519785885934998,0.21140364116553592,0.30819730174315957,0.06898950360539542,0.10890721866541778,0.1450547433299855,0.21791143724408385,0.12221770730421984,0.19692392954967367
61,0.2897671987647875,0.2431565172162006,0.26599731194775983,0.17905608926706762,0.14309644765894097,0.18531374611953572,0.15870010655208716,0.25638758655858873,0.25988425643039237,0.21427624440187715,0.2995043486177905,0.06629672814610911,0.10997010842188344,0.14436617848229255,0.2014412921108229,0.12267443021344868,0.19624303693184905
62,0.3002053137496795,0.24789708499638352,0.26879475997658797,0.16903683910727113,0.15631337785952462,0.18424676854698158,0.15749551169873768,0.2496858696500091,0.26955221069858315,0.21355799450801335,0.2877621681187347,0.0673530231185926,0.11128765747236709,0.14521731468453467,0.1859867631230493,0.1267278901924765,0.1963200342188454
63,0.30905066407218856,0.24896319232602426,0.2714715491025236,0.1647756055350493,0.17378810981337195,0.18656526183299643,0.15829567357012359,0.24298316744989057,0.2788860501458198,0.21005685428976378,0.27399727738997187,0.0731171289862261,0.11097101397643602,0.1482537384101371,0.17293493935695609,0.13255257740175935,0.19729142522870238
64,0.3165258418620983,0.2474677352175188,0.27572332172569425,0.16520869571377364,0.19434402698598804,0.1915664761748859,0.16263165562951637,0.237278036312915,0.2857240547118055,0.20258835263582692,0.25914449399204464,0.08192762876295487,0.10964692899445923,0.15087854645565374,0.161849678413582,0.13817706977277228,0.1987926589600931
65,0.3192246219760916,0.2416076267672505,0.2770532740449642,0.16930773391142845,0.21745348082001895,0.2018172872286606,0.16828936823529023,0.23260731486035438,0.29152213990509446,0.19352115583730126,0.2430806335491539,0.09282475155060317,0.1076200699430832,0.15332024658537496,0.15447285315933337,0.14360551174053854,0.20045800438215888
66,0.31753458631773357,0.23269048910004417,0.2757112939144323,0.17639416895269355,0.24231040902439638,0.21788395518482911,0.17400287893940608,0.2274388833237686,0.2979698558251552,0.18400676392565546,0.22883297772368602,0.10336170215294489,0.10497895085559021,0.15688378102628847,0.14958759192919605,0.14578971955583128,0.20221112548447823
67,0.31289864432457565,0.2242048844525316,0.27115372649204916,0.18442762927461714,0.2690306213611423,0.2344518827111445,0.18108538122131418,0.22116307263931811,0.3027470483800773,0.17558491220017644,0.21907688925821184,0.11319123869894228,0.10236819054863196,0.16032917320755985,0.14868421187118297,0.14717113830714143,0.20422304030928853
68,0.3057730768051018,0.21941397786599018,0.2661957370151056,0.19328303514078024,0.29582896245033663,0.24959026166964046,0.18728279484064023,0.2130969558646897,0.3043346945093034,0.16613737252427402,0.2128781442443918,0.12459869927514862,0.09967187820132892,0.16436894165845645,0.15115161717315131,0.14899168286846737,0.2064123645066754
69,0.2976854324058872,0.21618451497104602,0.2608134099943173,0.20378214458151436,0.32215179124740656,0.2629110324431908,0.19227263226596167,0.2047693506947598,0.30344680933051726,0.15702622145842027,0.20988755679273963,0.13436330222337323,0.09604966464377718,0.16889792546034882,0.15449405748947642,0.1521799809481759,0.20855723918443203
70,0.2902727230507764,0.21346185777345558,0.2551385889448431,0.21707626890535217,0.34452466000253706,0.27545985321145106,0.19663409589265352,0.19505191720699508,0.299469615330059,0.15049370861291794,0.2083978508124039,0.14198545947238855,0.09365676307486417,0.1755375683857891,0.1577832911918337,0.15836173283204175,0.21083162216877263
71,0.28367493666099625,0.2121525014509411,0.2478309326075717,0.2329479094443064,0.3645702417239335,0.28817765355714364,0.19827257072802737,0.18336070516757458,0.2928937653951216,0.14563661404213163,0.20702523026113417,0.14906893483606648,0.09399172217561669,0.18546264718537228,0.16191364752545906,0.16057220482648066,0.2129720135992423
72,0.2790339975373073,0.21083250878401216,0.24166209713680936,0.2473984284932162,0.37937785811662006,0.2998976506969916,0.19761191867633768,0.17124260382593834,0.28416848442566395,0.14109969187587934,0.207329744531616,0.15544682371188734,0.09446597147297195,0.1979227088936319,0.16590033417559735,0.16173857758142357,0.214695587495994
73,0.2740869956638076,0.21173104000991394,0.235882085454248,0.25956286568792464,0.38995279295334556,0.3110166365188075,0.19527868872584891,0.1604683483400378,0.2738839885048126,0.13668716989008262,0.20697827843614092,0.16050548043310284,0.09792742968211042,0.21220903674478403,0.16762736287357488,0.16180449386854176,0.21597516836169275
74,0.26838612098347897,0.21418340530456575,0.23097365713377846,0.26798774727261004,0.39655997574936735,0.32135364663936394,0.19281687783684492,0.15250962322554024,0.26076570007727257,0.13661170995208752,0.2048979669362617,0.16543226518559234,0.10352694939776538,0.22610185711430403,0.16971916849380936,0.16208532630580585,0.21711949985052803
75,0.2618522037161377,0.21673843428512657,0.22619699346995556,0.2714560909898911,0.40004054477198114,0.33066153553064803,0.19133837812346227,0.14684966217687706,0.24567670451061688,0.13906143965292703,0.2008389205618887,0.1704936490531592,0.11007347274143413,0.23960348702019077,0.1721042318934662,0.16409341678349565,0.2179424478300786
76,0.2537173913235058,0.22203498555959295,0.22040351717819523,0.27381066301274876,0.3995947853917892,0.3352975118945889,0.19177929601686333,0.14394224698346153,0.2304599081972007,0.1433262642078182,0.19729454209882477,0.17688968351693246,0.11762765098235976,0.25187063942239335,0.1744695819480157,0.16637061596991656,0.21868058023151293
77,0.2438779702104413,0.22949128778504146,0.21496086627442157,0.27468296626424304,0.3959686275985691,0.338813647461547,0.19175066808099586,0.14338757245280126,0.21931590658271477,0.1507871753110569,0.19204932635348687,0.18413481333328638,0.12522478866247946,0.2611763174087705,0.17749825963542903,0.17109340339736046,0.2196383498007903
78,0.23180131216520006,0.23851524032208923,0.2114177337822682,0.27425181164340096,0.388927961332869,0.34060023784939286,0.19214185712643642,0.14577439052677646,0.21221503350328663,0.15981993875707645,0.18647861536661742,0.19282775298055196,0.13261014919177466,0.2672343767083663,0.18011399310024453,0.17919004369825303,0.22087002800341277
79,0.21869932535981493,0.2493979690054411,0.2074092173254692,0.2740121533311651,0.37620632181936664,0.3427763610300847,0.19252739457121337,0.15136290354964405,0.20911501175480005,0.1705467381129004,0.17948132267089642,0.19967058306905452,0.1383169223195196,0.27013034890746085,0.18353876232697014,0.19088163404824635,0.22212956057512795
80,0.20594169707227103,0.26370896189196363,0.2021070205988272,0.2767003303104746,0.36040409437352716,0.34319610185719174,0.19160041707068712,0.16018296462783832,0.20842471871977825,0.18450530608879379,0.17166135364758597,0.20422704529232347,0.14415943691361063,0.2692930278059148,0.1876835109701074,0.20324581231968458,0.22356511247253624
81,0.19368674045066522,0.2792068269089151,0.19447735393756624,0.27924681448677824,0.3430109857746661,0.3444835659641298,0.19218569800098267,0.17132910035276522,0.2093663395414273,0.20153398676345877,0.16419632713239335,0.20620876778241182,0.15162093165855806,0.2654371780159288,0.19079164976288912,0.21250886053233517,0.22495569544161692
82,0.1810536559378108,0.296700809989038,0.18458565351837114,0.2772765537421039,0.3232493764567915,0.34702265054571874,0.1938178492741127,0.1836205303691653,0.21059387050442102,0.22114938049154662,0.15749478708369516,0.2058993496472407,0.15857680446556796,0.2619974558337198,0.1924191597785151,0.219496113147222,0.22593462504906503
83,0.16922918120691555,0.31380827871590217,0.17383242081547265,0.2723463003157428,0.30227306987152636,0.3483533941842024,0.1926562261397599,0.19485733072236897,0.21276672021696222,0.2403120316358362,0.15445849842152878,0.2046420638566276,0.16549013575186092,0.2615777706115379,0.19260498464774037,0.22515964901479996,0.22652300350804905
84,0.16041906695580302,0.3304027022663306,0.1602632995868434,0.2656216568486669,0.27951862162860086,0.3479960661586959,0.18886522646502163,0.2038828376131637,0.21382662489805376,0.259117269295167,0.15634138321746102,0.20323641083483568,0.17222417766722936,0.26675790471317784,0.190788281896625,0.23054168632227062,0.22686270102299666
85,0.15632661052370528,0.3485746679855409,0.1490120945851204,0.2566218937907794,0.2560323597631078,0.34516569696824473,0.1852960634712756,0.21240316900950357,0.21319798967480433,0.27777525720723406,0.16307105798844507,0.20209982510941482,0.17872143345995856,0.27585289091575965,0.18767482403250527,0.23730075507270784,0.22782041184738172
86,0.15575782541034794,0.3676665942969542,0.1427461066088544,0.24789423122993495,0.23258608378799325,0.33859264170943715,0.18372321359248028,0.22202134611842173,0.20979365454877175,0.2945331331179631,0.1724727773548386,0.2000494508468409,0.18489472350912314,0.2866795954838425,0.183391218142694,0.24597948446453516,0.22929888001393955
87,0.16004078732815166,0.38461404770890295,0.14155455597490652,0.2387038159928525,0.2075820697650578,0.3301020153908066,0.18214909625957182,0.23212592331668763,0.20251502534498372,0.3067056037419241,0.18152555813113957,0.1974048054067309,0.188931219902238,0.2984881436047309,0.17513598773969513,0.2561992879265286,0.23023612147093175
88,0.1659088187546816,0.3965753224606643,0.14356292625626227,0.22852904866495125,0.18278666958168516,0.31866733158834304,0.18025013383731062,0.2427813013854808,0.19087911774121777,0.31701490301666824,0.18908175421948523,0.19232650348678154,0.18994330416855112,0.31119164358867557,0.16346729650788402,0.2666312584403598,0.22997483335618762
89,0.17188293012521522,0.40267214477432545,0.14788669346187783,0.21649587848278493,0.1600219910251414,0.30360637933938006,0.17611900582393814,0.25162957372249306,0.1818275539158048,0.3256770020180174,0.19420768889634815,0.18504335416401319,0.18945804288169382,0.3238540647948723,0.1499759882685476,0.2761527981729801,0.2285319431167146
90,0.16031995358198234,0.39376843514018356,0.14284131579348686,0.19574955664734617,0.13529718169140598,0.27942364151677385,0.16447743911583246,0.24406466176070474,0.17070462723184035,0.3191623538061136,0.18560406050380163,0.17444752029411134,0.1833428946140459,0.31132337447646197,0.1357284850271563,0.26983271378177454,0.21663051343643885
91,0.14696016301963524,0.38230112101916314,0.13957168403477777,0.17517466554165845,0.11422499450924262,0.2543605815228104,0.15276968551155207,0.2382883952229861,0.16101733633498355,0.3124566824267158,0.17611992281271266,0.16394405979406432,0.17675507411008795,0.2984536229252771,0.12145248328627682,0.263371899303641,0.2048263982109741
92,0.13239848694232342,0.36944681172034544,0.13572571486486776,0.15710819569706486,0.09849919696604845,0.23139393272619832,0.14076446965450667,0.23328304109341821,0.15307043708662532,0.30604802135929354,0.1646682829033716,0.1529427520861087,0.17055265898780608,0.28374430311102067,0.10780596384856136,0.2554195521404047,0.19330448882424783
93,0.11797440109655107,0.35406592885750016,0.1310379451855816,0.14069552403195776,0.08570649143321381,0.21012552902851106,0.12933311931122665,0.2273435534398102,0.14629265731318059,0.2999763067203336,0.15257494701009394,0.14235267185361805,0.16322538642739293,0.2667364576861254,0.09646490158440567,0.24634216281643542,0.18189049898724613
94,0.10428284904898485,0.33592328880411976,0.12372596558936984,0.12619993751473524,0.07695698544871113,0.1906915217032812,0.1174366890608584,0.2188319849955799,0.1414390430172035,0.29001791525423953,0.1402916619891117,0.13181857161376462,0.15447219387368638,0.24804578773401253,0.08624924686443028,0.23576266951883507,0.17013414450193273
95,0.0917223056967131,0.31627928915944115,0.11494857614921394,0.11514825348871978,0.07060601669084557,0.17310761051416418,0.10489345414388274,0.2092450942633758,0.13856884241056083,0.2780029775507733,0.12913205367764455,0.12201299258279083,0.1450164742877477,0.22863216738248088,0.07780388516288847,0.22413115900166553,0.15870319701018176
96,0.08067033517179958,0.2947234100499838,0.10509782978915223,0.1051320592829538,0.06624939912270592,0.15862373206502256,0.0913913051261977,0.19937812398506144,0.13532882575732436,0.26412701393481236,0.11751019558876027,0.11170854496289692,0.1347955491068835,0.21009182087292338,0.07039920075803871,0.21263403565175648,0.14736633632664206
97,0.07084678852366724,0.2715110098335743,0.09370701960610607,0.09696564980841418,0.0629854960830593,0.14580967934653538,0.07815443523012891,0.18956912081162913,0.1290540851495138,0.24696069902143125,0.10658197402000277,0.10172615991184634,0.12407941136905203,0.19308468405157475,0.06442926090038308,0.20046264494068283,0.1359955074129751
98,0.06443520512557947,0.24682886278639254,0.08153919266272633,0.09212187901538729,0.06051788048073688,0.13422690452066605,0.06659453315790287,0.17792462608328344,0.11977976212927884,0.22797606331540302,0.09585276003340362,0.09207156002363072,0.11213690700714722,0.17797715694447674,0.060217030869728315,0.1878398180779155,0.12487750888960368
99,0.06046434255178949,0.22064386398981947,0.07039532946958883,0.08916617572179339,0.05986343801843599,0.12129209848736375,0.057774535390215376,0.16422565052203916,0.10701772915374104,0.20731409615071716,0.08721730306573758,0.08270350751032685,0.10020443308864471,0.16541184873853323,0.055160470273147154,0.1742758776472611,0.11394566873619716
