,TSS_1::Pseudomonas_phage_phiKZ:34-234(),TSS_2::Pseudomonas_phage_phiKZ:2075-2275(),TSS_3::Pseudomonas_phage_phiKZ:2579-2779(),TSS_4::Pseudomonas_phage_phiKZ:4080-4280(),TSS_5::Pseudomonas_phage_phiKZ:4430-4630(),TSS_6::Pseudomonas_phage_phiKZ:23499-23699(),TSS_7::Pseudomonas_phage_phiKZ:26443-26643(),TSS_8::Pseudomonas_phage_phiKZ:29312-29512(),TSS_9::Pseudomonas_phage_phiKZ:34498-34698(),TSS_10::Pseudomonas_phage_phiKZ:35790-35990(),TSS_11::Pseudomonas_phage_phiKZ:42741-42941(),TSS_12::Pseudomonas_phage_phiKZ:44836-45036(),TSS_13::Pseudomonas_phage_phiKZ:45277-45477(),TSS_14::Pseudomonas_phage_phiKZ:45482-45682(),TSS_15::Pseudomonas_phage_phiKZ:49068-49268(),TSS_16::Pseudomonas_phage_phiKZ:51629-51829(),TSS_17::Pseudomonas_phage_phiKZ:53598-53798(),TSS_18::Pseudomonas_phage_phiKZ:57000-57200(),TSS_19::Pseudomonas_phage_phiKZ:57898-58098(),TSS_20::Pseudomonas_phage_phiKZ:62977-63177(),TSS_21::Pseudomonas_phage_phiKZ:70253-70453(),TSS_22::Pseudomonas_phage_phiKZ:74050-74250(),TSS_23::Pseudomonas_phage_phiKZ:77825-78025(),TSS_24::Pseudomonas_phage_phiKZ:81832-82032(),TSS_25::Pseudomonas_phage_phiKZ:88430-88630(),TSS_26::Pseudomonas_phage_phiKZ:106789-106989(),TSS_27::Pseudomonas_phage_phiKZ:107977-108177(),TSS_28::Pseudomonas_phage_phiKZ:120571-120771(),TSS_29::Pseudomonas_phage_phiKZ:137415-137615(),TSS_30::Pseudomonas_phage_phiKZ:171768-171968(),TSS_31::Pseudomonas_phage_phiKZ:172284-172484(),TSS_32::Pseudomonas_phage_phiKZ:198020-198220(),TSS_33::Pseudomonas_phage_phiKZ:199131-199331(),TSS_34::Pseudomonas_phage_phiKZ:204064-204264(),TSS_35::Pseudomonas_phage_phiKZ:212978-213178(),TSS_36::Pseudomonas_phage_phiKZ:220695-220895(),TSS_37::Pseudomonas_phage_phiKZ:221407-221607(),TSS_38::Pseudomonas_phage_phiKZ:221762-221962(),TSS_39::Pseudomonas_phage_phiKZ:226720-226920(),TSS_40::Pseudomonas_phage_phiKZ:228506-228706(),TSS_41::Pseudomonas_phage_phiKZ:237201-237401(),TSS_42::Pseudomonas_phage_phiKZ:240272-240472(),TSS_43::Pseudomonas_phage_phiKZ:243936-244136(),TSS_44::Pseudomonas_phage_phiKZ:245599-245799(),TSS_45::Pseudomonas_phage_phiKZ:246621-246821(),TSS_46::Pseudomonas_phage_phiKZ:250558-250758(),TSS_47::Pseudomonas_phage_phiKZ:254647-254847(),TSS_48::Pseudomonas_phage_phiKZ:257484-257684(),TSS_49::Pseudomonas_phage_phiKZ:266796-266996(),mean
-100,,,,,,,,,,,,,,,,,,,,,,,,,,,,,,,,,,,,,,,,,,,,,,,,,,
-99,,,,,,,,,,,,,,,,,,,,,,,,,,,,,,,,,,,,,,,,,,,,,,,,,,
-98,,,,,,,,,,,,,,,,,,,,,,,,,,,,,,,,,,,,,,,,,,,,,,,,,,
-97,,,,,,,,,,,,,,,,,,,,,,,,,,,,,,,,,,,,,,,,,,,,,,,,,,
-96,,,,,,,,,,,,,,,,,,,,,,,,,,,,,,,,,,,,,,,,,,,,,,,,,,
-95,,,,,,,,,,,,,,,,,,,,,,,,,,,,,,,,,,,,,,,,,,,,,,,,,,
-94,,,,,,,,,,,,,,,,,,,,,,,,,,,,,,,,,,,,,,,,,,,,,,,,,,
-93,,,,,,,,,,,,,,,,,,,,,,,,,,,,,,,,,,,,,,,,,,,,,,,,,,
-92,,,,,,,,,,,,,,,,,,,,,,,,,,,,,,,,,,,,,,,,,,,,,,,,,,
-91,,,,,,,,,,,,,,,,,,,,,,,,,,,,,,,,,,,,,,,,,,,,,,,,,,
-90,,,,,,,,,,,,,,,,,,,,,,,,,,,,,,,,,,,,,,,,,,,,,,,,,,
-89,,,,,,,,,,,,,,,,,,,,,,,,,,,,,,,,,,,,,,,,,,,,,,,,,,
-88,,,,,,,,,,,,,,,,,,,,,,,,,,,,,,,,,,,,,,,,,,,,,,,,,,
-87,,,,,,,,,,,,,,,,,,,,,,,,,,,,,,,,,,,,,,,,,,,,,,,,,,
-86,,,,,,,,,,,,,,,,,,,,,,,,,,,,,,,,,,,,,,,,,,,,,,,,,,
-85,,,,,,,,,,,,,,,,,,,,,,,,,,,,,,,,,,,,,,,,,,,,,,,,,,
-84,,,,,,,,,,,,,,,,,,,,,,,,,,,,,,,,,,,,,,,,,,,,,,,,,,
-83,,,,,,,,,,,,,,,,,,,,,,,,,,,,,,,,,,,,,,,,,,,,,,,,,,
-82,,,,,,,,,,,,,,,,,,,,,,,,,,,,,,,,,,,,,,,,,,,,,,,,,,
-81,,,,,,,,,,,,,,,,,,,,,,,,,,,,,,,,,,,,,,,,,,,,,,,,,,
-80,,,,,,,,,,,,,,,,,,,,,,,,,,,,,,,,,,,,,,,,,,,,,,,,,,
-79,,,,,,,,,,,,,,,,,,,,,,,,,,,,,,,,,,,,,,,,,,,,,,,,,,
-78,,,,,,,,,,,,,,,,,,,,,,,,,,,,,,,,,,,,,,,,,,,,,,,,,,
-77,,,,,,,,,,,,,,,,,,,,,,,,,,,,,,,,,,,,,,,,,,,,,,,,,,
-76,,,,,,,,,,,,,,,,,,,,,,,,,,,,,,,,,,,,,,,,,,,,,,,,,,
-75,,,,,,,,,,,,,,,,,,,,,,,,,,,,,,,,,,,,,,,,,,,,,,,,,,
-74,,,,,,,,,,,,,,,,,,,,,,,,,,,,,,,,,,,,,,,,,,,,,,,,,,
-73,,,,,,,,,,,,,,,,,,,,,,,,,,,,,,,,,,,,,,,,,,,,,,,,,,
-72,,,,,,,,,,,,,,,,,,,,,,,,,,,,,,,,,,,,,,,,,,,,,,,,,,
-71,,,,,,,,,,,,,,,,,,,,,,,,,,,,,,,,,,,,,,,,,,,,,,,,,,
-70,,,,,,,,,,,,,,,,,,,,,,,,,,,,,,,,,,,,,,,,,,,,,,,,,,
-69,,,,,,,,,,,,,,,,,,,,,,,,,,,,,,,,,,,,,,,,,,,,,,,,,,
-68,,,,,,,,,,,,,,,,,,,,,,,,,,,,,,,,,,,,,,,,,,,,,,,,,,
-67,,,,,,,,,,,,,,,,,,,,,,,,,,,,,,,,,,,,,,,,,,,,,,,,,,
-66,,,,,,,,,,,,,,,,,,,,,,,,,,,,,,,,,,,,,,,,,,,,,,,,,,
-65,,,,,,,,,,,,,,,,,,,,,,,,,,,,,,,,,,,,,,,,,,,,,,,,,,
-64,,,,,,,,,,,,,,,,,,,,,,,,,,,,,,,,,,,,,,,,,,,,,,,,,,
-63,,,,,,,,,,,,,,,,,,,,,,,,,,,,,,,,,,,,,,,,,,,,,,,,,,
-62,,,,,,,,,,,,,,,,,,,,,,,,,,,,,,,,,,,,,,,,,,,,,,,,,,
-61,,,,,,,,,,,,,,,,,,,,,,,,,,,,,,,,,,,,,,,,,,,,,,,,,,
-60,,,,,,,,,,,,,,,,,,,,,,,,,,,,,,,,,,,,,,,,,,,,,,,,,,
-59,,,,,,,,,,,,,,,,,,,,,,,,,,,,,,,,,,,,,,,,,,,,,,,,,,
-58,,,,,,,,,,,,,,,,,,,,,,,,,,,,,,,,,,,,,,,,,,,,,,,,,,
-57,,,,,,,,,,,,,,,,,,,,,,,,,,,,,,,,,,,,,,,,,,,,,,,,,,
-56,,,,,,,,,,,,,,,,,,,,,,,,,,,,,,,,,,,,,,,,,,,,,,,,,,
-55,,,,,,,,,,,,,,,,,,,,,,,,,,,,,,,,,,,,,,,,,,,,,,,,,,
-54,,,,,,,,,,,,,,,,,,,,,,,,,,,,,,,,,,,,,,,,,,,,,,,,,,
-53,,,,,,,,,,,,,,,,,,,,,,,,,,,,,,,,,,,,,,,,,,,,,,,,,,
-52,,,,,,,,,,,,,,,,,,,,,,,,,,,,,,,,,,,,,,,,,,,,,,,,,,
-51,4.904,5.484,4.958,5.95,6.584,5.256,4.58,5.768,6.6579999999999995,5.396,5.74,5.212000000000001,5.184,6.3839999999999995,5.154,5.73,5.254,5.4479999999999995,5.8420000000000005,5.94,5.053999999999999,5.104,5.821999999999999,4.986,5.9639999999999995,5.808,5.244,5.718,5.71,5.327999999999999,6.19,5.486000000000001,5.726,5.981999999999999,5.722,5.556,5.396,5.624,5.692,5.294,5.734,5.114,5.188,5.2860000000000005,5.65,5.34,5.768,5.818,5.791999999999999,5.561673469387753
-50,4.976,5.52,5.032,5.957999999999999,6.416,5.16,4.4479999999999995,5.706,6.521999999999999,5.4079999999999995,5.682,5.186,5.03,6.346,5.176,5.7139999999999995,5.167999999999999,5.501999999999999,5.88,5.93,4.8999999999999995,4.912,5.78,5.14,5.978,5.83,5.284,5.556,5.71,5.194,6.142,5.4479999999999995,5.754,5.976,5.742000000000001,5.69,5.448,5.581999999999999,5.56,5.29,5.775999999999999,4.922,5.24,5.194,5.65,5.513999999999999,5.856,5.672,5.688,5.534448979591836
-49,5.1739999999999995,5.53,4.99,5.846,6.324,5.244,4.57,5.626,6.5120000000000005,5.542000000000001,5.55,5.236000000000001,4.9639999999999995,6.3260000000000005,5.144,5.716,5.08,5.457999999999999,6.004,5.75,4.862,4.842,5.766,5.156000000000001,5.9879999999999995,5.757999999999999,5.396,5.588000000000001,5.71,5.052,6.013999999999999,5.488,5.72,6.104,5.742000000000001,5.751999999999999,5.428000000000001,5.539999999999999,5.577999999999999,5.349999999999999,5.695999999999999,4.894,5.172000000000001,5.296,5.457999999999999,5.592,5.744000000000001,5.48,5.754,5.520530612244897
-48,5.151999999999999,5.44,5.03,5.6819999999999995,6.354,5.204,4.7,5.59,6.593999999999999,5.644,5.632,5.218,4.982,6.411999999999999,5.2139999999999995,5.84,5.172000000000001,5.485999999999999,6.034,5.778,4.736000000000001,4.662,5.774,5.135999999999999,5.898,5.757999999999999,5.343999999999999,5.722,5.8839999999999995,4.854,5.974,5.5360000000000005,5.756,5.981999999999999,5.694,5.792000000000001,5.43,5.624,5.452000000000001,5.285999999999999,5.6739999999999995,4.9719999999999995,5.166,5.306,5.314,5.541999999999999,5.6419999999999995,5.481999999999999,5.754,5.5164081632653055
-47,5.038,5.247999999999999,5.046,5.73,6.356,5.09,4.83,5.644,6.6579999999999995,5.758000000000001,5.651999999999999,5.218,4.88,6.322,5.31,5.763999999999999,5.14,5.678,5.862,5.972,4.592,4.619999999999999,5.77,5.226,5.827999999999999,5.78,5.242000000000001,5.836,5.8759999999999994,4.754,5.784,5.531999999999999,5.8420000000000005,6.009999999999999,5.566,5.728,5.414,5.724,5.472,5.271999999999999,5.805999999999999,5.012,5.182,5.404,5.457999999999999,5.592,5.508000000000001,5.481999999999999,5.756,5.515591836734694
-46,5.07,5.2,4.95,5.7379999999999995,6.24,5.204,4.9319999999999995,5.655999999999999,6.498000000000001,5.757999999999999,5.667999999999999,5.236000000000001,4.763999999999999,6.24,5.246,5.752000000000001,5.146,5.722,5.668000000000001,5.9239999999999995,4.736000000000001,4.7459999999999996,5.824,5.162000000000001,5.784,5.593999999999999,5.328,5.827999999999999,5.792000000000001,4.772,5.586,5.604,5.734,6.024,5.556,5.832000000000001,5.426,5.694,5.474,5.311999999999999,5.899999999999999,4.996,5.14,5.396,5.651999999999999,5.785999999999999,5.392,5.4719999999999995,5.684,5.506897959183674
-45,5.064,5.2,4.835999999999999,5.724,6.24,5.246,4.93,5.534,6.3,5.6739999999999995,5.69,5.246,4.835999999999999,6.195999999999999,5.426,5.76,5.1339999999999995,5.798000000000001,5.648,5.778,4.93,4.8919999999999995,5.904,5.188,5.74,5.544,5.417999999999999,5.757999999999999,5.861999999999999,4.9319999999999995,5.515999999999999,5.604,5.535999999999999,6.188,5.593999999999999,5.7,5.535999999999999,5.658,5.4479999999999995,5.365999999999999,5.868,4.934,5.2139999999999995,5.316,5.651999999999999,5.757999999999999,5.263999999999999,5.434,5.747999999999999,5.50534693877551
-44,4.9319999999999995,5.245999999999999,4.7780000000000005,5.694,6.241999999999999,5.234,4.9,5.666,6.374,5.6739999999999995,5.781999999999999,5.336,5.004,6.236000000000001,5.448,5.766,5.287999999999999,5.89,5.797999999999999,5.97,4.755999999999999,4.8919999999999995,5.928,5.126,5.669999999999999,5.645999999999999,5.456,5.798000000000001,5.9159999999999995,5.036,5.324,5.442,5.58,6.128000000000001,5.638,5.61,5.364,5.736000000000001,5.5760000000000005,5.338000000000001,5.837999999999999,4.934,5.246,5.358,5.53,5.746,5.263999999999999,5.306,5.81,5.51530612244898
-43,4.999999999999999,5.257999999999999,4.734,5.5699999999999985,6.117999999999999,5.112,4.97,5.736000000000001,6.3260000000000005,5.794,5.791999999999999,5.242000000000001,5.036,6.302,5.376,5.6739999999999995,5.354,5.871999999999999,5.96,6.084,4.744,4.768,5.882,5.178,5.478,5.502000000000001,5.558,5.874,5.98,5.006,5.132000000000001,5.485999999999999,5.69,6.049999999999999,5.716,5.57,5.192,5.746,5.474,5.14,5.892,4.934,5.172000000000001,5.49,5.4159999999999995,5.632000000000001,5.41,5.334,5.71,5.499306122448979
-42,5.0680000000000005,5.256,4.8,5.614,6.136,5.112,4.938,5.9079999999999995,6.18,5.75,5.76,5.196000000000001,5.038,6.3199999999999985,5.303999999999999,5.612,5.1979999999999995,5.802,5.917999999999999,5.97,4.582,4.57,5.8,5.1979999999999995,5.331999999999999,5.3919999999999995,5.546,5.97,6.066,4.936,5.084,5.491999999999999,5.595999999999999,6.08,5.686,5.4559999999999995,5.178000000000001,5.829999999999999,5.4479999999999995,5.162000000000001,5.9319999999999995,4.936,5.082000000000001,5.438,5.29,5.701999999999999,5.411999999999999,5.346,5.664,5.4711428571428575
-41,5.178,5.442,4.8180000000000005,5.6099999999999985,6.2,5.1419999999999995,4.746,6.026,6.29,5.808,5.794,5.24,5.068,6.395999999999999,5.275999999999999,5.652,5.218,5.73,5.905999999999999,5.778,4.434,4.459999999999999,5.843999999999999,5.236000000000001,5.372000000000001,5.291999999999999,5.59,6.018,6.132000000000001,4.794,5.15,5.512,5.494,5.956,5.544,5.541999999999999,5.074,5.83,5.546,5.271999999999999,6.022,4.744000000000001,4.89,5.362,5.145999999999999,5.58,5.29,5.365999999999999,5.547999999999999,5.4562857142857135
-40,5.332000000000001,5.441999999999999,4.7780000000000005,5.417999999999999,6.21,5.179999999999999,4.6739999999999995,6.047999999999999,6.3420000000000005,5.684,5.9479999999999995,5.148,4.9719999999999995,6.292000000000001,5.25,5.51,5.247999999999999,5.66,5.877999999999999,5.648,4.262,4.49,5.914,5.294,5.456,5.268,5.5,5.861999999999999,6.11,4.718,5.034,5.402,5.468,6.055999999999999,5.624,5.621999999999999,5.092,5.684,5.678,5.1419999999999995,5.886,4.6,4.746,5.316,5.148,5.484000000000001,5.224,5.268,5.451999999999999,5.417591836734694
-39,5.312,5.615999999999999,4.888,5.482,6.167999999999999,5.334,4.545999999999999,6.154,6.179999999999999,5.553999999999999,6.009999999999999,5.1579999999999995,4.8839999999999995,6.216,5.2780000000000005,5.642,5.188,5.46,5.92,5.678000000000001,4.192,4.494000000000001,6.028,5.364,5.456,5.287999999999999,5.472,5.877999999999999,5.916,4.842,5.006,5.524,5.4559999999999995,6.0280000000000005,5.509999999999999,5.712,5.044,5.808,5.524,5.164,5.894,4.724,4.808,5.336,5.077999999999999,5.444,5.228,5.312,5.481999999999999,5.42204081632653
-38,5.291999999999999,5.608,4.87,5.507999999999999,6.101999999999999,5.444,4.622,6.228,6.0299999999999985,5.548000000000001,6.004,5.104,4.9719999999999995,6.23,5.367999999999999,5.731999999999999,5.218,5.285999999999999,5.978,5.8020000000000005,4.162,4.608,6.117999999999999,5.478,5.374,5.23,5.5360000000000005,5.904,5.916,4.846,4.94,5.45,5.4559999999999995,5.938,5.497999999999999,5.808,5.076,5.784,5.524,5.312,5.916,4.84,4.806,5.186,5.037999999999999,5.446000000000001,5.1739999999999995,5.3839999999999995,5.501999999999999,5.432571428571429
-37,5.374,5.7219999999999995,4.792,5.622000000000001,6.084,5.492000000000001,4.712,6.167999999999999,6.05,5.676,6.024,5.2059999999999995,5.1080000000000005,6.325999999999999,5.354,5.894,5.292000000000001,5.2139999999999995,6.021999999999999,5.7139999999999995,4.288,4.744,6.08,5.446000000000001,5.334,5.358,5.6579999999999995,5.936,5.894,4.846,4.862,5.537999999999999,5.49,6.031999999999999,5.593999999999999,5.8,4.97,5.734,5.601999999999999,5.377999999999999,5.91,4.822,4.82,5.1819999999999995,5.1259999999999994,5.468,5.064,5.3839999999999995,5.502000000000001,5.463428571428572
-36,5.519999999999999,5.792000000000001,4.894,5.796,6.263999999999999,5.516,4.812,6.007999999999999,6.05,5.593999999999999,6.08,5.154,5.084,6.356,5.404,5.876,5.098,5.2139999999999995,6.024,5.638,4.482,4.61,6.121999999999999,5.451999999999999,5.476,5.45,5.852,5.98,5.816,4.95,4.998,5.52,5.528,6.062,5.655999999999999,5.858,4.974,5.738,5.466,5.422,6.006,4.888,4.992,5.1739999999999995,5.287999999999999,5.462000000000001,5.104,5.354,5.502000000000001,5.497061224489796
-35,5.4719999999999995,5.72,4.77,5.724,6.09,5.485999999999999,4.834,5.938000000000001,5.856,5.4879999999999995,5.99,5.154,5.257999999999999,6.1819999999999995,5.404,5.722,5.146,5.226,5.979999999999999,5.501999999999999,4.308,4.566,6.13,5.524,5.445999999999999,5.32,5.75,5.848,5.776,4.988,4.8919999999999995,5.521999999999999,5.334,6.0760000000000005,5.54,5.8260000000000005,4.986,5.738,5.507999999999999,5.32,6.013999999999999,4.848,4.99,5.1739999999999995,5.1419999999999995,5.35,5.086,5.394,5.308,5.4417551020408155
-34,5.327999999999999,5.821999999999999,4.8580000000000005,5.626,6.12,5.495999999999999,4.806,6.081999999999999,5.684,5.644,6.013999999999999,5.3,5.156000000000001,6.161999999999999,5.404,5.72,5.299999999999999,5.112,5.99,5.592,4.11,4.658,6.072,5.33,5.425999999999999,5.13,5.651999999999999,5.954,5.577999999999999,5.142,4.919999999999999,5.504,5.2860000000000005,6.104,5.626,5.6819999999999995,5.03,5.765999999999999,5.608,5.4639999999999995,6.024,4.766,5.1339999999999995,5.15,4.949999999999999,5.379999999999999,5.1339999999999995,5.553999999999999,5.254,5.440897959183674
-33,5.329999999999999,5.8759999999999994,4.934,5.69,6.12,5.64,4.806,6.228,5.63,5.596,6.0360000000000005,5.444,5.028,6.2059999999999995,5.404,5.763999999999999,5.392,4.938,6.007999999999999,5.644,4.184,4.85,5.97,5.308,5.501999999999999,5.053999999999999,5.678,5.972,5.444,5.285999999999999,4.962,5.5360000000000005,5.276,6.098,5.695999999999999,5.6339999999999995,5.062,5.765999999999999,5.6979999999999995,5.6080000000000005,6.024,4.766,5.2780000000000005,5.072,5.096,5.45,5.325999999999999,5.572,5.414,5.47542857142857
-32,5.135999999999999,5.854,5.026,5.774,6.07,5.558000000000001,4.834,6.0360000000000005,5.644,5.469999999999999,5.978,5.3,4.898,6.268,5.386,5.736000000000001,5.474,5.132,5.97,5.454,4.257999999999999,5.042,6.114,5.476,5.398000000000001,5.152,5.73,5.827999999999999,5.429999999999999,5.2860000000000005,4.85,5.498000000000001,5.2379999999999995,6.03,5.778,5.78,5.18,5.684,5.709999999999999,5.608,6.026,4.766,5.28,5.132000000000001,5.096,5.612,5.519999999999999,5.62,5.402,5.480040816326531
-31,5.184,5.854,4.912,5.644,6.072,5.434,4.9319999999999995,5.882,5.5520000000000005,5.367999999999999,5.864,5.1739999999999995,4.914,6.1339999999999995,5.52,5.664,5.494,5.142,5.84,5.254,4.136,5.04,6.224,5.537999999999999,5.343999999999999,5.254,5.6160000000000005,5.797999999999999,5.435999999999999,5.142,4.757999999999999,5.4239999999999995,5.104,6.087999999999999,5.82,5.68,5.1419999999999995,5.558,5.668000000000001,5.608,5.954,4.768,5.086,5.121999999999999,4.904,5.718000000000001,5.52,5.766,5.287999999999999,5.435469387755101
-30,5.308,5.8839999999999995,4.752,5.56,5.98,5.2860000000000005,4.976,5.754,5.448,5.256,5.754,5.072,5.024,6.02,5.604,5.47,5.48,5.144,5.712000000000001,5.152,4.106,5.184,6.098,5.405999999999999,5.417999999999999,5.184,5.587999999999999,5.684,5.518000000000001,5.016,4.628,5.436,5.092,6.05,5.728,5.564,5.002,5.472,5.571999999999999,5.414,5.837999999999999,4.606,4.8919999999999995,5.026,4.794,5.646,5.481999999999999,5.572,5.192,5.364163265306123
-29,5.334,5.968,4.816,5.547999999999999,5.896,5.114,5.086,5.684,5.513999999999999,5.242000000000001,5.715999999999999,4.968,5.216,5.99,5.614000000000001,5.444,5.41,5.206,5.581999999999999,5.154,4.138,5.33,6.118,5.2059999999999995,5.226,5.0680000000000005,5.588000000000001,5.494,5.579999999999999,4.978,4.5,5.364,4.99,6.001999999999999,5.572,5.516,5.053999999999999,5.414,5.534,5.27,5.724,4.452,4.7,5.052,4.726,5.492000000000001,5.417999999999999,5.444,5.102,5.317428571428571
-28,5.322,6.026,4.702,5.449999999999999,5.997999999999999,4.92,5.23,5.491999999999999,5.4479999999999995,5.311999999999999,5.632,4.832,5.36,5.89,5.684000000000001,5.604,5.494,5.098,5.468,5.084,4.156000000000001,5.158,6.053999999999999,5.184,5.07,5.062,5.57,5.3660000000000005,5.595999999999999,4.894,4.37,5.48,4.864,6.004,5.377999999999999,5.492000000000001,4.962,5.311999999999999,5.524,5.27,5.654,4.414,4.556,5.166,4.876,5.62,5.3839999999999995,5.329999999999999,5.001999999999999,5.28191836734694
-27,5.31,6.046,4.682,5.508000000000001,6.018000000000001,4.92,5.086,5.429999999999999,5.564,5.474000000000001,5.724,4.7780000000000005,5.36,5.776,5.791999999999999,5.596,5.621999999999999,5.078,5.354,5.1,4.206,5.042,6.08,5.311999999999999,4.976,5.093999999999999,5.741999999999999,5.337999999999999,5.526,5.085999999999999,4.329999999999999,5.532,4.72,6.004,5.524,5.466,4.77,5.33,5.534,5.271999999999999,5.606,4.48,4.556,5.062,4.925999999999999,5.664,5.4239999999999995,5.34,4.9639999999999995,5.288244897959183
-26,5.1739999999999995,6.046,4.682,5.334,6.0120000000000005,4.994,4.942,5.468,5.592,5.434000000000001,5.74,4.812,5.2379999999999995,5.672000000000001,5.83,5.396,5.621999999999999,5.053999999999999,5.252000000000001,5.102,4.092,5.1,6.06,5.436,4.986,5.01,5.596,5.262,5.354,5.23,4.276,5.542000000000001,4.72,5.86,5.524,5.364,4.77,5.377999999999999,5.661999999999999,5.079999999999999,5.654,4.364,4.558,5.048,4.776,5.5360000000000005,5.382000000000001,5.429999999999999,4.984,5.2536734693877545
-25,5.327999999999999,5.9,4.538,5.161999999999999,5.88,4.878,5.026,5.5,5.445999999999999,5.28,5.584,4.707999999999999,5.226,5.64,5.716,5.222,5.505999999999999,4.9719999999999995,5.168000000000001,5.088,4.0,5.201999999999999,5.934,5.513999999999999,5.082,5.012,5.452000000000001,5.119999999999999,5.206,5.0840000000000005,4.224,5.343999999999999,4.72,5.734,5.395999999999999,5.334,4.6240000000000006,5.377999999999999,5.701999999999999,4.936,5.654,4.23,4.3660000000000005,4.876,4.614,5.38,5.382,5.4159999999999995,4.784,5.172816326530612
-24,5.365999999999999,5.902,4.394,5.048,5.751999999999999,4.792,4.872,5.328,5.446000000000001,5.136,5.39,4.648,5.102,5.495999999999999,5.524,5.05,5.371999999999999,4.826,5.13,4.925999999999999,3.9179999999999997,5.056,5.741999999999999,5.534,5.042,4.992000000000001,5.422,4.928,5.112,4.956,4.124,5.241999999999999,4.598,5.617999999999999,5.2799999999999985,5.231999999999999,4.624,5.206,5.76,4.854,5.462000000000001,4.272,4.2219999999999995,4.878,4.502,5.234,5.3580000000000005,5.244,4.684,5.07338775510204
-23,5.3660000000000005,5.854,4.538,5.066,5.7860000000000005,4.774,4.843999999999999,5.274,5.59,5.054,5.5360000000000005,4.648,5.194,5.492000000000001,5.526,5.138,5.306,4.8260000000000005,5.126,4.946000000000001,3.918,5.093999999999999,5.7139999999999995,5.662000000000001,5.0360000000000005,5.044,5.451999999999999,4.918,5.072,5.062,4.154,5.404000000000001,4.522,5.638,5.108,5.364,4.738,5.2139999999999995,5.751999999999999,4.852,5.44,4.303999999999999,4.343999999999999,5.022,4.553999999999999,5.234,5.33,5.39,4.827999999999999,5.103020408163266
-22,5.32,5.854,4.6819999999999995,5.056,5.827999999999999,4.826,4.9319999999999995,5.318,5.734,5.106,5.5360000000000005,4.716,5.29,5.588000000000001,5.526,5.234,5.306,4.779999999999999,5.17,4.8999999999999995,3.908,5.2,5.726,5.775999999999999,5.028,5.034000000000001,5.4239999999999995,4.97,5.0520000000000005,5.052,4.24,5.428,4.61,5.592,5.254,5.336,4.6659999999999995,5.382,5.795999999999999,4.902,5.556,4.212,4.46,5.047999999999999,4.5680000000000005,5.38,5.346,5.412000000000001,4.89,5.141836734693877
-21,5.308,5.856,4.6819999999999995,4.958,5.736000000000001,4.778,4.94,5.369999999999999,5.704,5.1579999999999995,5.474,4.7219999999999995,5.2139999999999995,5.604,5.5920000000000005,5.29,5.306,4.806,5.208000000000001,4.784,3.87,5.199999999999999,5.638000000000001,5.898000000000001,5.0280000000000005,4.88,5.425999999999999,4.89,5.1160000000000005,4.98,4.209999999999999,5.454,4.6259999999999994,5.4319999999999995,5.254,5.337999999999999,4.755999999999999,5.39,5.83,4.829999999999999,5.558,4.082,4.522,5.0280000000000005,4.446,5.332000000000001,5.274,5.482,4.852,5.124734693877551
-20,5.274000000000001,5.694,4.63,4.989999999999999,5.611999999999999,4.784,4.9,5.3839999999999995,5.672,5.16,5.52,4.702,5.2139999999999995,5.661999999999999,5.726,5.303999999999999,5.305999999999999,4.7860000000000005,5.1739999999999995,4.842,3.87,5.138,5.648,5.805999999999999,4.994,4.8180000000000005,5.334,4.856,5.074,5.016,4.215999999999999,5.346,4.582,5.516,5.109999999999999,5.268,4.6419999999999995,5.404,5.766,4.638,5.555999999999999,3.96,4.412,5.02,4.364,5.2059999999999995,5.274,5.4479999999999995,4.726,5.088653061224489
-19,5.302,5.654,4.7059999999999995,4.83,5.6,4.742,4.896,5.281999999999999,5.592,5.038,5.462000000000001,4.6,5.374,5.662000000000001,5.72,5.24,5.306,4.877999999999999,5.096,4.914,3.8620000000000005,5.093999999999999,5.802,5.794,5.024,4.83,5.436,4.814,5.08,4.9239999999999995,4.156000000000001,5.343999999999999,4.46,5.468,5.108,5.254,4.564,5.364000000000001,5.829999999999999,4.492,5.501999999999999,3.93,4.212,5.085999999999999,4.466,5.092,5.129999999999999,5.369999999999999,4.6160000000000005,5.0611836734693885
-18,5.343999999999999,5.72,4.866,4.822,5.688000000000001,4.842,4.925999999999999,5.16,5.562,4.9159999999999995,5.36,4.672,5.414,5.532,5.7379999999999995,5.226,5.306,4.8919999999999995,5.032,4.84,4.04,5.164,5.864,5.744,5.046,4.91,5.464000000000001,4.792000000000001,5.15,4.968,4.1339999999999995,5.208000000000001,4.314,5.406000000000001,5.096,5.29,4.49,5.236000000000001,5.698,4.562,5.545999999999999,3.9619999999999997,4.11,5.064,4.484,4.902,5.082,5.268,4.71,5.0522857142857145
-17,5.314,5.596,4.76,4.75,5.634000000000001,4.952,5.086,5.096,5.494,4.9,5.36,4.7,5.506,5.342,5.83,5.104,5.306,4.794,5.058,4.814,3.966,5.204,5.852,5.778,5.034,4.8260000000000005,5.34,4.79,5.086,4.9879999999999995,4.15,5.196000000000001,4.314,5.497999999999999,5.132,5.136,4.406,5.192,5.862,4.692,5.565999999999999,4.004,4.046,4.992,4.524,4.862,5.156000000000001,5.204,4.667999999999999,5.03795918367347
-16,5.26,5.63,4.742,4.838,5.57,5.044,5.0280000000000005,5.18,5.456,5.056,5.506,4.726,5.546,5.337999999999999,5.83,5.138,5.306,4.762,5.154,4.843999999999999,3.97,5.218,5.806,5.834,5.136,4.86,5.374,4.822,5.085999999999999,5.11,4.192,5.194,4.459999999999999,5.612,5.164,5.192,4.512,5.154,5.94,4.654,5.565999999999999,4.058,4.056,5.082,4.5280000000000005,4.92,5.026,5.166,4.602,5.066285714285715
-15,5.311999999999999,5.739999999999998,4.934,4.8759999999999994,5.614,5.122000000000001,5.06,5.257999999999999,5.4559999999999995,5.056,5.506,4.835999999999999,5.482,5.405999999999999,5.936,5.228,5.35,4.766,5.232,4.912,4.032,5.236000000000001,5.74,5.81,5.136,4.898,5.484,4.902,5.02,5.188,4.272,5.09,4.48,5.542000000000001,5.226,5.256,4.6080000000000005,5.136,5.984,4.692,5.566,4.135999999999999,4.248,5.182,4.572,4.914,5.064,5.1659999999999995,4.796,5.11138775510204
-14,5.316,5.832000000000001,5.126,4.876,5.6579999999999995,5.256,5.082,5.365999999999999,5.4559999999999995,5.056,5.505999999999999,4.8839999999999995,5.385999999999999,5.408,5.954,5.327999999999999,5.348,4.85,5.354,4.949999999999999,4.132,5.1579999999999995,5.585999999999999,5.888,5.013999999999999,4.898,5.575999999999999,5.002,4.962,5.278,4.362,5.148,4.524,5.497999999999999,5.294,5.294,4.6,5.25,6.025999999999999,4.792,5.586,4.27,4.41,5.305999999999999,4.68,5.006,5.053999999999999,5.204,4.988,5.158734693877551
-13,5.2860000000000005,5.902,5.236000000000001,5.07,5.715999999999999,5.336,5.2620000000000005,5.395999999999999,5.494,5.056,5.506,4.9319999999999995,5.385999999999999,5.402,5.81,5.3660000000000005,5.295999999999999,4.882,5.354,4.998,4.212,5.076,5.741999999999999,5.896,5.02,5.02,5.645999999999999,5.112,4.982,5.343999999999999,4.524,5.154,4.553999999999999,5.497999999999999,5.324,5.294,4.524,5.34,5.941999999999999,4.862,5.766,4.35,4.5,5.31,4.814,5.167999999999999,4.928,5.268,5.18,5.204816326530612
-12,5.276,5.787999999999999,5.142,5.018,5.612,5.222,5.148000000000001,5.3020000000000005,5.368,5.0,5.544,5.002,5.577999999999999,5.33,5.8919999999999995,5.172000000000001,5.196000000000001,4.824,5.16,5.037999999999999,4.088,5.005999999999999,5.763999999999999,5.816,5.194,4.896,5.531999999999999,5.01,4.974,5.15,4.522,5.0440000000000005,4.46,5.324,5.21,5.192,4.424,5.2139999999999995,5.886,4.73,5.601999999999999,4.236,4.386,5.2780000000000005,4.7,5.322,4.976,5.135999999999999,5.034,5.137102040816326
-11,5.1739999999999995,5.82,5.1739999999999995,5.102,5.6419999999999995,5.244,5.026,5.315999999999999,5.388,5.084,5.574000000000001,5.202000000000001,5.577999999999999,5.282,6.016,5.318,5.208000000000001,4.885999999999999,5.132,5.121999999999999,4.162,4.8260000000000005,5.614,5.867999999999999,5.263999999999999,5.0280000000000005,5.584,5.04,4.872,5.102,4.522,4.94,4.474,5.126,5.342,5.192,4.422,5.196000000000001,5.906000000000001,4.7459999999999996,5.584,4.258,4.438,5.184,4.7219999999999995,5.311999999999999,4.834,5.188,5.034,5.144244897959183
-10,5.144,5.834,5.1979999999999995,5.126,5.698,5.24,5.07,5.32,5.3839999999999995,5.0840000000000005,5.45,5.182,5.53,5.254,6.018000000000001,5.322,5.224,4.992,5.11,5.104,4.29,4.95,5.644,5.93,5.292000000000001,5.032,5.58,5.1080000000000005,4.936,5.036,4.4559999999999995,5.045999999999999,4.478,5.2,5.334,5.256,4.584,5.276,5.9239999999999995,4.742,5.598,4.2540000000000004,4.434,5.074000000000001,4.718,5.118,4.81,5.152,5.161999999999999,5.157102040816326
-9,5.144,5.936,5.11,5.126,5.544,5.262,5.2620000000000005,5.246,5.3,5.185999999999999,5.468,5.23,5.5299999999999985,5.167999999999999,5.974000000000001,5.348000000000001,5.262,4.96,4.986000000000001,5.257999999999999,4.26,4.9799999999999995,5.744,5.872000000000001,5.332000000000001,5.064,5.495999999999999,5.11,4.832000000000001,5.076,4.378,5.084,4.404,5.2,5.345999999999999,5.371999999999999,4.6080000000000005,5.376,6.004,4.732,5.62,4.276,4.42,4.966,4.74,5.312,4.834,5.1419999999999995,5.278,5.166489795918367
-8,5.288,5.867999999999999,5.12,5.146,5.505999999999999,5.272,5.26,5.287999999999999,5.25,5.186,5.466,5.3839999999999995,5.335999999999999,5.1739999999999995,6.066,5.38,5.188,5.007999999999999,5.028,5.278,4.19,4.938,5.806,5.917999999999999,5.4,5.07,5.478000000000001,5.188,4.914,5.13,4.376,4.89,4.466,5.2379999999999995,5.524,5.372000000000001,4.63,5.4,5.952000000000001,4.78,5.661999999999999,4.2860000000000005,4.4239999999999995,4.9959999999999996,4.75,5.334,4.914,5.182,5.399999999999999,5.185714285714286
-7,5.27,5.776,5.234,5.066,5.478,5.32,5.33,5.34,5.179999999999999,5.1579999999999995,5.534,5.4239999999999995,5.144,5.127999999999999,5.986000000000001,5.414,5.318,5.056,5.08,5.201999999999999,4.018,4.906,5.837999999999999,6.0,5.392,5.074,5.3839999999999995,5.104,4.869999999999999,5.1339999999999995,4.434,4.82,4.537999999999999,5.254,5.426,5.1739999999999995,4.598,5.406000000000001,6.01,4.818,5.712,4.184,4.34,5.042,4.587999999999999,5.216,4.994,5.263999999999999,5.256,5.168
-6,5.116,5.746,5.162000000000001,5.052,5.394,5.352,5.349999999999999,5.184,5.096,5.096,5.62,5.4559999999999995,5.116,4.999999999999999,5.942,5.382000000000001,5.438,5.053999999999999,4.98,5.098,3.8679999999999994,4.968,5.763999999999999,6.0,5.4639999999999995,5.144,5.271999999999999,5.1,4.786,5.08,4.43,4.8420000000000005,4.476,5.122000000000001,5.4559999999999995,5.062,4.452,5.364,5.9,4.8180000000000005,5.7139999999999995,4.152,4.382,5.032,4.462,5.156000000000001,5.045999999999999,5.1579999999999995,5.062,5.125836734693878
-5,5.271999999999999,5.726,5.088,5.052,5.306,5.382,5.27,5.0280000000000005,5.126,5.093999999999999,5.577999999999999,5.312,5.112,4.928,5.975999999999999,5.284,5.43,5.1979999999999995,4.896,4.9,3.9160000000000004,5.008,5.7780000000000005,6.0,5.574,5.244,5.281999999999999,5.151999999999999,4.838,5.104,4.46,4.976,4.496,5.166,5.414,5.132,4.646,5.27,5.852,4.8180000000000005,5.756,4.343999999999999,4.513999999999999,4.988,4.552,5.156000000000001,4.854,5.1,5.236000000000001,5.134367346938776
-4,5.4639999999999995,5.7059999999999995,5.077999999999999,4.976,5.244,5.2379999999999995,5.312,4.936,5.1739999999999995,5.104,5.484,5.242000000000001,4.962,4.928,5.8599999999999985,5.348,5.4479999999999995,5.241999999999999,4.878,4.8,3.9479999999999995,5.066,5.811999999999999,6.0,5.6419999999999995,5.282,5.274,5.038,4.824000000000001,5.167999999999999,4.484,4.89,4.552,5.21,5.3,5.234,4.666,5.331999999999999,6.046,4.8180000000000005,5.787999999999999,4.5360000000000005,4.39,5.05,4.522,5.156000000000001,4.84,5.144,5.206,5.135551020408164
-3,5.656000000000001,5.74,5.07,4.976,5.367999999999999,5.167999999999999,5.361999999999999,4.946,5.191999999999999,5.15,5.452000000000001,5.062,5.031999999999999,4.906000000000001,5.86,5.452000000000001,5.398000000000001,5.216,5.012,4.946,4.082,5.124,5.76,5.98,5.69,5.328,5.308,5.047999999999999,4.85,5.185999999999999,4.484,4.864,4.574,5.152,5.282,5.245999999999999,4.69,5.386,6.218,4.795999999999999,5.822,4.564,4.582,5.093999999999999,4.4639999999999995,5.136,4.86,5.1419999999999995,5.148,5.159673469387755
-2,5.638,5.856,5.146,5.078,5.374,5.144,5.3839999999999995,4.982,5.1979999999999995,5.2219999999999995,5.446000000000001,5.038,5.1579999999999995,4.912,5.874,5.478000000000001,5.526,5.218,5.0,4.8999999999999995,4.28,5.066,5.708000000000001,6.034,5.806,5.4879999999999995,5.4239999999999995,5.122000000000001,5.042,5.19,4.6,4.806,4.576,5.1579999999999995,5.284,5.414,4.763999999999999,5.396,6.232,4.654,5.821999999999999,4.57,4.626,5.1080000000000005,4.47,5.14,4.874,5.114,5.154,5.193755102040817
-1,5.484,5.864,5.104,5.082,5.3,5.154,5.32,5.007999999999999,5.096,5.22,5.57,5.05,5.19,4.82,5.851999999999999,5.478000000000001,5.504,5.2620000000000005,5.0,4.866,4.35,5.098,5.742000000000001,6.105999999999999,5.794,5.434,5.442,5.109999999999999,5.236000000000001,5.255999999999999,4.582,4.934,4.579999999999999,5.23,5.255999999999999,5.37,4.68,5.486000000000001,6.243999999999999,4.632,5.89,4.672,4.648,5.138000000000001,4.348,5.266,4.837999999999999,4.96,5.08,5.196448979591837
0,5.568,5.7,5.184,5.126,5.462,5.2059999999999995,5.451999999999999,5.0,5.276,5.238,5.4479999999999995,5.022,5.3420000000000005,4.664,5.8180000000000005,5.516,5.474,5.292000000000001,5.154,4.826,4.542,5.242000000000001,5.784,5.911999999999999,5.76,5.32,5.394,5.18,5.17,5.39,4.63,5.077999999999999,4.593999999999999,5.28,5.145999999999999,5.39,4.728,5.546,6.429999999999999,4.617999999999999,5.97,4.67,4.648,5.251999999999999,4.542,5.247999999999999,4.85,5.1160000000000005,5.274,5.2341224489795914
1,5.495999999999999,5.574,5.284,5.124,5.615999999999999,5.228,5.327999999999999,4.906000000000001,5.308,5.218,5.558,4.88,5.308000000000001,4.61,5.934,5.43,5.554000000000001,5.272,5.069999999999999,4.812,4.686,5.263999999999999,5.8,5.93,5.808,5.36,5.392,5.234,5.016,5.5520000000000005,4.702,4.986,4.5,5.196000000000001,5.226,5.389999999999999,4.79,5.626,6.327999999999999,4.686,5.856,4.524,4.548,5.303999999999999,4.686,5.244,4.942,5.308,5.274,5.238122448979592
2,5.411999999999999,5.635999999999999,5.127999999999999,5.124,5.46,5.305999999999999,5.196000000000001,4.936,5.194,5.287999999999999,5.444,4.982,5.2860000000000005,4.654,5.8839999999999995,5.46,5.534,5.2,5.053999999999999,4.638,4.686,5.25,5.747999999999999,6.02,5.917999999999999,5.516,5.308000000000001,5.2139999999999995,4.925999999999999,5.678,4.832,4.94,4.336,5.26,5.336,5.428000000000001,4.744000000000001,5.695999999999999,6.4,4.68,5.877999999999999,4.332,4.534,5.25,4.686,5.178,5.072,5.378000000000001,5.127999999999999,5.2279183673469385
3,5.535999999999999,5.78,5.002,5.096,5.334,5.274,5.212,4.956,5.284,5.172,5.32,5.002,5.395999999999999,4.706,5.684,5.556,5.577999999999999,5.008,5.207999999999999,4.59,4.686,5.34,5.81,6.11,5.95,5.538,5.5,5.2139999999999995,4.912,5.791999999999999,4.986,4.827999999999999,4.356,5.201999999999999,5.48,5.534,4.757999999999999,5.758000000000001,6.3839999999999995,4.632,5.874,4.406,4.5760000000000005,5.186,4.542,5.044,5.194,5.432,5.271999999999999,5.244693877551021
4,5.614,5.636,5.0440000000000005,5.041999999999999,5.44,5.23,5.2379999999999995,4.872,5.398,5.072,5.334,5.002,5.435999999999999,4.749999999999999,5.612,5.492000000000001,5.6419999999999995,4.88,5.336,4.572,4.572,5.358,5.861999999999999,6.127999999999999,5.926,5.524000000000001,5.481999999999999,5.297999999999999,5.08,5.814,5.178,4.846,4.428,5.316,5.335999999999999,5.398,4.768,5.792000000000001,6.382,4.548,5.896,4.422,4.482,5.226,4.38,4.882,5.287999999999999,5.41,5.399999999999999,5.246204081632652
5,5.489999999999998,5.442,5.13,4.942,5.429999999999999,5.284,5.354,5.064,5.396,5.186,5.367999999999999,4.9719999999999995,5.454,4.66,5.542000000000001,5.492000000000001,5.764000000000001,4.836,5.2780000000000005,4.675999999999999,4.418,5.212000000000001,5.7,5.974,5.862,5.574,5.327999999999999,5.338000000000001,5.17,5.614,5.37,4.7,4.52,5.308000000000001,5.225999999999999,5.456,4.728,5.718,6.324,4.566,5.905999999999999,4.337999999999999,4.513999999999999,5.324,4.42,4.882,5.372000000000001,5.4079999999999995,5.245999999999999,5.230122448979591
6,5.635999999999999,5.462,5.045999999999999,4.9719999999999995,5.334,5.405999999999999,5.4559999999999995,5.064,5.321999999999999,5.216,5.244,4.97,5.454,4.632,5.596,5.492000000000001,5.763999999999999,4.912,5.3020000000000005,4.596,4.574,5.212000000000001,5.574,5.934,5.8420000000000005,5.588000000000001,5.346,5.285999999999999,5.096,5.672,5.561999999999999,4.77,4.498,5.2620000000000005,5.1819999999999995,5.552,4.728,5.71,6.156000000000001,4.6819999999999995,5.744,4.53,4.496,5.2799999999999985,4.574,5.036,5.327999999999999,5.601999999999999,5.256,5.243836734693877
7,5.635999999999999,5.54,5.078,5.076,5.398,5.404,5.449999999999999,4.872,5.3,5.024,5.274,5.01,5.494,4.632,5.6979999999999995,5.462,5.744,5.002,5.138,4.4639999999999995,4.766,5.314000000000001,5.684,5.797999999999999,5.952000000000001,5.7219999999999995,5.346,5.3,5.03,5.75,5.559999999999999,4.784,4.406,5.257999999999999,5.104,5.644,4.728,5.73,6.185999999999999,4.854,5.619999999999999,4.6739999999999995,4.372,5.136,4.766,5.166,5.297999999999999,5.574,5.4,5.257510204081632
8,5.441999999999999,5.621999999999999,4.978,4.976,5.3599999999999985,5.595999999999999,5.4719999999999995,4.73,5.314,5.068,5.336,4.992,5.404,4.652,5.6979999999999995,5.572,5.894,4.872,5.202000000000001,4.585999999999999,4.958,5.436,5.8759999999999994,5.794,6.0760000000000005,5.652,5.361999999999999,5.256,5.036,5.6979999999999995,5.538,4.732,4.4079999999999995,5.28,5.1339999999999995,5.6739999999999995,4.874,5.574000000000001,6.212,4.902,5.4639999999999995,4.704,4.319999999999999,5.053999999999999,4.835999999999999,5.064,5.356,5.562,5.318,5.263591836734694
9,5.25,5.577999999999999,4.916,4.986,5.32,5.71,5.472,4.696000000000001,5.294,5.196000000000001,5.222,4.954,5.361999999999999,4.664000000000001,5.79,5.678,5.911999999999999,4.772,5.111999999999999,4.588,5.112,5.494,5.8020000000000005,5.79,6.117999999999999,5.682,5.392,5.164,5.085999999999999,5.795999999999999,5.358,4.774,4.438,5.2940000000000005,5.314,5.644,5.03,5.553999999999999,6.148,4.902,5.342,4.806,4.358,5.016,4.9639999999999995,5.244,5.468,5.49,5.28,5.2720816326530615
10,5.24,5.534,5.018,5.18,5.308,5.754,5.472,4.694,5.321999999999999,5.327999999999999,5.0680000000000005,4.922,5.457999999999999,4.672,5.805999999999999,5.73,5.731999999999999,4.872000000000001,5.184,4.59,5.204,5.452000000000001,5.808,5.6160000000000005,5.978,5.709999999999999,5.289999999999999,5.294,5.098,5.839999999999999,5.481999999999999,4.906,4.44,5.274,5.14,5.624,5.01,5.568,6.132000000000001,4.974,5.541999999999999,4.818,4.512,4.9719999999999995,5.118,5.2860000000000005,5.507999999999999,5.497999999999999,5.332000000000001,5.292040816326531
11,5.308,5.432,5.024,4.986000000000001,5.414,5.638,5.4,4.502,5.436,5.456,4.957999999999999,4.926,5.564,4.704,5.6819999999999995,5.678000000000001,5.856,4.996,5.166,4.572,5.194,5.451999999999999,5.757999999999999,5.6160000000000005,5.97,5.614,5.194,5.303999999999999,5.2139999999999995,5.83,5.408,4.772,4.337999999999999,5.145999999999999,5.1419999999999995,5.624,4.99,5.568,6.266,5.05,5.541999999999999,4.8180000000000005,4.56,4.904,5.14,5.254,5.51,5.507999999999999,5.226,5.277755102040817
12,5.254,5.316,5.02,5.004,5.454,5.572,5.346,4.4959999999999996,5.468000000000001,5.4639999999999995,4.91,5.012,5.374,4.734,5.528,5.598,5.71,5.11,5.117999999999999,4.542,5.1819999999999995,5.53,5.608,5.598,6.04,5.626,5.1160000000000005,5.322,5.388,5.848,5.474,4.763999999999999,4.408,5.1659999999999995,5.186,5.69,5.15,5.52,6.331999999999999,5.024,5.394,4.786,4.4319999999999995,5.03,5.026,5.324,5.501999999999999,5.498000000000001,5.16,5.268448979591836
13,5.2860000000000005,5.334,4.904,5.034,5.308,5.544,5.327999999999999,4.558,5.419999999999999,5.394,4.862,4.896,5.224,4.69,5.612,5.518,5.738,5.022,4.926,4.652,5.1819999999999995,5.588000000000001,5.675999999999999,5.553999999999999,6.234000000000001,5.691999999999999,5.096,5.206,5.438000000000001,5.815999999999999,5.485999999999999,4.675999999999999,4.352,5.272,5.18,5.768,5.31,5.371999999999999,6.331999999999999,4.8759999999999994,5.244,4.787999999999999,4.462,5.04,4.898,5.377999999999999,5.531999999999999,5.368,5.112,5.248530612244898
14,5.2,5.334,4.73,4.862,5.114,5.395999999999999,5.263999999999999,4.518,5.371999999999999,5.354,4.734,4.824,5.074,4.584,5.558000000000001,5.513999999999999,5.938000000000001,4.9959999999999996,4.8,4.66,5.182,5.694,5.678,5.6160000000000005,6.2059999999999995,5.691999999999999,4.902,5.032,5.336,5.81,5.39,4.676,4.288,5.251999999999999,5.078,5.788,5.28,5.268,6.404,4.704,5.1080000000000005,4.726,4.434,5.058,4.704,5.358,5.656000000000001,5.49,4.917999999999999,5.194979591836734
15,5.178,5.334,4.876,4.862,5.26,5.272,5.25,4.588,5.374,5.314,4.888,4.97,5.045999999999999,4.712,5.367999999999999,5.5760000000000005,5.815999999999999,4.944,4.843999999999999,4.7540000000000004,5.182,5.54,5.652,5.558,6.0920000000000005,5.885999999999999,5.048,5.034000000000001,5.4079999999999995,5.902,5.434,4.696,4.444,5.225999999999999,5.202000000000001,5.982,5.195999999999999,5.343999999999999,6.374,4.704,5.2139999999999995,4.82,4.436,5.02,4.706,5.358,5.654,5.574,5.112,5.2249795918367345
16,5.308000000000001,5.334,4.919999999999999,4.832,5.303999999999999,5.148,5.26,4.6419999999999995,5.456,5.282,4.925999999999999,4.952,5.201999999999999,4.666,5.241999999999999,5.3839999999999995,5.66,5.072,4.8180000000000005,4.664,5.1819999999999995,5.348000000000001,5.695999999999999,5.661999999999999,5.956,6.078,5.14,5.034,5.534,5.84,5.4239999999999995,4.584,4.492,5.207999999999999,5.15,6.136,5.195999999999999,5.362,6.296,4.752,5.204,4.9319999999999995,4.29,4.9719999999999995,4.806,5.358,5.544,5.468,5.204,5.222857142857143
17,5.346,5.263999999999999,4.72,4.832,5.104,5.042,5.343999999999999,4.62,5.404,5.251999999999999,4.954,4.922,5.239999999999998,4.506,5.285999999999999,5.377999999999999,5.712,5.228,4.803999999999999,4.646,5.1819999999999995,5.155999999999999,5.831999999999999,5.666,6.034,6.082000000000001,5.012,5.034,5.688,5.797999999999999,5.4719999999999995,4.6419999999999995,4.418,5.092,5.04,6.084,5.146,5.288,6.224,4.762,5.058,4.95,4.338,4.986000000000001,4.86,5.358,5.451999999999999,5.417999999999999,5.004,5.197551020408163
18,5.377999999999999,5.296,4.77,4.8999999999999995,5.154,5.196000000000001,5.303999999999999,4.62,5.382,5.378000000000001,4.965999999999999,5.044,5.27,4.4879999999999995,5.257999999999999,5.404000000000001,5.791999999999999,5.19,4.896,4.8,5.164,5.045999999999999,5.835999999999999,5.621999999999999,6.13,5.998000000000001,5.087999999999999,5.034,5.68,5.827999999999999,5.469999999999999,4.672,4.545999999999999,5.152,4.848,6.061999999999999,5.082,5.4159999999999995,6.242000000000001,4.854,5.23,4.954,4.492,5.0280000000000005,4.837999999999999,5.164,5.388,5.356,4.882,5.2160816326530615
19,5.33,5.4879999999999995,4.8839999999999995,4.938,5.268,5.35,5.297999999999999,4.618,5.481999999999999,5.504,5.0680000000000005,5.044,5.126,4.632,5.167999999999999,5.508000000000001,5.74,5.074,4.998,4.84,5.278,5.14,5.768,5.65,6.088000000000001,6.07,5.26,5.034,5.714000000000001,5.972,5.614,4.6739999999999995,4.7,5.152,4.704000000000001,6.192,5.112,5.571999999999999,6.178,4.957999999999999,5.345999999999999,5.076,4.585999999999999,4.9159999999999995,4.837999999999999,5.02,5.35,5.25,4.882000000000001,5.254122448979592
20,5.32,5.4559999999999995,4.98,5.034,5.364,5.478000000000001,5.27,4.81,5.481999999999999,5.541999999999999,5.098,5.042,5.034000000000001,4.7860000000000005,5.146,5.622000000000001,5.762,4.976,5.028,4.976,5.318,5.118,5.96,5.782,6.0360000000000005,6.241999999999999,5.422,5.034000000000001,5.715999999999999,6.115999999999999,5.757999999999999,4.736,4.854,5.0680000000000005,4.848,6.238,5.154,5.7,6.3020000000000005,5.085999999999999,5.481999999999999,5.044,4.6899999999999995,4.814,4.754,5.06,5.388,5.386,4.952,5.311510204081633
21,5.19,5.3420000000000005,5.022,5.0760000000000005,5.394,5.547999999999999,5.076,4.964,5.481999999999999,5.734,5.1979999999999995,5.236000000000001,4.97,4.878,5.148,5.534,5.774,5.02,5.172,5.1739999999999995,5.191999999999999,5.044,6.013999999999999,5.912000000000001,6.225999999999999,6.172,5.445999999999999,5.032,5.63,6.114,5.758000000000001,4.6339999999999995,4.8919999999999995,5.096,5.042,6.184,5.114,5.814000000000001,6.445999999999999,5.24,5.596,5.1979999999999995,4.816,4.688,4.822,5.22,5.257999999999999,5.586,4.978,5.348897959183674
22,5.088,5.314,5.01,5.064,5.222,5.547999999999999,5.124,5.056,5.5,5.656000000000001,5.398,5.3919999999999995,5.016,4.98,5.052,5.457999999999999,5.8260000000000005,5.082,5.315999999999999,5.244000000000001,5.215999999999999,5.236000000000001,6.018,5.882000000000001,6.24,6.166,5.547999999999999,5.224,5.588000000000001,6.288,5.757999999999999,4.698,5.018,5.21,5.235999999999999,6.034,5.142,5.986000000000001,6.331999999999999,5.278,5.706,5.17,4.96,4.6259999999999994,4.827999999999999,5.224,5.148,5.656000000000001,5.039999999999999,5.383714285714286
23,5.232,5.314,4.837999999999999,4.8919999999999995,5.03,5.478,5.268,5.076,5.3839999999999995,5.598,5.328,5.34,5.028,5.01,4.988,5.334,5.812,4.954,5.316,5.272,5.242000000000001,5.346,6.071999999999999,5.946000000000001,6.354,6.196000000000001,5.497999999999999,5.296,5.7219999999999995,6.294,5.706,4.6979999999999995,5.161999999999999,5.343999999999999,5.236000000000001,5.962000000000001,5.241999999999999,6.013999999999999,6.292000000000001,5.308,5.675999999999999,5.092,4.958,4.752,4.748,5.172000000000001,5.21,5.704,5.078,5.383918367346938
24,5.377999999999999,5.12,4.84,4.894,4.838,5.4479999999999995,5.268000000000001,5.164,5.282,5.797999999999999,5.182,5.318,5.15,5.112,5.093999999999999,5.507999999999999,5.834,4.854,5.318,5.278,5.343999999999999,5.287999999999999,6.0920000000000005,5.984,6.334,6.126,5.53,5.35,5.92,6.26,5.706,4.646,5.164,5.457999999999999,5.09,6.0920000000000005,5.325999999999999,6.02,6.298000000000001,5.451999999999999,5.598,5.216,4.956,4.837999999999999,4.852,5.274,5.194,5.638000000000001,4.8839999999999995,5.400163265306121
25,5.268000000000001,5.266,4.922,4.976,4.922,5.5760000000000005,5.185999999999999,5.325999999999999,5.482,5.9079999999999995,5.376,5.419999999999999,5.219999999999999,5.241999999999999,5.064,5.624,5.75,4.936,5.318,5.38,5.425999999999999,5.302,6.121999999999999,5.984,6.166,5.997999999999999,5.568,5.422,5.99,6.376,5.757999999999999,4.747999999999999,5.247999999999999,5.584,5.263999999999999,6.246,5.451999999999999,6.151999999999999,6.33,5.644,5.73,5.2139999999999995,5.1,4.896,4.978,5.401999999999999,5.1819999999999995,5.754000000000001,5.029999999999999,5.4740408163265295
26,5.204,5.457999999999999,5.013999999999999,5.068,5.013999999999999,5.7219999999999995,5.145999999999999,5.396,5.654,5.946000000000001,5.57,5.419999999999999,5.219999999999999,5.324000000000001,5.064,5.734,5.71,5.066,5.49,5.377999999999999,5.553999999999999,5.405999999999999,6.266,5.936,6.24,5.946000000000001,5.65,5.452000000000001,6.03,6.55,5.902,4.8759999999999994,5.376,5.73,5.4639999999999995,6.39,5.4319999999999995,6.244,6.25,5.836,5.821999999999999,5.241999999999999,5.244,5.018,5.121999999999999,5.53,5.206,5.876,5.1739999999999995,5.558408163265305
27,5.112,5.312,4.992,5.046,4.982,5.577999999999999,5.191999999999999,5.38,5.6819999999999995,6.1,5.617999999999999,5.49,5.127999999999999,5.302,5.064,5.7620000000000005,5.728,4.974,5.516,5.232,5.51,5.324,6.314,5.81,6.201999999999999,5.916,5.65,5.452000000000001,6.0440000000000005,6.577999999999999,5.902,4.828,5.3839999999999995,5.537999999999999,5.594000000000001,6.244,5.37,6.224,6.29,5.858,5.802,5.296,5.122000000000001,4.974,4.978,5.5680000000000005,5.224,5.814,5.0280000000000005,5.531183673469388
28,4.984,5.29,4.948,5.002,4.96,5.432,5.077999999999999,5.39,5.736000000000001,6.081999999999999,5.617999999999999,5.484,5.2,5.232,4.949999999999999,5.718000000000001,5.756,4.846,5.466,5.232,5.365999999999999,5.377999999999999,6.379999999999999,5.696000000000001,6.114,5.944,5.65,5.451999999999999,6.064,6.547999999999999,5.756,4.7,5.278,5.41,5.542000000000001,6.292000000000001,5.34,6.151999999999999,6.3180000000000005,5.6579999999999995,5.6339999999999995,5.405999999999999,4.9239999999999995,4.848,4.832,5.553999999999999,5.079999999999999,5.707999999999999,4.882,5.475714285714286
29,5.053999999999999,5.4879999999999995,4.946000000000001,4.97,5.07,5.348,5.1419999999999995,5.5,5.835999999999999,5.966,5.534,5.546,5.284,5.184,4.872,5.672,5.846,4.878,5.457999999999999,5.3420000000000005,5.3660000000000005,5.52,6.495999999999999,5.571999999999999,6.042000000000001,6.014000000000001,5.648000000000001,5.367999999999999,6.1160000000000005,6.496,5.846,4.66,5.27,5.564,5.52,6.417999999999999,5.382000000000001,6.166,6.32,5.73,5.504,5.444,4.824000000000001,4.7459999999999996,4.902,5.608,5.082,5.76,5.004,5.496408163265307
30,5.076,5.588000000000001,4.986,4.938,5.078,5.22,5.09,5.564,5.752000000000001,5.968000000000001,5.577999999999999,5.544,5.094,5.178000000000001,4.822,5.541999999999999,5.894,4.9239999999999995,5.329999999999999,5.386,5.336,5.654,6.466,5.7139999999999995,6.106,6.106,5.79,5.31,6.148,6.367999999999999,5.916,4.7219999999999995,5.242000000000001,5.602,5.62,6.502000000000001,5.468,6.0360000000000005,6.382,5.878000000000001,5.376,5.6339999999999995,4.824,4.744000000000001,5.07,5.73,5.084,5.644,5.118,5.513102040816326
31,5.031999999999999,5.566,5.0,5.124,5.045999999999999,5.15,4.946,5.638,5.852,6.02,5.7059999999999995,5.587999999999999,4.926,5.306,4.672,5.664,5.922,4.956,5.257999999999999,5.327999999999999,5.2219999999999995,5.6979999999999995,6.46,5.76,6.108,6.104,5.79,5.361999999999999,6.078,6.441999999999999,5.9159999999999995,4.744,5.17,5.456,5.621999999999999,6.56,5.354,5.9639999999999995,6.192,6.004,5.45,5.75,4.824,4.724,5.077999999999999,5.73,5.166,5.696000000000001,5.161999999999999,5.51604081632653
32,5.016,5.497999999999999,4.964,5.056,4.856,5.102,4.898,5.566,5.8439999999999985,6.061999999999999,5.818,5.639999999999999,4.894,5.377999999999999,4.6819999999999995,5.858,5.794,4.9959999999999996,5.257999999999999,5.3599999999999985,5.03,5.606,6.49,5.8,6.111999999999999,6.006,5.725999999999999,5.303999999999999,6.026,6.394,5.843999999999999,4.762,5.241999999999999,5.374,5.5520000000000005,6.541999999999999,5.284,6.037999999999999,6.178,6.087999999999999,5.402,5.726,4.925999999999999,4.672,4.885999999999999,5.73,5.114000000000001,5.696000000000001,5.2139999999999995,5.4959999999999996
33,5.016,5.59,5.118,5.018,4.962,5.064,4.917999999999999,5.61,5.843999999999999,6.045999999999999,5.932,5.509999999999999,4.784,5.448,4.602,5.856,5.814,5.004,5.327999999999999,5.358,4.99,5.5360000000000005,6.385999999999999,5.806,6.156000000000001,6.049999999999999,5.831999999999999,5.298000000000001,6.018000000000001,6.2,5.86,4.7540000000000004,5.44,5.404,5.506,6.617999999999999,5.367999999999999,6.101999999999999,6.188,6.114,5.208000000000001,5.632,4.9959999999999996,4.782,4.846,5.73,5.092,5.566,5.112,5.498204081632654
34,4.978,5.502000000000001,5.184,4.922,4.98,4.999999999999999,4.9959999999999996,5.654,5.851999999999999,5.904000000000001,5.91,5.5280000000000005,4.629999999999999,5.502000000000001,4.642,5.811999999999999,5.97,4.912,5.345999999999999,5.348000000000001,4.986,5.49,6.4319999999999995,5.741999999999999,6.166,5.9239999999999995,5.706,5.144,5.8919999999999995,6.078,5.86,4.826,5.43,5.303999999999999,5.48,6.601999999999999,5.348000000000001,6.018000000000001,6.154,6.084,5.207999999999999,5.579999999999999,4.942,4.78,4.864,5.71,5.194,5.411999999999999,4.984,5.467591836734694
35,4.843999999999999,5.444,5.117999999999999,4.768,4.788,4.938,5.11,5.572,5.752000000000001,5.834,5.718,5.348,4.736,5.432,4.598,5.734,5.954,4.764,5.224,5.154000000000001,4.992,5.428,6.42,5.731999999999999,6.156000000000001,5.876,5.5120000000000005,4.95,5.91,6.0840000000000005,5.76,4.999999999999999,5.352,5.294,5.3580000000000005,6.608,5.37,6.005999999999999,6.012,6.04,5.17,5.49,4.747999999999999,4.764,4.864,5.53,5.002,5.22,4.984,5.397183673469388
36,4.696,5.399999999999999,5.028,4.7299999999999995,4.596,4.8740000000000006,4.965999999999999,5.418000000000001,5.642,5.724,5.524,5.318,4.898,5.321999999999999,4.484,5.644,5.928,4.68,5.146,5.154,4.87,5.3839999999999995,6.492000000000001,5.741999999999999,6.098,5.828,5.5120000000000005,4.93,5.95,6.013999999999999,5.689999999999999,4.922,5.281999999999999,5.296,5.164000000000001,6.55,5.377999999999999,5.994,5.984,6.02,5.106,5.327999999999999,4.728,4.762,4.844,5.46,4.8580000000000005,5.172000000000001,4.946,5.336244897959185
37,4.715999999999999,5.355999999999999,4.848,4.73,4.404,4.812,4.774,5.416,5.571999999999999,5.57,5.401999999999999,5.25,4.946000000000001,5.257999999999999,4.598,5.585999999999999,5.856,4.709999999999999,5.056,5.106,4.675999999999999,5.271999999999999,6.466,5.8420000000000005,6.09,5.636,5.474000000000001,4.936,5.854,5.851999999999999,5.598,4.877999999999999,5.087999999999999,5.4239999999999995,5.1160000000000005,6.459999999999999,5.254,5.9559999999999995,6.013999999999999,5.8260000000000005,4.984,5.136,4.734,4.612,4.766,5.368,4.8580000000000005,5.172,4.846,5.268448979591836
38,4.826,5.547999999999999,5.022,4.832,4.404,4.906,4.774,5.615999999999999,5.7219999999999995,5.6259999999999994,5.4079999999999995,5.334,4.88,5.36,4.638,5.785999999999999,5.802,4.784,5.088,5.066,4.822,5.15,6.476,5.886,6.01,5.636,5.5680000000000005,5.038,5.781999999999999,5.968,5.6,4.968,5.262,5.57,5.31,6.474,5.252000000000001,6.155999999999999,5.88,5.972,5.1579999999999995,5.26,4.835999999999999,4.56,4.798,5.257999999999999,4.878,5.3660000000000005,4.97,5.332367346938777
39,4.896,5.441999999999999,5.05,4.832,4.4319999999999995,4.864000000000001,4.946000000000001,5.572,5.726,5.581999999999999,5.425999999999999,5.28,4.984,5.215999999999999,4.513999999999999,5.742000000000001,5.874,4.59,5.087999999999999,4.97,4.87,5.238,6.621999999999999,5.843999999999999,6.041999999999999,5.684,5.526,4.9239999999999995,5.77,5.945999999999999,5.4559999999999995,5.068,5.316,5.57,5.337999999999999,6.4239999999999995,5.354,6.111999999999999,5.73,5.954,5.026,5.314,4.692,4.728,4.776,5.206,4.992,5.365999999999999,4.896,5.32265306122449
40,5.024,5.426,5.037999999999999,4.808,4.5040000000000004,4.768,5.0,5.444,5.771999999999999,5.534,5.579999999999999,5.1080000000000005,4.952,5.12,4.43,5.615999999999999,5.855999999999999,4.444,5.087999999999999,4.81,4.916,5.314,6.428,5.766,5.944,5.701999999999999,5.534,4.9,5.748000000000001,5.818,5.327999999999999,5.052,5.32,5.507999999999999,5.3260000000000005,6.411999999999999,5.284,5.95,5.774,5.942,5.021999999999999,5.288,4.566,4.824,4.662,5.33,5.004,5.2379999999999995,4.962,5.289469387755101
41,5.178,5.434,5.029999999999999,4.808,4.566,4.797999999999999,4.878,5.475999999999999,5.849999999999999,5.486000000000001,5.596,4.9159999999999995,4.772,5.184,4.376,5.575999999999999,5.765999999999999,4.446,5.164,4.79,5.0,5.4559999999999995,6.408,5.766,5.789999999999999,5.588000000000001,5.432,4.888,5.948,5.972,5.405999999999999,5.013999999999999,5.406000000000001,5.444,5.322,6.295999999999999,5.25,5.86,5.746,6.0,5.018,5.1739999999999995,4.449999999999999,4.856,4.67,5.2379999999999995,5.0,5.121999999999999,4.974,5.277224489795919
42,5.16,5.324,4.976,4.808,4.412,4.77,4.878,5.52,5.92,5.561999999999999,5.57,4.762,4.946,5.042,4.316,5.419999999999999,5.81,4.376,5.2,4.828,4.948,5.351999999999999,6.414,5.83,5.808,5.484,5.382,4.728,5.89,6.01,5.37,5.1419999999999995,5.336,5.382000000000001,5.254,6.3660000000000005,5.218,5.82,5.6739999999999995,5.8260000000000005,4.9479999999999995,5.05,4.508,4.856,4.618,5.092,4.808,5.122000000000001,4.89,5.23930612244898
43,5.136,5.495999999999999,4.946,4.808,4.35,4.598,4.922,5.498000000000001,6.112,5.73,5.438,4.7219999999999995,5.138,5.07,4.282,5.42,5.792000000000001,4.196000000000001,5.148,4.944,4.946000000000001,5.362,6.36,5.901999999999999,5.837999999999999,5.472,5.484,4.79,5.85,6.0760000000000005,5.37,5.18,5.284,5.276,5.22,6.491999999999999,5.24,5.791999999999999,5.738,5.734,4.877999999999999,5.12,4.662,4.708,4.6160000000000005,5.132000000000001,4.614,5.2379999999999995,5.044,5.248244897959183
44,5.156000000000001,5.585999999999999,5.03,4.732,4.444,4.484,4.954,5.53,6.226,5.74,5.354,4.8839999999999995,5.138000000000001,5.2620000000000005,4.25,5.5299999999999985,5.704,4.32,5.24,5.042000000000001,5.092,5.468,6.352,6.0299999999999985,5.664,5.392,5.484,4.862,6.002000000000001,6.182,5.36,5.117999999999999,5.276,5.404,5.212000000000001,6.531999999999999,5.386,5.803999999999999,5.81,5.74,4.89,5.244,4.505999999999999,4.582,4.7620000000000005,5.228000000000001,4.6419999999999995,5.3,5.19,5.288163265306123
45,5.116,5.691999999999999,5.092,4.624,4.553999999999999,4.452,4.98,5.57,6.111999999999999,5.72,5.3839999999999995,5.028,4.994,5.408,4.236000000000001,5.435999999999999,5.6739999999999995,4.306,5.256,5.151999999999999,5.045999999999999,5.3839999999999995,6.34,5.986000000000001,5.47,5.354000000000001,5.36,4.84,5.906000000000001,6.026,5.245999999999999,5.07,5.263999999999999,5.358,5.212,6.513999999999999,5.194,5.93,5.758000000000001,5.876,4.91,5.11,4.506,4.619999999999999,4.782,5.338000000000001,4.842,5.1659999999999995,5.018,5.269632653061224
46,5.024,5.69,5.01,4.585999999999999,4.644,4.6240000000000006,4.837999999999999,5.724,5.94,5.72,5.3839999999999995,4.904,5.026,5.408,4.276,5.434,5.792000000000001,4.218,5.122000000000001,5.266,5.046,5.3839999999999995,6.336,5.794,5.4,5.305999999999999,5.438000000000001,4.84,5.821999999999999,5.904,5.074,5.216,5.263999999999999,5.358,5.405999999999999,6.592,5.0,5.91,5.688,5.914000000000001,4.834,5.02,4.652,4.582,4.84,5.1659999999999995,4.944,5.05,4.902,5.251265306122449
47,4.832,5.556,4.885999999999999,4.552,4.52,4.7,4.6659999999999995,5.728,5.797999999999999,5.72,5.259999999999999,5.064,4.872,5.356,4.23,5.414,5.842,4.146,4.98,5.256,5.034,5.3660000000000005,6.263999999999999,5.62,5.239999999999998,5.1339999999999995,5.4479999999999995,4.666,5.84,5.854,4.9,5.093999999999999,5.256,5.358,5.454,6.456,4.8260000000000005,5.91,5.6160000000000005,5.945999999999999,4.73,4.974,4.46,4.534000000000001,4.854,4.992,4.822,4.922,4.959999999999999,5.181795918367347
48,4.704,5.358,4.686,4.56,4.422,4.652,4.696,5.617999999999999,5.7139999999999995,5.636,5.112,5.076,4.876,5.272,4.372,5.38,5.7139999999999995,4.188,4.966,5.244,4.834,5.29,6.275999999999999,5.491999999999999,5.164,4.965999999999999,5.25,4.612,5.84,5.718000000000001,4.957999999999999,4.98,5.2860000000000005,5.1979999999999995,5.3260000000000005,6.258000000000001,4.772,5.978,5.531999999999999,6.06,4.76,4.968,4.364,4.544,4.78,5.036,4.755999999999999,4.94,4.954,5.125265306122449
49,4.8580000000000005,5.257999999999999,4.76,4.526,4.465999999999999,4.5280000000000005,4.762,5.5520000000000005,5.765999999999999,5.661999999999999,5.093999999999999,4.98,4.96,5.274,4.288,5.342,5.742000000000001,4.254,5.037999999999999,5.264000000000001,4.762,5.29,6.34,5.55,5.154,4.98,5.14,4.734,5.718,5.692,5.029999999999999,4.854,5.1579999999999995,5.258000000000001,5.367999999999999,6.287999999999999,4.894,5.827999999999999,5.436,5.996,4.76,5.04,4.352,4.704,4.792,5.104,4.718,5.094,5.056,5.131918367346939
50,4.83,5.289999999999999,4.712,4.572,4.3580000000000005,4.446,4.6160000000000005,5.43,5.604,5.824,5.226,4.958,4.8919999999999995,5.402,4.312,5.321999999999999,5.742000000000001,4.17,4.968,5.18,4.692,5.289999999999999,6.278,5.682,5.04,5.072,5.024,4.662,5.706,5.519999999999999,4.938,4.792,5.012,5.2139999999999995,5.5,6.224,4.7,5.8,5.392,6.04,4.606,5.053999999999999,4.314,4.757999999999999,4.6,5.121999999999999,4.754,5.01,5.062,5.096163265306123
51,4.818,5.329999999999999,4.52,4.772,4.314,4.3,4.762,5.432,5.497999999999999,5.882000000000001,5.102,5.1259999999999994,4.8,5.475999999999999,4.312,5.426,5.794,4.24,4.98,5.311999999999999,4.662,5.338000000000001,6.251999999999999,5.666,4.8660000000000005,5.064,5.074,4.4639999999999995,5.782,5.325999999999999,4.868,4.89,5.013999999999999,5.254,5.325999999999999,6.114,4.678,5.8,5.4479999999999995,6.034,4.762,5.1579999999999995,4.4079999999999995,4.674,4.578,5.092,4.834,4.9319999999999995,4.97,5.092326530612245
52,4.914,5.316,4.52,4.884,4.449999999999999,4.106,4.908,5.3839999999999995,5.69,5.824,5.102,5.112,4.678,5.348,4.3,5.36,5.835999999999999,4.274,4.944,5.512,4.788,5.41,6.212000000000001,5.628000000000001,4.744,5.012,5.088,4.3919999999999995,5.81,5.392,4.822,4.858,5.016,5.312,5.325999999999999,6.021999999999999,4.794,5.606,5.4159999999999995,5.91,4.762,5.291999999999999,4.4239999999999995,4.808,4.59,5.136,4.702,4.976,4.97,5.0955102040816325
53,4.862,5.3,4.518,4.7780000000000005,4.4879999999999995,4.252,4.763999999999999,5.394,5.611999999999999,5.952000000000001,5.104,5.072,4.5680000000000005,5.276,4.424,5.35,5.792000000000001,4.388,4.8919999999999995,5.49,4.942,5.345999999999999,6.164,5.579999999999999,4.718,4.926,5.058,4.342,5.811999999999999,5.4319999999999995,4.7059999999999995,4.916,4.9719999999999995,5.196000000000001,5.335999999999999,6.0,4.8,5.414,5.478,5.9719999999999995,4.666,5.296,4.45,4.88,4.712,5.251999999999999,4.68,4.848,5.018,5.0854693877551025
54,4.728,5.454,4.374,4.716,4.498,4.296,4.667999999999999,5.434,5.497999999999999,6.105999999999999,4.96,5.17,4.53,5.2139999999999995,4.484,5.342,5.724,4.562,4.8919999999999995,5.446000000000001,4.95,5.284,6.146,5.434,4.675999999999999,4.986000000000001,5.08,4.156000000000001,5.728,5.348,4.64,4.858,5.016,5.191999999999999,5.46,6.093999999999999,4.768,5.388,5.486000000000001,6.126,4.6659999999999995,5.236000000000001,4.624,4.795999999999999,4.782,5.346,4.786,4.918,5.084,5.084693877551021
55,4.843999999999999,5.6,4.23,4.715999999999999,4.508,4.096,4.656000000000001,5.272,5.621999999999999,6.0,4.9559999999999995,5.166,4.422,5.2780000000000005,4.4639999999999995,5.31,5.615999999999999,4.562,4.904,5.472,4.942,5.43,6.26,5.606,4.692,4.9159999999999995,5.164,4.276,5.6080000000000005,5.38,4.574000000000001,4.917999999999999,5.058,5.05,5.526,6.2139999999999995,4.808,5.547999999999999,5.442,6.013999999999999,4.716,5.322,4.478,4.86,4.744,5.35,4.876,5.064,5.044,5.09334693877551
56,4.77,5.49,4.3,4.686,4.516,4.146,4.5760000000000005,5.128000000000001,5.666,5.982,5.116,5.077999999999999,4.352,5.278,4.3759999999999994,5.224,5.537999999999999,4.562,4.77,5.46,4.9319999999999995,5.558000000000001,6.3839999999999995,5.806,4.712,4.928,4.974,4.334,5.482,5.288,4.42,4.92,4.974,5.1339999999999995,5.532,6.028,4.878,5.528,5.584,5.959999999999999,4.7139999999999995,5.254000000000001,4.334,4.952,4.59,5.33,4.774,4.87,5.012,5.0653061224489795
57,4.648,5.426,4.326,4.728,4.547999999999999,4.346,4.537999999999999,5.127999999999999,5.669999999999999,6.138000000000001,5.072,5.151999999999999,4.342,5.278,4.404,5.212,5.436,4.562,4.962,5.448,4.9319999999999995,5.56,6.192,5.9079999999999995,4.7139999999999995,4.9479999999999995,4.942,4.306,5.502000000000001,5.294,4.576,4.902,5.064,5.124,5.564,6.028,4.8759999999999994,5.422,5.682,5.941999999999999,4.7139999999999995,5.192,4.478,5.022,4.48,5.24,4.76,4.795999999999999,5.066,5.073265306122448
58,4.772,5.334,4.388,4.78,4.468,4.254,4.548,5.241999999999999,5.85,6.093999999999999,4.965999999999999,5.0840000000000005,4.322,5.084,4.488,5.078,5.48,4.736000000000001,4.852,5.355999999999999,4.9319999999999995,5.522,5.998000000000001,5.845999999999999,4.604,4.974,4.944,4.306,5.564,5.414,4.598,4.948,5.212000000000001,5.032,5.3839999999999995,6.127999999999999,4.732,5.614,5.584,5.787999999999999,4.837999999999999,5.284,4.64,5.22,4.448,5.36,4.824,4.918,5.136,5.080979591836734
59,4.784,5.18,4.449999999999999,4.626,4.488,4.14,4.672,5.254,5.676,5.965999999999999,5.018,5.013999999999999,4.348,4.957999999999999,4.296,5.056,5.462000000000001,4.85,4.942,5.394,4.9319999999999995,5.626,6.12,5.739999999999998,4.614,4.978,4.909999999999999,4.244000000000001,5.558,5.41,4.585999999999999,4.957999999999999,5.343999999999999,5.058,5.314,6.052,4.7219999999999995,5.454,5.45,5.626,4.78,5.33,4.6,5.41,4.454,5.281999999999999,4.724,5.0,5.2059999999999995,5.0623673469387755
60,4.762,5.052,4.35,4.4319999999999995,4.417999999999999,4.096,4.797999999999999,5.234,5.604,6.007999999999999,5.124,5.138,4.292,5.064,4.274,5.074,5.532,4.859999999999999,4.87,5.584,4.9639999999999995,5.6160000000000005,6.066,5.8759999999999994,4.585999999999999,4.974,4.9479999999999995,4.226,5.6160000000000005,5.451999999999999,4.546,4.968,5.254,5.039999999999999,5.314,6.013999999999999,4.79,5.564,5.336,5.7,4.694,5.466,4.568,5.3660000000000005,4.414,5.167999999999999,4.724,4.974,5.246,5.061959183673469
61,4.568,5.012,4.152,4.504,4.364,4.14,4.954,5.348,5.604,5.994,5.196000000000001,5.024,4.34,5.054,4.442,4.98,5.4479999999999995,4.936,4.744,5.6160000000000005,4.976,5.62,6.026,5.797999999999999,4.574000000000001,5.037999999999999,5.072,4.27,5.5,5.462,4.604,5.092,5.432,5.186,5.486000000000001,6.02,4.8580000000000005,5.5520000000000005,5.164,5.694,4.694,5.534000000000001,4.388,5.351999999999999,4.38,5.17,4.593999999999999,4.942,5.22,5.063632653061225
62,4.4959999999999996,5.127999999999999,4.03,4.488,4.434,4.1579999999999995,4.954,5.268,5.632,5.99,5.18,5.013999999999999,4.532,4.91,4.474,5.04,5.479999999999999,4.958,4.6,5.65,4.9559999999999995,5.556,6.156000000000001,5.702000000000001,4.596,5.004,5.102,4.297999999999999,5.472,5.462000000000001,4.482,5.186,5.388000000000001,5.064,5.4559999999999995,5.928,4.812,5.553999999999999,4.9719999999999995,5.763999999999999,4.824,5.575999999999999,4.492,5.342,4.494000000000001,5.1,4.502,4.795999999999999,5.216,5.054448979591837
63,4.504,5.106,4.032,4.534,4.434,4.14,4.83,5.167999999999999,5.59,6.005999999999999,5.106,5.053999999999999,4.7059999999999995,4.828,4.39,5.042,5.308,5.06,4.744,5.672000000000001,4.974,5.446000000000001,6.064,5.808,4.593999999999999,5.002,4.93,4.369999999999999,5.444,5.462,4.425999999999999,5.166,5.428,4.896,5.39,5.766,4.614,5.612,4.81,5.917999999999999,4.917999999999999,5.571999999999999,4.474,5.3020000000000005,4.58,4.902,4.388,4.989999999999999,5.072,5.032081632653061
64,4.644,4.944,4.1160000000000005,4.732,4.558,4.2540000000000004,4.803999999999999,5.324,5.572,5.966,5.178,5.21,4.72,4.788,4.368,4.949999999999999,5.254,5.01,4.87,5.54,4.974,5.446000000000001,5.872000000000001,5.771999999999999,4.564,5.008,4.9319999999999995,4.486,5.462,5.425999999999999,4.502000000000001,5.154,5.401999999999999,4.888,5.464000000000001,5.611999999999999,4.514,5.666,4.842,5.956,5.042,5.524,4.521999999999999,5.257999999999999,4.666,4.852,4.398,4.952,5.074000000000001,5.041469387755102
65,4.622,4.984,4.1,4.843999999999999,4.425999999999999,4.3759999999999994,4.786,5.368,5.715999999999999,6.07,5.1,5.257999999999999,4.698,4.834,4.426,4.85,5.327999999999999,4.97,4.8260000000000005,5.64,5.167999999999999,5.638,5.7,5.888,4.593999999999999,4.9159999999999995,4.787999999999999,4.6,5.398,5.398000000000001,4.504,5.176,5.34,4.797999999999999,5.371999999999999,5.501999999999999,4.482,5.7,4.829999999999999,6.0920000000000005,5.008,5.5760000000000005,4.694,5.255999999999999,4.779999999999999,5.052,4.286,4.835999999999999,4.882,5.050530612244898
66,4.574,4.966,4.056,4.876,4.3839999999999995,4.346,4.7860000000000005,5.168000000000001,5.716,6.061999999999999,4.966,5.324,4.644,4.72,4.486000000000001,4.9959999999999996,5.327999999999999,4.956,4.888,5.692,5.311999999999999,5.83,5.586,5.856,4.74,4.724,4.678,4.556,5.462000000000001,5.432,4.507999999999999,5.322,5.302,4.808,5.394,5.469999999999999,4.552,5.718,4.842,6.098000000000001,4.965999999999999,5.59,4.843999999999999,5.3660000000000005,4.81,4.978,4.3660000000000005,4.878,4.72,5.053918367346939
67,4.66,4.982,4.088,4.792,4.416,4.306,4.818,5.1160000000000005,5.752000000000001,6.078,4.9159999999999995,5.402,4.606,4.843999999999999,4.4559999999999995,4.996,5.3759999999999994,4.992,4.956,5.694,5.168000000000001,5.9559999999999995,5.534,5.901999999999999,4.692,4.628,4.732,4.412,5.32,5.474,4.505999999999999,5.148000000000001,5.424000000000001,4.7940000000000005,5.502000000000001,5.39,4.582,5.775999999999999,4.868,6.013999999999999,5.07,5.466,4.814,5.382,4.74,4.784,4.35,4.954000000000001,4.76,5.048734693877551
68,4.7780000000000005,5.02,4.03,4.702000000000001,4.244000000000001,4.344,4.902,5.2379999999999995,5.74,6.044,4.974,5.2780000000000005,4.574,4.886,4.436,4.94,5.3759999999999994,4.962,4.9639999999999995,5.65,5.072,5.9879999999999995,5.513999999999999,5.862,4.566,4.627999999999999,4.6819999999999995,4.494,5.33,5.442,4.632,5.032,5.2940000000000005,4.602,5.63,5.37,4.5280000000000005,5.778,4.9399999999999995,5.92,4.928,5.507999999999999,4.672,5.2799999999999985,4.688,4.93,4.306,4.894,4.89,5.030244897959183
69,4.755999999999999,5.02,4.038,4.746,4.252,4.316,4.748,5.251999999999999,5.754,6.03,5.044,5.278,4.572,4.9319999999999995,4.436,5.0360000000000005,5.376,5.072,4.944,5.7139999999999995,4.996,6.068,5.46,5.868,4.494000000000001,4.628,4.699999999999999,4.622,5.302,5.47,4.612,5.028,5.2620000000000005,4.596,5.7,5.269999999999999,4.513999999999999,5.716,4.959999999999999,5.818,4.914,5.534,4.7139999999999995,5.452000000000001,4.758,5.122000000000001,4.314,5.047999999999999,5.018,5.046408163265306
70,4.609999999999999,5.166,3.91,4.748,4.324,4.226,4.6339999999999995,5.194,5.928,6.093999999999999,5.212,5.4239999999999995,4.593999999999999,4.8919999999999995,4.444,5.058,5.367999999999999,5.231999999999999,4.952000000000001,5.5920000000000005,5.028,6.118,5.268,5.936,4.44,4.628,4.635999999999999,4.692,5.23,5.337999999999999,4.658,4.896,5.12,4.724,5.728,5.241999999999999,4.612,5.712,4.89,5.814,4.908,5.62,4.65,5.6,4.882,5.192,4.134,5.04,5.0,5.047714285714286
71,4.6819999999999995,5.164,3.764,4.7139999999999995,4.289999999999999,4.346,4.635999999999999,5.154,5.928,6.037999999999999,5.212000000000001,5.386,4.579999999999999,4.83,4.53,5.16,5.457999999999999,5.212000000000001,4.942,5.516,5.2219999999999995,6.246,5.2139999999999995,5.9079999999999995,4.404,4.627999999999999,4.61,4.866,5.294,5.462,4.806,5.02,5.184,4.622,5.734,5.37,4.652,5.728,4.87,5.774,4.8759999999999994,5.53,4.7139999999999995,5.684,4.802,5.148000000000001,4.257999999999999,4.88,4.994,5.0620816326530615
72,4.797999999999999,5.192,3.864,4.752,4.327999999999999,4.546,4.588,5.234,5.975999999999999,6.121999999999999,5.096,5.324,4.516,4.872,4.6,5.16,5.45,5.23,4.81,5.476,5.222,6.154,5.228,5.835999999999999,4.5360000000000005,4.628,4.496,4.686,5.291999999999999,5.42,4.954000000000001,4.898,5.088,4.505999999999999,5.642,5.494,4.606,5.68,4.922,5.765999999999999,4.91,5.537999999999999,4.684,5.704,4.74,5.1419999999999995,4.34,5.0,4.852,5.059142857142857
73,4.768,5.148,3.986,4.8340000000000005,4.41,4.494,4.588,5.202000000000001,6.047999999999999,6.058000000000001,5.102,5.334,4.648,4.986,4.4719999999999995,5.244,5.5280000000000005,5.321999999999999,4.9719999999999995,5.418000000000001,5.036,6.044,5.218,5.815999999999999,4.454,4.598,4.4559999999999995,4.694,5.158,5.35,5.045999999999999,4.814,5.087999999999999,4.4719999999999995,5.496,5.3919999999999995,4.629999999999999,5.67,4.952,5.88,4.922,5.622000000000001,4.795999999999999,5.61,4.73,5.1739999999999995,4.367999999999999,4.9559999999999995,4.822,5.057673469387756
74,4.724,5.297999999999999,4.098,4.956,4.41,4.378,4.586,5.204,6.092,6.0520000000000005,5.204,5.338000000000001,4.526,4.9159999999999995,4.328,5.196000000000001,5.404,5.476,5.096,5.3420000000000005,5.048,6.101999999999999,5.208000000000001,5.7379999999999995,4.39,4.79,4.4639999999999995,4.75,4.96,5.35,5.005999999999999,4.92,5.28,4.48,5.496,5.435999999999999,4.632,5.584,5.01,5.928,4.91,5.6,4.925999999999999,5.67,4.772,5.226,4.324000000000001,4.914,4.9719999999999995,5.071632653061225
75,4.64,5.275999999999999,4.108,4.885999999999999,4.328,4.252,4.5840000000000005,5.166,5.978,6.096,5.093999999999999,5.382,4.4559999999999995,4.89,4.4719999999999995,5.2059999999999995,5.405999999999999,5.538,5.252000000000001,5.241999999999999,5.087999999999999,6.117999999999999,5.29,5.5760000000000005,4.514,4.934,4.56,4.77,4.92,5.35,4.922,5.008,5.39,4.446,5.468000000000001,5.429999999999999,4.592,5.466,5.1,5.928000000000001,4.894,5.632,4.936,5.756,4.838,5.292000000000001,4.292,4.902,5.0,5.0747755102040815
76,4.684,5.082,4.206,4.916,4.3580000000000005,4.252,4.686,5.24,5.89,6.182,4.994,5.382,4.4559999999999995,4.922,4.616,5.2860000000000005,5.5299999999999985,5.408,5.206,5.244,5.09,6.14,5.308,5.5760000000000005,4.524,4.904,4.626,4.822,4.9639999999999995,5.35,4.922,5.01,5.406000000000001,4.384,5.424000000000001,5.41,4.552,5.545999999999999,5.2,5.928,4.902,5.561999999999999,4.984,5.632000000000001,4.866,5.164,4.287999999999999,4.81,4.854,5.075265306122449
77,4.596,5.154,4.096,4.9239999999999995,4.258,4.444,4.712,5.112,5.82,6.19,4.964,5.382000000000001,4.5280000000000005,4.922,4.6160000000000005,5.356,5.398000000000001,5.48,5.172000000000001,5.246,5.028,6.114,5.263999999999999,5.719999999999999,4.462,4.79,4.63,4.806,4.958,5.175999999999999,4.97,4.965999999999999,5.275999999999999,4.3839999999999995,5.332000000000001,5.602,4.572,5.513999999999999,5.116,5.976,4.83,5.4479999999999995,5.053999999999999,5.704,4.98,5.1259999999999994,4.156000000000001,4.85,5.0,5.064775510204082
78,4.72,5.146,4.1579999999999995,4.952,4.2379999999999995,4.444,4.89,4.958,5.747999999999999,6.0760000000000005,4.968,5.334,4.5280000000000005,4.794,4.586,5.302,5.346,5.63,5.2139999999999995,5.184,5.162000000000001,6.018,5.244,5.8020000000000005,4.526,4.648,4.608,4.732,4.803999999999999,5.206,5.042,5.05,5.266,4.385999999999999,5.3660000000000005,5.422,4.602,5.586,5.0760000000000005,6.122000000000001,4.902,5.462000000000001,5.252000000000001,5.901999999999999,5.108,4.996,4.2780000000000005,4.925999999999999,5.194,5.079673469387755
79,4.648,5.062,4.322,5.053999999999999,4.262,4.59,4.912,4.848,5.791999999999999,6.16,5.092,5.172,4.506,4.712,4.47,5.188000000000001,5.343999999999999,5.707999999999999,5.22,5.119999999999999,5.1739999999999995,5.9719999999999995,5.087999999999999,5.928,4.526,4.6160000000000005,4.692,4.906,4.648,5.302,4.997999999999999,5.144,5.182,4.316,5.37,5.4079999999999995,4.602,5.614,5.062,5.9479999999999995,5.004,5.614000000000001,5.374,6.002000000000001,5.182,4.942,4.278,4.918,5.07,5.082897959183673
80,4.534000000000001,5.002,4.31,4.984,4.236,4.782,5.03,4.784,5.824000000000001,6.111999999999999,4.917999999999999,5.16,4.505999999999999,4.62,4.346,5.292000000000001,5.358,5.7139999999999995,5.32,5.018,5.296,5.944,5.086,5.84,4.526,4.5760000000000005,4.648,4.984,4.696,5.416,4.93,5.122000000000001,5.112,4.238,5.372000000000001,5.395999999999999,4.65,5.614,5.032,5.797999999999999,5.138,5.436,5.372000000000001,5.95,4.984,4.9639999999999995,4.276,5.098,5.1,5.070285714285714
81,4.424,4.9799999999999995,4.284,4.868,4.276,4.78,5.152,4.74,5.745999999999999,6.028,4.718,5.167999999999999,4.476,4.524,4.47,5.2139999999999995,5.228,5.662000000000001,5.352,5.0040000000000004,5.395999999999999,5.746,5.136,5.794,4.526,4.564,4.664,5.024,4.624,5.444,5.058,5.087999999999999,5.2139999999999995,4.3660000000000005,5.4639999999999995,5.358,4.822,5.6160000000000005,5.102,5.774,5.142,5.36,5.566,5.86,4.862,5.045999999999999,4.386,5.148,5.1659999999999995,5.069591836734693
82,4.296,4.986,4.263999999999999,4.8740000000000006,4.385999999999999,4.78,5.005999999999999,4.742,5.782,5.946000000000001,4.752,5.045999999999999,4.438,4.5680000000000005,4.4959999999999996,5.151999999999999,5.33,5.62,5.396,5.045999999999999,5.398,5.728,5.114,5.803999999999999,4.43,4.67,4.63,5.124,4.624,5.4719999999999995,5.1819999999999995,5.16,5.265999999999999,4.51,5.546,5.3,5.02,5.6160000000000005,5.218,5.818,5.146,5.39,5.585999999999999,5.944,4.894,5.084,4.438,5.191999999999999,5.02,5.0863265306122445
83,4.295999999999999,5.01,4.084,4.974,4.28,4.78,4.812,4.5680000000000005,5.75,5.978000000000001,4.782,5.13,4.354,4.598,4.584,5.281999999999999,5.335999999999999,5.64,5.332000000000001,5.112,5.398,5.856,5.1979999999999995,5.848,4.276,4.76,4.648,5.093999999999999,4.72,5.621999999999999,5.0680000000000005,5.148,5.16,4.388,5.6080000000000005,5.311999999999999,5.068,5.577999999999999,5.148,5.836,5.32,5.488,5.385999999999999,5.896,5.01,5.212000000000001,4.346,5.224,5.164,5.0910612244897955
84,4.4239999999999995,5.1160000000000005,3.9939999999999998,5.026,4.326,4.78,4.764,4.562,5.69,6.119999999999999,4.6579999999999995,5.086,4.546,4.3999999999999995,4.46,5.252000000000001,5.282,5.712,5.274,5.16,5.468,5.874,5.15,5.832000000000001,4.274,4.83,4.732,5.247999999999999,4.864000000000001,5.7139999999999995,4.952,5.102,5.216,4.458,5.672000000000001,5.328,5.072,5.6,5.167999999999999,5.904,5.198,5.496,5.4079999999999995,5.768,5.038,5.194,4.348,5.224,5.32,5.103755102040816
85,4.524,5.064,3.978,5.112,4.44,4.75,4.763999999999999,4.644,5.724,6.035999999999999,4.85,5.144,4.545999999999999,4.276,4.532,5.31,5.184,5.838000000000001,5.3260000000000005,5.316,5.414,5.828,5.198,5.756,4.31,4.884,4.848,5.394,4.802,5.6080000000000005,5.05,5.074000000000001,5.114,4.474,5.6,5.244000000000001,4.994000000000001,5.6080000000000005,5.2860000000000005,5.9,5.242000000000001,5.507999999999999,5.422000000000001,5.846,4.916,5.22,4.45,5.367999999999999,5.252000000000001,5.121795918367347
86,4.554,4.954,4.074000000000001,5.106,4.47,4.622,4.846,4.798,5.7860000000000005,6.08,5.005999999999999,5.052,4.354,4.263999999999999,4.513999999999999,5.406000000000001,5.121999999999999,5.991999999999999,5.21,5.252000000000001,5.342,5.796,5.1,5.666,4.367999999999999,4.912,4.726,5.303999999999999,4.772,5.675999999999999,4.94,5.042,5.154,4.482,5.602,5.3,5.064,5.575999999999999,5.266,5.81,5.247999999999999,5.612,5.352,5.867999999999999,4.858,5.224,4.4799999999999995,5.4159999999999995,5.246,5.115591836734693
87,4.512,4.9319999999999995,4.196,5.036,4.47,4.492,4.884,4.734,5.694,6.167999999999999,5.06,5.056,4.16,4.25,4.561999999999999,5.372000000000001,5.246,5.885999999999999,5.28,5.178,5.515999999999999,5.827999999999999,5.093999999999999,5.618,4.37,5.084,4.57,5.1979999999999995,4.896,5.76,4.942,5.024,5.24,4.394,5.457999999999999,5.322,5.257999999999999,5.5120000000000005,5.276,5.85,5.291999999999999,5.726,5.28,5.869999999999999,4.846,5.25,4.604,5.396,5.288,5.1210204081632655
88,4.378,4.885999999999999,4.062,4.862,4.594,4.43,4.996,4.638,5.66,6.144000000000001,4.946000000000001,4.984,4.226,4.207999999999999,4.524,5.204,5.352,5.771999999999999,5.2620000000000005,5.34,5.486000000000001,5.9719999999999995,4.94,5.646,4.422,5.2,4.622000000000001,5.21,4.877999999999999,5.78,5.0760000000000005,5.018,5.152,4.404,5.3660000000000005,5.4,5.451999999999999,5.442,5.419999999999999,5.84,5.241999999999999,5.776,5.324,5.797999999999999,4.925999999999999,5.282,4.61,5.402,5.268,5.118816326530612
89,4.41,4.848,4.08,4.734,4.536,4.43,5.022,4.652,5.6339999999999995,6.002000000000001,4.832000000000001,4.984,4.268,4.369999999999999,4.582,5.206,5.196000000000001,5.917999999999999,5.22,5.43,5.419999999999999,6.064,4.826,5.636,4.319999999999999,5.1419999999999995,4.646,5.281999999999999,5.0,5.806,5.224,4.988,5.078,4.53,5.316,5.31,5.5440000000000005,5.472,5.422,5.726,5.23,5.648,5.324,5.598,5.002,5.362,4.593999999999999,5.327999999999999,5.21,5.110244897959184
90,4.4159999999999995,4.736000000000001,4.114,4.746,4.4639999999999995,4.412,4.946,4.724,5.462000000000001,6.0,4.802,5.11,4.154,4.4879999999999995,4.694,5.308000000000001,5.068,6.064,5.22,5.4879999999999995,5.44,5.936,4.942,5.624,4.29,5.01,4.55,5.305999999999999,4.9,5.932,5.388000000000001,4.942,5.102,4.55,5.2139999999999995,5.3020000000000005,5.42,5.555999999999999,5.228,5.7139999999999995,5.138000000000001,5.67,5.406000000000001,5.4639999999999995,5.112,5.238,4.582,5.327999999999999,5.151999999999999,5.099020408163264
91,4.46,4.612,4.232,4.69,4.508,4.402,4.874,4.846,5.352,5.957999999999999,4.824,5.212000000000001,4.334,4.52,4.786,5.444000000000001,5.088,6.093999999999999,5.25,5.438000000000001,5.434,5.886,4.942,5.664,4.372,5.112,4.667999999999999,5.396,4.784,5.894,5.308000000000001,4.826,5.122000000000001,4.434,5.276,5.404000000000001,5.428,5.537999999999999,5.082,5.572,5.066,5.682,5.5360000000000005,5.494,5.02,5.281999999999999,4.4719999999999995,5.474,5.064,5.105224489795918
92,4.404,4.744,4.303999999999999,4.67,4.508,4.372,4.946,4.792,5.284,5.896,4.856,5.27,4.288,4.609999999999999,4.754,5.644000000000001,5.172,6.074,5.06,5.258000000000001,5.49,5.98,4.936,5.593999999999999,4.266,5.191999999999999,4.66,5.435999999999999,4.774,5.845999999999999,5.246,4.73,5.036,4.476,5.224,5.294,5.46,5.507999999999999,5.184,5.696000000000001,5.118,5.806,5.414,5.564,5.052,5.438,4.644,5.544,5.18,5.116204081632653
93,4.494000000000001,4.716,4.26,4.75,4.456,4.506,4.916,4.668,5.24,5.768000000000001,4.835999999999999,5.374,4.134,4.4959999999999996,4.888,5.6,5.132,6.1739999999999995,4.997999999999999,5.2379999999999995,5.606,6.012,5.0280000000000005,5.452000000000001,4.256,5.204,4.661999999999999,5.4639999999999995,4.822,5.654,5.248000000000001,4.692,4.9319999999999995,4.436,5.28,5.292000000000001,5.417999999999999,5.466,5.114000000000001,5.71,5.16,5.818,5.414,5.755999999999999,5.156000000000001,5.405999999999999,4.838,5.343999999999999,5.218,5.112285714285714
94,4.628,4.6259999999999994,4.26,4.826,4.434,4.5440000000000005,4.82,4.636,5.268,5.728,4.8759999999999994,5.308,4.12,4.406000000000001,4.958,5.49,5.0280000000000005,6.144,4.978,5.224,5.652,5.968000000000001,4.9959999999999996,5.496,4.27,5.2139999999999995,4.787999999999999,5.396,4.644,5.54,5.262,4.61,5.002,4.31,5.224,5.416,5.4079999999999995,5.486000000000001,5.018,5.645999999999999,5.034000000000001,5.824,5.608,5.901999999999999,5.145999999999999,5.2379999999999995,4.81,5.365999999999999,5.072,5.094857142857143
95,4.706,4.465999999999999,4.274,4.846,4.37,4.7,4.8839999999999995,4.598,5.265999999999999,5.74,4.968,5.355999999999999,4.3180000000000005,4.292,4.8260000000000005,5.6160000000000005,5.044,6.096,4.95,5.236000000000001,5.564,6.026,5.026,5.394,4.394,5.194,4.934,5.402,4.728,5.58,5.346,4.465999999999999,5.002,4.306,5.315999999999999,5.32,5.522,5.392,5.039999999999999,5.524,4.962,5.876,5.462000000000001,5.791999999999999,5.0680000000000005,5.2379999999999995,4.694,5.378000000000001,5.194,5.095755102040816
96,4.732,4.492,4.374,4.98,4.322,4.72,4.98,4.444,5.266,5.732,5.04,5.55,4.478,4.394,4.888,5.678,5.024,6.058000000000001,4.942,5.119999999999999,5.48,5.944,5.03,5.515999999999999,4.372000000000001,5.164,4.742,5.486000000000001,4.6979999999999995,5.5920000000000005,5.47,4.444,4.9,4.306,5.207999999999999,5.186,5.553999999999999,5.412000000000001,5.047999999999999,5.587999999999999,5.016,5.888000000000001,5.44,5.762,4.926,5.25,4.632,5.492000000000001,5.207999999999999,5.10138775510204
97,4.8340000000000005,4.636,4.406000000000001,5.0280000000000005,4.478,4.52,5.172000000000001,4.462,5.38,5.704,5.24,5.504,4.5680000000000005,4.522,4.8839999999999995,5.5760000000000005,5.006,6.028,4.912,4.984,5.479999999999999,5.827999999999999,5.038,5.715999999999999,4.3580000000000005,5.194000000000001,4.596,5.632000000000001,4.553999999999999,5.614000000000001,5.662000000000001,4.642,4.908,4.306,5.074,5.29,5.556,5.45,5.0760000000000005,5.56,5.088,5.934,5.638,5.7620000000000005,4.7780000000000005,5.354000000000001,4.757999999999999,5.606,5.178,5.132122448979592
