,TSS_1::Pseudomonas_phage_phiKZ:19794-19994(),TSS_2::Pseudomonas_phage_phiKZ:27610-27810(),TSS_3::Pseudomonas_phage_phiKZ:30050-30250(),TSS_4::Pseudomonas_phage_phiKZ:39835-40035(),TSS_5::Pseudomonas_phage_phiKZ:44837-45037(),TSS_6::Pseudomonas_phage_phiKZ:45390-45590(),TSS_7::Pseudomonas_phage_phiKZ:45483-45683(),TSS_8::Pseudomonas_phage_phiKZ:51629-51829(),TSS_9::Pseudomonas_phage_phiKZ:52459-52659(),TSS_10::Pseudomonas_phage_phiKZ:64354-64554(),TSS_11::Pseudomonas_phage_phiKZ:74050-74250(),TSS_12::Pseudomonas_phage_phiKZ:77826-78026(),TSS_13::Pseudomonas_phage_phiKZ:88679-88879(),TSS_14::Pseudomonas_phage_phiKZ:88953-89153(),TSS_15::Pseudomonas_phage_phiKZ:90015-90215(),TSS_16::Pseudomonas_phage_phiKZ:98664-98864(),TSS_17::Pseudomonas_phage_phiKZ:98703-98903(),TSS_18::Pseudomonas_phage_phiKZ:100610-100810(),TSS_19::Pseudomonas_phage_phiKZ:108743-108943(),TSS_20::Pseudomonas_phage_phiKZ:117203-117403(),TSS_21::Pseudomonas_phage_phiKZ:117516-117716(),TSS_22::Pseudomonas_phage_phiKZ:117777-117977(),TSS_23::Pseudomonas_phage_phiKZ:117834-118034(),TSS_24::Pseudomonas_phage_phiKZ:117912-118112(),TSS_25::Pseudomonas_phage_phiKZ:130158-130358(),TSS_26::Pseudomonas_phage_phiKZ:145559-145759(),TSS_27::Pseudomonas_phage_phiKZ:146666-146866(),TSS_28::Pseudomonas_phage_phiKZ:147121-147321(),TSS_29::Pseudomonas_phage_phiKZ:157149-157349(),TSS_30::Pseudomonas_phage_phiKZ:160935-161135(),TSS_31::Pseudomonas_phage_phiKZ:164270-164470(),TSS_32::Pseudomonas_phage_phiKZ:172285-172485(),TSS_33::Pseudomonas_phage_phiKZ:189203-189403(),TSS_34::Pseudomonas_phage_phiKZ:190310-190510(),TSS_35::Pseudomonas_phage_phiKZ:198021-198221(),TSS_36::Pseudomonas_phage_phiKZ:199132-199332(),TSS_37::Pseudomonas_phage_phiKZ:199363-199563(),TSS_38::Pseudomonas_phage_phiKZ:200075-200275(),TSS_39::Pseudomonas_phage_phiKZ:206686-206886(),TSS_40::Pseudomonas_phage_phiKZ:220696-220896(),TSS_41::Pseudomonas_phage_phiKZ:220779-220979(),TSS_42::Pseudomonas_phage_phiKZ:224767-224967(),TSS_43::Pseudomonas_phage_phiKZ:232061-232261(),TSS_44::Pseudomonas_phage_phiKZ:238622-238822(),mean
-100,,,,,,,,,,,,,,,,,,,,,,,,,,,,,,,,,,,,,,,,,,,,,
-99,,,,,,,,,,,,,,,,,,,,,,,,,,,,,,,,,,,,,,,,,,,,,
-98,,,,,,,,,,,,,,,,,,,,,,,,,,,,,,,,,,,,,,,,,,,,,
-97,,,,,,,,,,,,,,,,,,,,,,,,,,,,,,,,,,,,,,,,,,,,,
-96,,,,,,,,,,,,,,,,,,,,,,,,,,,,,,,,,,,,,,,,,,,,,
-95,,,,,,,,,,,,,,,,,,,,,,,,,,,,,,,,,,,,,,,,,,,,,
-94,,,,,,,,,,,,,,,,,,,,,,,,,,,,,,,,,,,,,,,,,,,,,
-93,,,,,,,,,,,,,,,,,,,,,,,,,,,,,,,,,,,,,,,,,,,,,
-92,,,,,,,,,,,,,,,,,,,,,,,,,,,,,,,,,,,,,,,,,,,,,
-91,,,,,,,,,,,,,,,,,,,,,,,,,,,,,,,,,,,,,,,,,,,,,
-90,,,,,,,,,,,,,,,,,,,,,,,,,,,,,,,,,,,,,,,,,,,,,
-89,,,,,,,,,,,,,,,,,,,,,,,,,,,,,,,,,,,,,,,,,,,,,
-88,,,,,,,,,,,,,,,,,,,,,,,,,,,,,,,,,,,,,,,,,,,,,
-87,,,,,,,,,,,,,,,,,,,,,,,,,,,,,,,,,,,,,,,,,,,,,
-86,,,,,,,,,,,,,,,,,,,,,,,,,,,,,,,,,,,,,,,,,,,,,
-85,,,,,,,,,,,,,,,,,,,,,,,,,,,,,,,,,,,,,,,,,,,,,
-84,,,,,,,,,,,,,,,,,,,,,,,,,,,,,,,,,,,,,,,,,,,,,
-83,,,,,,,,,,,,,,,,,,,,,,,,,,,,,,,,,,,,,,,,,,,,,
-82,,,,,,,,,,,,,,,,,,,,,,,,,,,,,,,,,,,,,,,,,,,,,
-81,,,,,,,,,,,,,,,,,,,,,,,,,,,,,,,,,,,,,,,,,,,,,
-80,,,,,,,,,,,,,,,,,,,,,,,,,,,,,,,,,,,,,,,,,,,,,
-79,,,,,,,,,,,,,,,,,,,,,,,,,,,,,,,,,,,,,,,,,,,,,
-78,,,,,,,,,,,,,,,,,,,,,,,,,,,,,,,,,,,,,,,,,,,,,
-77,,,,,,,,,,,,,,,,,,,,,,,,,,,,,,,,,,,,,,,,,,,,,
-76,,,,,,,,,,,,,,,,,,,,,,,,,,,,,,,,,,,,,,,,,,,,,
-75,,,,,,,,,,,,,,,,,,,,,,,,,,,,,,,,,,,,,,,,,,,,,
-74,,,,,,,,,,,,,,,,,,,,,,,,,,,,,,,,,,,,,,,,,,,,,
-73,,,,,,,,,,,,,,,,,,,,,,,,,,,,,,,,,,,,,,,,,,,,,
-72,,,,,,,,,,,,,,,,,,,,,,,,,,,,,,,,,,,,,,,,,,,,,
-71,,,,,,,,,,,,,,,,,,,,,,,,,,,,,,,,,,,,,,,,,,,,,
-70,,,,,,,,,,,,,,,,,,,,,,,,,,,,,,,,,,,,,,,,,,,,,
-69,,,,,,,,,,,,,,,,,,,,,,,,,,,,,,,,,,,,,,,,,,,,,
-68,,,,,,,,,,,,,,,,,,,,,,,,,,,,,,,,,,,,,,,,,,,,,
-67,,,,,,,,,,,,,,,,,,,,,,,,,,,,,,,,,,,,,,,,,,,,,
-66,,,,,,,,,,,,,,,,,,,,,,,,,,,,,,,,,,,,,,,,,,,,,
-65,,,,,,,,,,,,,,,,,,,,,,,,,,,,,,,,,,,,,,,,,,,,,
-64,,,,,,,,,,,,,,,,,,,,,,,,,,,,,,,,,,,,,,,,,,,,,
-63,,,,,,,,,,,,,,,,,,,,,,,,,,,,,,,,,,,,,,,,,,,,,
-62,,,,,,,,,,,,,,,,,,,,,,,,,,,,,,,,,,,,,,,,,,,,,
-61,,,,,,,,,,,,,,,,,,,,,,,,,,,,,,,,,,,,,,,,,,,,,
-60,,,,,,,,,,,,,,,,,,,,,,,,,,,,,,,,,,,,,,,,,,,,,
-59,,,,,,,,,,,,,,,,,,,,,,,,,,,,,,,,,,,,,,,,,,,,,
-58,,,,,,,,,,,,,,,,,,,,,,,,,,,,,,,,,,,,,,,,,,,,,
-57,,,,,,,,,,,,,,,,,,,,,,,,,,,,,,,,,,,,,,,,,,,,,
-56,,,,,,,,,,,,,,,,,,,,,,,,,,,,,,,,,,,,,,,,,,,,,
-55,,,,,,,,,,,,,,,,,,,,,,,,,,,,,,,,,,,,,,,,,,,,,
-54,,,,,,,,,,,,,,,,,,,,,,,,,,,,,,,,,,,,,,,,,,,,,
-53,,,,,,,,,,,,,,,,,,,,,,,,,,,,,,,,,,,,,,,,,,,,,
-52,,,,,,,,,,,,,,,,,,,,,,,,,,,,,,,,,,,,,,,,,,,,,
-51,5.4239999999999995,5.278,4.6659999999999995,4.822,5.186,4.532,6.346,5.73,5.093999999999999,5.394,5.104,5.78,6.037999999999999,5.13,5.574,5.35,5.401999999999999,4.442,5.417999999999999,5.074,5.126,5.587999999999999,5.686,5.212000000000001,5.06,5.497999999999999,4.802,4.992,4.718,5.732,4.57,6.1419999999999995,4.798,5.31,5.4479999999999995,5.754,5.992000000000001,4.6819999999999995,5.43,5.69,6.617999999999999,5.016,6.132,6.111999999999999,5.3611818181818185
-50,5.48,5.245999999999999,4.666,4.822,5.236000000000001,4.7059999999999995,6.325999999999999,5.7139999999999995,5.1339999999999995,5.4,4.912,5.766,5.997999999999999,5.3199999999999985,5.611999999999999,5.337999999999999,5.478,4.286,5.334,5.08,5.1,5.46,5.558,5.224,5.02,5.416,4.628,4.928,4.766,5.798000000000001,4.58,6.013999999999999,4.868,5.278,5.488,5.72,5.895999999999999,4.694,5.284,5.751999999999999,6.602,4.942,6.077999999999999,5.998000000000001,5.339681818181818
-49,5.4879999999999995,5.246,4.757999999999999,4.739999999999999,5.218,4.72,6.411999999999999,5.716,5.246,5.52,4.842,5.774,6.093999999999999,5.434,5.695999999999999,5.4,5.508000000000001,4.419999999999999,5.1739999999999995,5.15,4.988,5.377999999999999,5.485999999999999,5.263999999999999,5.096,5.288,4.68,4.866,4.602,5.75,4.547999999999999,5.974,4.966,5.162000000000001,5.5360000000000005,5.756,5.92,4.706,5.156000000000001,5.792000000000001,6.608,4.878,6.013999999999999,6.072,5.341863636363637
-48,5.356,5.246,4.716,4.694,5.218,4.6979999999999995,6.321999999999999,5.84,5.274,5.534,4.662,5.77,6.254,5.56,5.636,5.553999999999999,5.4239999999999995,4.402,5.235999999999999,5.127999999999999,4.874,5.256,5.485999999999999,5.242000000000001,5.04,5.207999999999999,4.68,5.01,4.544,5.75,4.588,5.784,5.01,4.972,5.531999999999999,5.842,5.982,4.694,5.186,5.728,6.55,5.07,5.96,6.08,5.331636363636364
-47,5.446000000000001,5.294,4.7059999999999995,4.686,5.236000000000001,4.644,6.24,5.763999999999999,5.35,5.575999999999999,4.619999999999999,5.824,6.08,5.704,5.77,5.645999999999999,5.452000000000001,4.36,5.32,5.226,4.846,5.138,5.4479999999999995,5.292000000000001,5.04,5.207999999999999,4.59,5.172000000000001,4.486,5.82,4.71,5.586,4.925999999999999,4.97,5.604,5.734000000000001,5.8660000000000005,4.65,5.2059999999999995,5.832000000000001,6.46,5.062,5.89,6.0120000000000005,5.329363636363636
-46,5.3919999999999995,5.4159999999999995,4.79,4.788,5.246,4.606,6.196000000000001,5.752000000000001,5.44,5.495999999999999,4.7459999999999996,5.904,5.908,5.558,5.842,5.445999999999999,5.374,4.342,5.422,5.36,5.002,5.092,5.577999999999999,5.37,5.186,5.207999999999999,4.466,5.241999999999999,4.384,5.934,4.646,5.515999999999999,4.925999999999999,4.956,5.604,5.5360000000000005,5.741999999999999,4.65,5.291999999999999,5.7,6.474,4.99,5.928,5.949999999999999,5.327181818181817
-45,5.43,5.364000000000001,4.802,4.898,5.336,4.574000000000001,6.236000000000001,5.76,5.485999999999999,5.499999999999999,4.8919999999999995,5.928,6.039999999999999,5.436,5.798000000000001,5.274,5.43,4.452,5.388,5.4639999999999995,5.13,5.188,5.544,5.52,5.186,5.207999999999999,4.342,5.343999999999999,4.274,5.874,4.6160000000000005,5.324,4.782,5.06,5.442,5.58,5.825999999999999,4.6819999999999995,5.263999999999999,5.61,6.4239999999999995,5.034,6.087999999999999,5.88,5.3343181818181815
-44,5.3740000000000006,5.254,4.774,5.026,5.242000000000001,4.572,6.302,5.766,5.59,5.416,4.8919999999999995,5.882,6.061999999999999,5.358,5.768,5.42,5.4239999999999995,4.326,5.442,5.58,5.2,5.22,5.501999999999999,5.71,5.167999999999999,5.401999999999999,4.186,5.24,4.303999999999999,5.738,4.63,5.132,4.728,5.016,5.485999999999999,5.69,5.805999999999999,4.592,5.1739999999999995,5.57,6.412000000000001,5.032,6.1339999999999995,5.974,5.329909090909091
-43,5.417999999999999,5.328,4.806,5.218,5.196000000000001,4.593999999999999,6.32,5.6739999999999995,5.547999999999999,5.434,4.768,5.8,5.99,5.298000000000001,5.728,5.441999999999999,5.462,4.302,5.564,5.59,5.392,5.218,5.478,5.658,5.17,5.4239999999999995,4.058,5.247999999999999,4.39,5.756,4.662,5.0840000000000005,4.8180000000000005,5.004,5.491999999999999,5.596,5.8180000000000005,4.55,5.164,5.4559999999999995,6.296,5.1739999999999995,6.2379999999999995,6.006,5.3325
-42,5.346,5.392,4.7860000000000005,5.14,5.24,4.58,6.396,5.612,5.47,5.454,4.57,5.843999999999999,6.111999999999999,5.43,5.571999999999999,5.43,5.507999999999999,4.348,5.561999999999999,5.5760000000000005,5.402,5.16,5.541999999999999,5.6339999999999995,5.281999999999999,5.308,4.164000000000001,5.19,4.35,5.886,4.762,5.15,4.846,4.93,5.512,5.494,5.8839999999999995,4.434,5.104,5.541999999999999,6.3660000000000005,5.334,6.265999999999999,6.0,5.338863636363637
-41,5.332000000000001,5.41,4.786,4.978,5.148,4.516,6.292000000000001,5.652,5.408,5.505999999999999,4.459999999999999,5.914,6.138,5.45,5.524,5.3260000000000005,5.478,4.358,5.651999999999999,5.615999999999999,5.334,5.282,5.622000000000001,5.646,5.222,5.365999999999999,4.166,5.15,4.287999999999999,5.996,4.57,5.034,4.8839999999999995,5.072,5.402,5.468,5.762,4.438,5.22,5.621999999999999,6.491999999999999,5.28,6.209999999999999,5.888,5.3263181818181815
-40,5.401999999999999,5.278,4.874,4.908,5.1579999999999995,4.648,6.216,5.51,5.392,5.416,4.49,6.028,6.108,5.377999999999999,5.67,5.1979999999999995,5.481999999999999,4.3580000000000005,5.762,5.546,5.265999999999999,5.281999999999999,5.6,5.656000000000001,5.258000000000001,5.371999999999999,4.326,5.166,4.3180000000000005,5.934,4.702,5.005999999999999,4.79,5.182,5.524,5.456,5.6979999999999995,4.4239999999999995,5.218,5.712,6.531999999999999,5.1259999999999994,6.15,5.918000000000001,5.328136363636364
-39,5.4639999999999995,5.4,4.9719999999999995,4.9079999999999995,5.104,4.526,6.23,5.642,5.491999999999999,5.494,4.494000000000001,6.117999999999999,6.101999999999999,5.371999999999999,5.669999999999999,5.188,5.45,4.3580000000000005,5.76,5.532,5.266,5.154,5.537999999999999,5.572,5.346,5.348,4.236000000000001,5.228,4.38,5.888,4.792,4.9399999999999995,4.668,5.152,5.45,5.4559999999999995,5.66,4.416,5.19,5.808,6.513999999999999,5.086,6.31,5.89,5.3309999999999995
-38,5.564,5.532,4.9719999999999995,4.908,5.2059999999999995,4.4559999999999995,6.3260000000000005,5.731999999999999,5.492000000000001,5.606,4.608,6.08,6.1819999999999995,5.372000000000001,5.526,5.204,5.53,4.276,5.758000000000001,5.622000000000001,5.291999999999999,5.184,5.604,5.5520000000000005,5.35,5.388,4.367999999999999,5.106,4.4,5.734000000000001,4.68,4.862,4.568,5.1979999999999995,5.537999999999999,5.49,5.659999999999999,4.3180000000000005,5.114,5.8,6.592,5.167999999999999,6.355999999999999,5.718,5.340727272727273
-37,5.6339999999999995,5.662000000000001,4.772,4.888,5.154,4.4559999999999995,6.356,5.894,5.574,5.596,4.744,6.121999999999999,6.058,5.367999999999999,5.331999999999999,5.1339999999999995,5.574,4.23,5.908,5.7139999999999995,5.26,5.156000000000001,5.654,5.612,5.354,5.398,4.394,4.992,4.276,5.541999999999999,4.482,4.997999999999999,4.669999999999999,5.314,5.52,5.528,5.698,4.29,5.138,5.858,6.4559999999999995,5.184,6.161999999999999,5.52,5.33240909090909
-36,5.532,5.792000000000001,4.598,5.022,5.154,4.5280000000000005,6.182,5.876,5.581999999999999,5.747999999999999,4.61,6.129999999999999,6.1099999999999985,5.325999999999999,5.434,5.247999999999999,5.481999999999999,4.212,6.056,5.712,5.388000000000001,5.167999999999999,5.564,5.644,5.534000000000001,5.388,4.554,4.856,4.116,5.472,4.46,4.8919999999999995,4.6,5.152,5.521999999999999,5.334,5.7860000000000005,4.343999999999999,5.204,5.8260000000000005,6.257999999999999,5.03,6.092,5.45,5.317454545454546
-35,5.572,5.74,4.672,5.138,5.3,4.5280000000000005,6.161999999999999,5.722,5.574,5.606,4.566,6.071999999999999,6.031999999999999,5.367999999999999,5.247999999999999,5.39,5.484,4.199999999999999,6.077999999999999,5.595999999999999,5.532,5.007999999999999,5.556,5.655999999999999,5.36,5.386,4.624,4.9,4.218,5.418000000000001,4.492,4.92,4.547999999999999,5.108,5.504,5.2860000000000005,5.87,4.372000000000001,5.251999999999999,5.6819999999999995,6.287999999999999,4.885999999999999,5.912000000000001,5.276,5.297772727272728
-34,5.546,5.707999999999999,4.618,5.092,5.444,4.505999999999999,6.206,5.72,5.542000000000001,5.553999999999999,4.658,5.97,6.012,5.257999999999999,5.2379999999999995,5.4479999999999995,5.484,4.2,5.877999999999999,5.5520000000000005,5.43,4.848,5.544,5.6979999999999995,5.188,5.382,4.792,4.93,4.286,5.488,4.47,4.962,4.62,5.224,5.5360000000000005,5.275999999999999,5.904,4.39,5.362,5.6339999999999995,6.223999999999998,4.8839999999999995,5.8420000000000005,5.262,5.291136363636363
-33,5.558,5.871999999999999,4.446,5.234,5.3,4.505999999999999,6.268000000000001,5.763999999999999,5.547999999999999,5.56,4.85,6.114,6.086,5.262,5.292000000000001,5.39,5.338000000000001,4.36,5.928,5.636,5.306,4.9,5.521999999999999,5.666,5.32,5.348,4.792,4.9159999999999995,4.2139999999999995,5.488,4.4319999999999995,4.85,4.774,5.136,5.498000000000001,5.2379999999999995,5.814,4.352,5.232,5.78,6.114,4.882,5.7780000000000005,5.15,5.291227272727273
-32,5.5360000000000005,5.824,4.448,5.15,5.1739999999999995,4.476,6.1339999999999995,5.736000000000001,5.587999999999999,5.638000000000001,5.042,6.224,6.0920000000000005,5.405999999999999,5.367999999999999,5.308,5.263999999999999,4.24,6.126,5.56,5.294,4.8919999999999995,5.438,5.664,5.41,5.376,4.752,4.938,4.2219999999999995,5.295999999999999,4.388,4.758,4.646,5.072,5.4239999999999995,5.104,5.861999999999999,4.196,5.231999999999999,5.68,6.021999999999999,4.984,5.796,5.172000000000001,5.271636363636363
-31,5.507999999999999,5.757999999999999,4.478,5.07,5.072,4.438,6.02,5.664,5.504,5.589999999999999,5.04,6.098,6.085999999999999,5.457999999999999,5.464000000000001,5.23,5.3919999999999995,4.214,6.236000000000001,5.537999999999999,5.172000000000001,4.8919999999999995,5.311999999999999,5.52,5.377999999999999,5.411999999999999,4.7780000000000005,5.066,4.318,5.142,4.4719999999999995,4.627999999999999,4.502,5.032,5.436,5.092,5.96,4.224,5.346,5.564,6.0,4.99,5.834,5.206,5.253045454545454
-30,5.4879999999999995,5.818,4.47,5.077999999999999,4.968,4.354,5.989999999999998,5.47,5.542000000000001,5.474,5.184,6.117999999999999,6.081999999999999,5.394,5.43,5.16,5.547999999999999,4.342,6.192,5.544,5.3180000000000005,4.957999999999999,5.15,5.51,5.378000000000001,5.411999999999999,4.782,4.932,4.41,5.1579999999999995,4.6160000000000005,4.499999999999999,4.502,5.002,5.364,4.99,5.896,4.422,5.45,5.516,6.093999999999999,4.919999999999999,5.784,5.09,5.245454545454544
-29,5.566,5.9079999999999995,4.394,5.02,4.832,4.545999999999999,5.89,5.444,5.438,5.374,5.33,6.053999999999999,6.081999999999999,5.311999999999999,5.418000000000001,5.172000000000001,5.694,4.22,6.254,5.41,5.474,5.148,5.1819999999999995,5.535999999999999,5.356,5.5120000000000005,4.976,4.948,4.308,5.192,4.76,4.37,4.542,5.066,5.48,4.864,5.8,4.522,5.411999999999999,5.492000000000001,6.2139999999999995,4.922,5.837999999999999,5.11,5.2586818181818185
-28,5.552,5.945999999999999,4.406000000000001,4.974,4.7780000000000005,4.546,5.776,5.604,5.468,5.476,5.158,6.08,5.938,5.4,5.305999999999999,5.2860000000000005,5.549999999999999,4.268,6.321999999999999,5.546,5.39,5.042,5.268,5.444,5.362,5.587999999999999,5.15,5.02,4.192,5.184,4.6160000000000005,4.33,4.425999999999999,5.04,5.532,4.72,5.78,4.524,5.547999999999999,5.466,6.0280000000000005,4.852,5.735999999999999,5.072,5.242954545454546
-27,5.552,6.03,4.446000000000001,5.052,4.812,4.354,5.672000000000001,5.596,5.56,5.502000000000001,5.042,6.059999999999999,5.846,5.356,5.275999999999999,5.162000000000001,5.488,4.414000000000001,6.414,5.744,5.41,5.024,5.235999999999999,5.45,5.361999999999999,5.512,5.062,5.047999999999999,4.2219999999999995,5.1080000000000005,4.553999999999999,4.276,4.428,5.032,5.542000000000001,4.72,5.867999999999999,4.352,5.51,5.364,6.028,4.755999999999999,5.838000000000001,5.056,5.230363636363636
-26,5.4719999999999995,6.07,4.579999999999999,4.9239999999999995,4.707999999999999,4.16,5.64,5.396,5.547999999999999,5.611999999999999,5.1,5.934,5.976,5.354,5.3020000000000005,4.962,5.496,4.414000000000001,6.416,5.814,5.474,5.138,5.294,5.434,5.234,5.494,5.102,5.016,4.266,5.127999999999999,4.593999999999999,4.224,4.554,5.018,5.343999999999999,4.72,5.876,4.2379999999999995,5.468,5.334,6.127999999999999,4.692,5.664,5.126,5.2145
-25,5.562,6.241999999999999,4.6339999999999995,4.876,4.648,4.226,5.495999999999999,5.222,5.541999999999999,5.531999999999999,5.201999999999999,5.742000000000001,6.007999999999999,5.31,5.371999999999999,4.8919999999999995,5.507999999999999,4.484,6.334,5.811999999999999,5.376,5.182,5.172000000000001,5.435999999999999,5.1579999999999995,5.624,5.093999999999999,5.121999999999999,4.263999999999999,5.212000000000001,4.7219999999999995,4.124,4.7,4.934,5.241999999999999,4.598,5.906000000000001,4.21,5.436,5.231999999999999,6.052,4.7940000000000005,5.565999999999999,5.086,5.201954545454545
-24,5.46,6.356,4.56,5.0040000000000004,4.648,4.268,5.491999999999999,5.05,5.53,5.575999999999999,5.056,5.7139999999999995,6.002000000000001,5.241999999999999,5.247999999999999,5.016,5.48,4.612,6.275999999999999,5.789999999999999,5.274,5.1160000000000005,5.2,5.4,5.124,5.756,5.114,5.194,4.263999999999999,5.19,4.866,4.154,4.505999999999999,4.84,5.404000000000001,4.522,5.784,4.126,5.396,5.364,6.013999999999999,4.89,5.57,5.087999999999999,5.193999999999999
-23,5.361999999999999,6.337999999999999,4.632,4.898,4.716,4.154,5.587999999999999,5.138,5.44,5.532,5.093999999999999,5.726,6.001999999999999,5.218,5.241999999999999,5.092,5.39,4.644,6.385999999999999,5.76,5.446000000000001,5.13,5.4,5.444,5.164,5.704,5.096,5.318,4.2139999999999995,5.094,4.752000000000001,4.24,4.506,4.872,5.428,4.61,5.712000000000001,4.24,5.394,5.336,6.02,4.902,5.57,5.166,5.2070454545454545
-22,5.342,6.385999999999999,4.747999999999999,4.908,4.7219999999999995,4.334,5.604,5.234,5.374,5.574,5.2,5.638,6.046,5.254,5.316,5.19,5.404,4.6,6.281999999999999,5.856,5.562,5.117999999999999,5.43,5.474,5.242000000000001,5.6819999999999995,5.096,5.466,4.298,5.018,4.646,4.21,4.6339999999999995,5.044,5.454,4.6259999999999994,5.712,4.212,5.4479999999999995,5.337999999999999,5.928000000000001,4.806,5.638000000000001,5.038,5.230272727272728
-21,5.342,6.354000000000001,4.862,5.064,4.702,4.288,5.661999999999999,5.29,5.496,5.734,5.199999999999999,5.648000000000001,6.032,5.322,5.246,5.126,5.364,4.538,6.32,5.885999999999999,5.69,5.093999999999999,5.314000000000001,5.382,5.294,5.784,5.096,5.587999999999999,4.337999999999999,5.05,4.8,4.215999999999999,4.528,5.093999999999999,5.346,4.582,5.712,4.224,5.404,5.268,5.765999999999999,4.8580000000000005,5.667999999999999,4.989999999999999,5.240045454545455
-20,5.27,6.24,4.848,5.194,4.6,4.1339999999999995,5.662000000000001,5.303999999999999,5.47,5.734000000000001,5.138,5.802,6.019999999999999,5.42,5.2,5.285999999999999,5.248000000000001,4.664,6.1339999999999995,5.694,5.7379999999999995,5.207999999999999,5.284,5.287999999999999,5.164,5.6739999999999995,4.988,5.4639999999999995,4.335999999999999,5.121999999999999,4.91,4.156,4.538,5.06,5.343999999999999,4.46,5.749999999999999,4.234,5.414,5.254,5.611999999999999,4.99,5.595999999999999,5.136,5.222318181818181
-19,5.244,6.106,4.85,5.12,4.672,4.12,5.532,5.24,5.462,5.658,5.093999999999999,5.864,5.968,5.4079999999999995,5.138,5.312,5.245999999999999,4.79,6.156000000000001,5.7620000000000005,5.592,5.178,5.406000000000001,5.278,5.1659999999999995,5.621999999999999,5.12,5.457999999999999,4.192,5.1579999999999995,4.978,4.1339999999999995,4.682,4.942,5.208000000000001,4.314,5.82,4.268,5.414,5.29,5.502000000000001,4.868,5.596,4.99,5.202681818181818
-18,5.228,6.167999999999999,4.882,5.166,4.7,4.3180000000000005,5.342,5.226,5.513999999999999,5.734,5.164,5.852,5.898,5.451999999999999,5.048,5.462000000000001,5.241999999999999,4.894,6.228000000000001,5.74,5.51,5.247999999999999,5.394000000000001,5.315999999999999,5.21,5.784,5.124,5.481999999999999,4.188,5.146,5.048,4.1499999999999995,4.763999999999999,4.82,5.196000000000001,4.314,6.006,4.34,5.39,5.136,5.47,4.898,5.512,4.796,5.215909090909091
-17,5.42,6.1419999999999995,4.9,5.25,4.726,4.478,5.337999999999999,5.104,5.398,5.831999999999999,5.204,5.805999999999999,5.91,5.519999999999999,5.088,5.312,5.11,4.7860000000000005,6.35,5.67,5.504,5.28,5.354000000000001,5.19,5.156000000000001,5.825999999999999,5.062,5.3919999999999995,4.098,5.074,5.0280000000000005,4.192,4.72,4.942,5.194,4.46,6.013999999999999,4.512,5.513999999999999,5.192,5.39,5.013999999999999,5.508000000000001,4.869999999999999,5.223409090909091
-16,5.376,6.08,4.856,5.19,4.835999999999999,4.568,5.405999999999999,5.138,5.39,5.82,5.218,5.74,5.861999999999999,5.501999999999999,5.082,5.36,5.3020000000000005,4.726,6.306,5.691999999999999,5.521999999999999,5.166,5.324,5.25,5.271999999999999,5.7799999999999985,5.2219999999999995,5.388000000000001,4.208,5.062,5.04,4.271999999999999,4.658,4.9559999999999995,5.09,4.4799999999999995,6.053999999999999,4.596,5.367999999999999,5.256,5.37,4.994,5.541999999999999,4.885999999999999,5.2319545454545455
-15,5.346,6.0360000000000005,4.832,5.19,4.8839999999999995,4.508,5.4079999999999995,5.228,5.3660000000000005,5.78,5.236000000000001,5.586,5.843999999999999,5.44,4.986,5.398,5.428,4.784,6.154,5.768,5.518,5.144,5.346,5.2620000000000005,5.444,5.71,5.306,5.476,4.215999999999999,5.06,5.118,4.362,4.68,4.885999999999999,5.148,4.524,6.086,4.604,5.405999999999999,5.294,5.27,4.994,5.417999999999999,4.755999999999999,5.232500000000001
-14,5.497999999999999,6.004,5.01,5.182,4.9319999999999995,4.308,5.402,5.327999999999999,5.28,5.654,5.1579999999999995,5.741999999999999,5.8759999999999994,5.63,4.917999999999999,5.332000000000001,5.512,4.804,6.159999999999999,5.78,5.602,5.26,5.324,5.254,5.37,5.682,5.204,5.48,4.343999999999999,5.19,5.172,4.524,4.724,4.822,5.154,4.553999999999999,6.086,4.72,5.422,5.294,5.241999999999999,4.928,5.337999999999999,4.558,5.2444999999999995
-13,5.6659999999999995,5.878000000000001,5.0120000000000005,5.178000000000001,5.002,4.308,5.33,5.3660000000000005,5.337999999999999,5.51,5.076,5.763999999999999,5.874,5.744,4.926,5.372000000000001,5.474,4.81,6.2379999999999995,5.684,5.622000000000001,5.382000000000001,5.314,5.308,5.4239999999999995,5.726,5.102,5.53,4.444,5.156000000000001,5.1739999999999995,4.522,4.694,4.87,5.0440000000000005,4.46,6.104,4.776,5.352,5.192,5.37,4.822,5.4239999999999995,4.386,5.244272727272728
-12,5.766,5.734,5.066,5.013999999999999,5.202000000000001,4.422000000000001,5.281999999999999,5.172000000000001,5.416,5.58,5.005999999999999,5.614,5.747999999999999,5.774,4.824,5.401999999999999,5.4239999999999995,4.824,6.19,5.614000000000001,5.7,5.281999999999999,5.257999999999999,5.308000000000001,5.545999999999999,5.794,5.212000000000001,5.436,4.367999999999999,5.068,5.1819999999999995,4.522,4.686,5.018,4.94,4.474,6.064,4.872,5.354,5.192,5.494000000000001,4.946000000000001,5.448,4.386,5.241454545454546
-11,5.6419999999999995,5.877999999999999,5.084,5.194,5.182,4.547999999999999,5.254,5.318,5.47,5.74,4.8260000000000005,5.644,5.592,5.898,4.946,5.478,5.435999999999999,4.854,6.182,5.434,5.765999999999999,5.236000000000001,5.1739999999999995,5.356,5.547999999999999,5.856,5.102,5.498000000000001,4.322,5.156000000000001,5.156000000000001,4.456,4.646,5.207999999999999,5.045999999999999,4.478,5.944,4.93,5.3839999999999995,5.256,5.392,4.976,5.531999999999999,4.384,5.2591363636363635
-10,5.635999999999999,6.071999999999999,5.27,5.198,5.23,4.692,5.167999999999999,5.322,5.51,5.83,4.95,5.744,5.544,5.874,5.01,5.507999999999999,5.395999999999999,4.978,6.166,5.392,5.638,5.119999999999999,5.166,5.55,5.354,5.71,5.124,5.524,4.2940000000000005,5.252000000000001,5.03,4.377999999999999,4.6240000000000006,5.337999999999999,5.084,4.404,5.91,4.98,5.486000000000001,5.371999999999999,5.436,4.8839999999999995,5.604000000000001,4.3839999999999995,5.275818181818181
-9,5.71,5.95,5.218000000000001,5.3020000000000005,5.3839999999999995,4.69,5.1739999999999995,5.348000000000001,5.6,5.858,4.9799999999999995,5.806,5.544,5.85,4.95,5.4239999999999995,5.398,5.056,6.1579999999999995,5.3660000000000005,5.645999999999999,4.958,5.126,5.57,5.207999999999999,5.69,5.154,5.4479999999999995,4.178,5.195999999999999,4.946,4.3759999999999994,4.656000000000001,5.216,4.89,4.465999999999999,5.87,5.046,5.456,5.372000000000001,5.43,4.986000000000001,5.474000000000001,4.4319999999999995,5.2626363636363624
-8,5.516,5.956,5.31,5.242000000000001,5.4239999999999995,4.8,5.127999999999999,5.38,5.472,5.744,4.938,5.838000000000001,5.47,5.878000000000001,4.95,5.452000000000001,5.442,4.982,6.249999999999999,5.422000000000001,5.604,5.082,5.166,5.442,5.207999999999999,5.6659999999999995,5.192,5.58,4.146,5.05,5.0680000000000005,4.434,4.585999999999999,5.196000000000001,4.82,4.538,5.864,5.08,5.372000000000001,5.1739999999999995,5.41,5.016,5.513999999999999,4.504,5.256954545454545
-7,5.394,5.936,5.42,5.321999999999999,5.4559999999999995,4.816,5.0,5.414,5.45,5.731999999999999,4.906,5.763999999999999,5.502000000000001,6.013999999999999,4.949999999999999,5.374,5.2780000000000005,5.05,6.297999999999999,5.3839999999999995,5.69,5.085999999999999,5.136,5.4639999999999995,5.21,5.6419999999999995,5.351999999999999,5.582000000000001,4.024,5.05,5.121999999999999,4.43,4.552,5.274,4.8420000000000005,4.476,5.856,5.038,5.42,5.062,5.601999999999999,4.984,5.484000000000001,4.562,5.25909090909091
-6,5.518,5.862,5.553999999999999,5.354,5.312,4.7139999999999995,4.928,5.382000000000001,5.648,5.744,4.968,5.778,5.512,5.965999999999999,4.885999999999999,5.43,5.265999999999999,5.062,6.224,5.364,5.71,5.0840000000000005,5.084,5.525999999999999,5.161999999999999,5.648,5.249999999999999,5.586,3.826,4.968,5.078,4.46,4.46,5.3,4.976,4.4959999999999996,5.678,5.013999999999999,5.406000000000001,5.132,5.422,5.053999999999999,5.466,4.446,5.2432727272727275
-5,5.466,5.992000000000001,5.568,5.476,5.242000000000001,4.824,4.928,5.284,5.688000000000001,5.755999999999999,5.008,5.811999999999999,5.515999999999999,6.1579999999999995,5.018,5.4239999999999995,5.093999999999999,5.184,6.242000000000001,5.457999999999999,5.787999999999999,5.172,5.022,5.678,5.21,5.718,5.24,5.667999999999999,3.86,4.988,5.0760000000000005,4.484,4.56,5.414,4.89,4.552,5.6979999999999995,5.087999999999999,5.418000000000001,5.234,5.408,5.132,5.6579999999999995,4.456,5.285227272727273
-4,5.476,6.01,5.68,5.4559999999999995,5.062,4.888,4.906,5.348,5.822,5.776,5.066,5.76,5.638000000000001,6.212,5.101999999999999,5.462,5.024,5.316,6.268000000000001,5.61,5.834,5.358,4.919999999999999,5.71,5.3839999999999995,5.8919999999999995,5.354,5.802,4.013999999999999,5.056,5.166,4.484,4.67,5.484,4.864,4.574,5.688000000000001,5.17,5.496,5.245999999999999,5.396,5.234,5.747999999999999,4.534,5.34
-3,5.548000000000001,5.976,5.758000000000001,5.444,5.038,4.99,4.912,5.452000000000001,5.751999999999999,5.778,5.124,5.707999999999999,5.812,6.156000000000001,5.121999999999999,5.507999999999999,5.096,5.446000000000001,6.2,5.54,5.755999999999999,5.297999999999999,4.93,5.691999999999999,5.512,5.814,5.343999999999999,5.87,4.056,5.117999999999999,5.3260000000000005,4.6,4.742,5.369999999999999,4.806,4.576,5.68,5.271999999999999,5.45,5.414,5.3580000000000005,5.362,5.821999999999999,4.584,5.366181818181818
-2,5.602,5.939999999999999,5.749999999999999,5.456,5.05,4.912,4.82,5.478000000000001,5.72,5.798000000000001,5.066,5.741999999999999,5.8660000000000005,6.124,5.212,5.478,5.1579999999999995,5.401999999999999,6.257999999999999,5.652,5.812,5.207999999999999,4.886,5.692,5.494,5.803999999999999,5.294,5.872000000000001,4.048,5.074,5.291999999999999,4.582,4.812,5.338000000000001,4.934,4.58,5.661999999999999,5.254,5.448,5.37,5.3,5.264000000000001,5.774,4.7,5.363136363636364
-1,5.59,5.981999999999999,5.776,5.478,5.022,4.846,4.664000000000001,5.478000000000001,5.728,5.666,5.098,5.784,5.784,6.23,5.2,5.482,5.026,5.339999999999999,6.216,5.6739999999999995,5.768,5.138,4.914000000000001,5.728,5.402,5.816,5.395999999999999,5.78,4.146,5.03,5.278,4.63,4.8,5.43,5.077999999999999,4.593999999999999,5.646,5.254,5.47,5.39,5.312,5.09,5.614000000000001,4.654,5.3505
0,5.542000000000001,5.928,5.886,5.507999999999999,4.88,4.828,4.61,5.516,5.837999999999999,5.466,5.242000000000001,5.8,5.827999999999999,6.161999999999999,5.148,5.449999999999999,5.0,5.38,6.226,5.646,5.724,5.282,5.044,5.685999999999999,5.442,5.938,5.395999999999999,5.7620000000000005,4.102,4.908,5.348,4.702,4.8919999999999995,5.521999999999999,4.986,4.5,5.741999999999999,5.1819999999999995,5.581999999999999,5.389999999999999,5.327999999999999,5.018,5.678000000000001,4.796,5.359863636363635
1,5.378000000000001,5.9239999999999995,5.791999999999999,5.61,4.982,4.854,4.654,5.43,5.9,5.42,5.263999999999999,5.748000000000001,5.751999999999999,6.13,5.077999999999999,5.53,4.992,5.2379999999999995,6.343999999999999,5.564,5.836,5.436,5.1739999999999995,5.736000000000001,5.52,6.007999999999999,5.417999999999999,5.808,4.258,4.936,5.422,4.832,4.82,5.568,4.94,4.336,5.718,5.0680000000000005,5.686,5.428000000000001,5.244,5.034,5.666,4.7219999999999995,5.3681363636363635
2,5.558,5.922,5.79,5.54,5.002,4.8660000000000005,4.7059999999999995,5.46,5.842,5.435999999999999,5.25,5.81,5.58,6.096,5.09,5.574,5.024,5.3260000000000005,6.3660000000000005,5.462,5.95,5.528,5.112,5.864,5.4479999999999995,5.976,5.345999999999999,5.746,4.384,4.95,5.35,4.986,4.686,5.667999999999999,4.827999999999999,4.356,5.621999999999999,5.0760000000000005,5.553999999999999,5.534,5.3,4.9879999999999995,5.592,4.59,5.366681818181818
3,5.512,5.906000000000001,5.784,5.57,5.002,4.964,4.75,5.556,5.78,5.334,5.34,5.862,5.58,6.053999999999999,4.918,5.481999999999999,4.9959999999999996,5.337999999999999,6.25,5.456,5.995999999999999,5.6,5.082,5.821999999999999,5.377999999999999,6.082000000000001,5.348000000000001,5.654,4.498,4.88,5.225999999999999,5.178,4.77,5.544,4.846,4.428,5.6979999999999995,5.1739999999999995,5.534000000000001,5.398,5.322,4.8740000000000006,5.734,4.465999999999999,5.362863636363636
4,5.544,5.906000000000001,5.86,5.497999999999999,4.9719999999999995,5.064,4.66,5.492000000000001,5.822,5.444000000000001,5.358,5.7,5.577999999999999,6.19,4.864,5.484,5.026,5.314000000000001,6.34,5.513999999999999,5.879999999999999,5.696000000000001,5.116,5.802,5.4319999999999995,6.071999999999999,5.45,5.61,4.67,4.854,5.311999999999999,5.37,4.77,5.587999999999999,4.7,4.52,5.738,5.304000000000001,5.5120000000000005,5.456,5.4,4.748,5.894,4.48,5.386454545454545
5,5.434000000000001,5.811999999999999,5.745999999999999,5.426,4.97,5.096,4.632,5.492000000000001,5.686,5.508000000000001,5.212000000000001,5.574,5.578,6.234,4.908,5.484,4.93,5.231999999999999,6.422,5.584,5.781999999999999,5.74,5.064,5.754,5.532,5.88,5.575999999999999,5.577999999999999,4.862,4.752,5.372000000000001,5.562,4.914,5.58,4.77,4.497999999999999,5.808000000000001,5.402,5.464000000000001,5.552,5.31,4.6339999999999995,5.814,4.55,5.379772727272727
6,5.566,5.922,5.704,5.452000000000001,5.01,5.212,4.632,5.492000000000001,5.6739999999999995,5.507999999999999,5.212000000000001,5.684,5.578,6.246,4.9079999999999995,5.337999999999999,4.84,5.348,6.2219999999999995,5.617999999999999,5.812,5.685999999999999,5.046,5.562,5.48,5.718000000000001,5.7219999999999995,5.648,4.91,4.77,5.278,5.56,4.94,5.65,4.784,4.406000000000001,5.838000000000001,5.37,5.476,5.644,5.3020000000000005,4.7379999999999995,5.704,4.528,5.380409090909091
7,5.49,5.922,5.8,5.454,4.992,5.2620000000000005,4.651999999999999,5.462,5.682,5.458000000000001,5.314000000000001,5.876,5.662000000000001,6.287999999999999,4.909999999999999,5.263999999999999,4.77,5.35,6.222,5.632000000000001,5.742000000000001,5.558,5.15,5.539999999999999,5.457999999999999,5.688,5.724,5.64,4.763999999999999,4.6819999999999995,5.226,5.537999999999999,4.85,5.606,4.732,4.408,5.712,5.328,5.534,5.6739999999999995,5.404,4.65,5.672000000000001,4.502,5.3691818181818185
8,5.516,5.76,5.89,5.337999999999999,4.954,5.34,4.664,5.572,5.67,5.322,5.436,5.802,5.508000000000001,6.228000000000001,4.909999999999999,5.3919999999999995,4.652,5.348000000000001,6.422000000000001,5.6,5.7,5.486000000000001,5.14,5.565999999999999,5.4479999999999995,5.862,5.662000000000001,5.64,4.782,4.666,5.126,5.358,4.85,5.728,4.774,4.438,5.601999999999999,5.438,5.518,5.644,5.2940000000000005,4.6,5.688000000000001,4.4639999999999995,5.359045454545455
9,5.644,5.626,5.8759999999999994,5.308000000000001,4.922,5.367999999999999,4.672,5.678,5.624,5.332000000000001,5.494,5.808,5.48,6.272,4.938,5.547999999999999,4.668,5.386,6.35,5.478000000000001,5.587999999999999,5.485999999999999,5.184,5.63,5.4479999999999995,5.668000000000001,5.598,5.71,4.942,4.568,5.282,5.481999999999999,4.802,5.6819999999999995,4.906,4.44,5.66,5.416,5.5,5.624,5.291999999999999,4.634,5.75,4.609999999999999,5.372136363636364
10,5.553999999999999,5.744,5.83,5.308,4.926,5.262,4.704,5.73,5.644,5.39,5.452000000000001,5.757999999999999,5.547999999999999,6.348000000000001,4.992,5.694,4.668,5.24,6.202000000000001,5.547999999999999,5.585999999999999,5.4479999999999995,5.216,5.6,5.444,5.513999999999999,5.495999999999999,5.566,5.034,4.701999999999999,5.33,5.4079999999999995,4.802,5.648,4.772,4.338,5.602,5.394,5.514000000000001,5.624,5.416,4.736,5.746,4.4639999999999995,5.362318181818181
11,5.4639999999999995,5.82,5.894,5.33,5.012,5.395999999999999,4.734,5.678000000000001,5.734,5.322,5.451999999999999,5.608,5.47,6.2379999999999995,5.062,5.55,4.7,5.384000000000001,6.077999999999999,5.561999999999999,5.4319999999999995,5.577999999999999,5.248000000000001,5.704,5.416,5.39,5.553999999999999,5.504,4.92,4.69,5.136,5.474,4.872,5.645999999999999,4.763999999999999,4.4079999999999995,5.64,5.462000000000001,5.515999999999999,5.69,5.32,4.795999999999999,5.586,4.318,5.353454545454546
12,5.3020000000000005,5.811999999999999,5.791999999999999,5.472,4.896,5.51,4.69,5.598,5.8260000000000005,5.21,5.53,5.676,5.412000000000001,6.21,5.234,5.4879999999999995,4.638,5.537999999999999,5.888,5.58,5.2780000000000005,5.544,5.1419999999999995,5.614,5.314,5.372000000000001,5.513999999999999,5.632,4.89,4.803999999999999,5.26,5.486000000000001,4.986000000000001,5.454,4.675999999999999,4.352,5.5920000000000005,5.63,5.6259999999999994,5.768,5.186,4.7059999999999995,5.544,4.462,5.343954545454545
13,5.232,5.684,5.938,5.462,4.824,5.542000000000001,4.584,5.518,5.846,5.257999999999999,5.588000000000001,5.678000000000001,5.472,6.196000000000001,5.434,5.495999999999999,4.553999999999999,5.58,5.769999999999999,5.502000000000001,5.322,5.502000000000001,5.058,5.667999999999999,5.31,5.406000000000001,5.377999999999999,5.742000000000001,5.012,4.888,5.271999999999999,5.39,4.988,5.531999999999999,4.676,4.287999999999999,5.43,5.638000000000001,5.622000000000001,5.788,5.29,4.696000000000001,5.668000000000001,4.606,5.348363636363636
14,5.348,5.552,6.132,5.44,4.97,5.47,4.712,5.513999999999999,5.942,5.138,5.694,5.652,5.5120000000000005,6.176,5.362,5.507999999999999,4.537999999999999,5.572,5.735999999999999,5.406000000000001,5.32,5.478,5.0680000000000005,5.667999999999999,5.116,5.426,5.34,5.782,4.98,4.9719999999999995,5.284,5.434,4.976,5.694,4.696,4.444,5.3420000000000005,5.648000000000001,5.46,5.982,5.32,4.707999999999999,5.558000000000001,4.688,5.358136363636363
15,5.256,5.651999999999999,5.985999999999999,5.428000000000001,4.952,5.386,4.666,5.5760000000000005,6.11,5.254,5.54,5.696000000000001,5.56,6.14,5.348000000000001,5.48,4.662,5.584,5.785999999999999,5.368,5.337999999999999,5.541999999999999,5.0760000000000005,5.572,5.188,5.337999999999999,5.27,5.744,4.936,4.912,5.282,5.4239999999999995,5.082,5.7860000000000005,4.584,4.492,5.358,5.5520000000000005,5.37,6.136,5.32,4.81,5.718,4.782,5.364590909090908
16,5.343999999999999,5.731999999999999,5.986000000000001,5.428,4.922,5.388,4.506,5.3839999999999995,6.087999999999999,5.282,5.348000000000001,5.832000000000001,5.518,6.246,5.377999999999999,5.39,4.744,5.52,5.858,5.385999999999999,5.4319999999999995,5.622000000000001,5.116,5.55,5.302,5.35,5.1739999999999995,5.695999999999999,4.868,4.843999999999999,5.282,5.472,5.05,5.8260000000000005,4.6419999999999995,4.418,5.345999999999999,5.51,5.27,6.084,5.39,4.842,5.614,4.906000000000001,5.361045454545455
17,5.42,5.7620000000000005,6.13,5.466,5.044,5.417999999999999,4.488,5.377999999999999,5.9719999999999995,5.276,5.155999999999999,5.836,5.51,6.117999999999999,5.398000000000001,5.404,4.868,5.514000000000001,5.8,5.3919999999999995,5.587999999999999,5.6,5.138,5.7,5.216,5.295999999999999,5.2,5.728,4.922,4.976,5.281999999999999,5.47,4.856,5.865999999999999,4.672,4.546,5.42,5.62,5.354,6.061999999999999,5.498000000000001,4.965999999999999,5.58,5.006,5.384363636363636
18,5.442,5.781999999999999,6.127999999999999,5.426,5.044,5.562,4.632000000000001,5.404000000000001,5.99,5.21,5.045999999999999,5.768,5.3919999999999995,6.145999999999999,5.207999999999999,5.364,4.81,5.636,5.716,5.36,5.732,5.537999999999999,5.138,5.7860000000000005,5.146,5.32,5.31,5.698,4.894,5.104,5.281999999999999,5.614,5.03,5.944,4.6739999999999995,4.7,5.382000000000001,5.75,5.254,6.192,5.526,4.98,5.63,4.862,5.39890909090909
19,5.41,5.6979999999999995,6.29,5.54,5.042,5.688,4.786,5.508000000000001,5.976,5.207999999999999,5.14,5.96,5.37,6.212,5.01,5.247999999999999,4.804,5.462000000000001,5.715999999999999,5.377999999999999,5.731999999999999,5.604,5.312,5.843999999999999,5.218,5.3839999999999995,5.4639999999999995,5.744,4.8180000000000005,5.257999999999999,5.354,5.757999999999999,5.042000000000001,5.918000000000001,4.736,4.854,5.338000000000001,5.731999999999999,5.2620000000000005,6.238,5.504,4.908,5.64,4.747999999999999,5.4285454545454535
20,5.441999999999999,5.552,6.302,5.544,5.236000000000001,5.791999999999999,4.878,5.622000000000001,5.886,5.138,5.118,6.013999999999999,5.372000000000001,6.321999999999999,4.94,5.246,4.78,5.408,5.715999999999999,5.416,5.669999999999999,5.654,5.51,5.802,5.41,5.494,5.482,5.877999999999999,4.843999999999999,5.257999999999999,5.401999999999999,5.757999999999999,5.164,5.852,4.6339999999999995,4.8919999999999995,5.348,5.726,5.274,6.184,5.494,4.978,5.526,4.864,5.4505
21,5.38,5.482,6.294,5.532,5.3919999999999995,5.7139999999999995,4.98,5.534,6.015999999999999,5.25,5.044,6.018000000000001,5.434000000000001,6.481999999999999,5.042,5.242000000000001,4.6739999999999995,5.53,5.716,5.376,5.553999999999999,5.564,5.466,5.782,5.4319999999999995,5.547999999999999,5.372000000000001,5.862,4.93,5.112,5.45,5.758000000000001,5.172000000000001,5.763999999999999,4.698,5.018,5.308,5.6240000000000006,5.25,6.034,5.4319999999999995,5.15,5.5360000000000005,4.794,5.448681818181818
22,5.314,5.4239999999999995,6.3839999999999995,5.418000000000001,5.34,5.64,5.01,5.457999999999999,5.942,5.272,5.236000000000001,6.072,5.434,6.51,5.053999999999999,5.11,4.704,5.336,5.53,5.241999999999999,5.546,5.556,5.352,5.892,5.263999999999999,5.478,5.2379999999999995,5.694,5.016,5.08,5.593999999999999,5.7059999999999995,5.198,5.861999999999999,4.6979999999999995,5.162000000000001,5.398,5.624,5.224,5.962000000000001,5.52,5.318,5.722,4.64,5.435772727272727
23,5.151999999999999,5.352,6.416,5.398,5.318,5.71,5.112,5.334,5.8199999999999985,5.204,5.346,6.0920000000000005,5.4159999999999995,6.492000000000001,5.144,5.302,4.766,5.336,5.521999999999999,5.188,5.556,5.544,5.308000000000001,5.906000000000001,5.296,5.486000000000001,5.36,5.6659999999999995,5.02,5.11,5.51,5.7059999999999995,5.126,5.938,4.646,5.164,5.495999999999999,5.745999999999999,5.191999999999999,6.0920000000000005,5.398000000000001,5.316,5.679999999999999,4.512,5.436227272727273
24,5.14,5.436,6.48,5.571999999999999,5.419999999999999,5.84,5.242000000000001,5.507999999999999,5.872000000000001,5.21,5.287999999999999,6.122000000000001,5.4159999999999995,6.34,5.188,5.428,4.92,5.481999999999999,5.4639999999999995,5.272,5.484,5.522,5.2620000000000005,5.981999999999999,5.327999999999999,5.496,5.346,5.821999999999999,4.997999999999999,5.167999999999999,5.644000000000001,5.757999999999999,5.0,5.96,4.747999999999999,5.247999999999999,5.428,5.944,5.263999999999999,6.246,5.297999999999999,5.257999999999999,5.809999999999999,4.412,5.478772727272728
25,4.968,5.392,6.404,5.44,5.419999999999999,5.837999999999999,5.324,5.624,5.7620000000000005,5.1979999999999995,5.302,6.265999999999999,5.362,6.382,5.202000000000001,5.512,4.965999999999999,5.442,5.526,5.402,5.497999999999999,5.438,5.336,5.98,5.324,5.47,5.386,5.716,5.082,5.226,5.53,5.901999999999999,5.0,5.958000000000001,4.8759999999999994,5.3759999999999994,5.343999999999999,5.962000000000001,5.2860000000000005,6.39,5.374,5.156000000000001,5.82,4.4959999999999996,5.492227272727273
26,5.114000000000001,5.4079999999999995,6.334,5.476,5.49,5.8420000000000005,5.302,5.734,5.8260000000000005,5.242000000000001,5.405999999999999,6.314000000000001,5.167999999999999,6.372000000000001,5.314,5.474,5.02,5.428000000000001,5.526,5.35,5.621999999999999,5.312,5.3180000000000005,6.001999999999999,5.4639999999999995,5.37,5.3660000000000005,5.696000000000001,5.176,5.3020000000000005,5.547999999999999,5.901999999999999,5.146,5.926,4.828,5.3839999999999995,5.374,6.006,5.202000000000001,6.244,5.43,5.028,5.744,4.4319999999999995,5.499136363636364
27,5.206,5.374,6.263999999999999,5.561999999999999,5.484,5.968000000000001,5.231999999999999,5.7620000000000005,5.754,5.32,5.324,6.38,5.27,6.352,5.25,5.4239999999999995,5.047999999999999,5.396,5.53,5.306,5.4479999999999995,5.149999999999999,5.212000000000001,6.09,5.474,5.278,5.24,5.686,5.176,5.401999999999999,5.642,5.756,4.952,5.911999999999999,4.7,5.278,5.3759999999999994,6.007999999999999,5.19,6.292000000000001,5.36,4.9719999999999995,5.832000000000001,4.34,5.476636363636365
28,5.284,5.284000000000001,6.148,5.598,5.546,5.965999999999999,5.184,5.718000000000001,5.666,5.231999999999999,5.377999999999999,6.496,5.27,6.346,5.26,5.436,4.957999999999999,5.242000000000001,5.676,5.302,5.525999999999999,5.182,5.224,6.104,5.396,5.2780000000000005,5.257999999999999,5.568,5.078,5.4559999999999995,5.758000000000001,5.845999999999999,5.018,5.854,4.66,5.269999999999999,5.406000000000001,5.9639999999999995,5.17,6.417999999999999,5.36,5.062,5.8199999999999985,4.34,5.477409090909092
29,5.374,5.42,6.031999999999999,5.558000000000001,5.544,6.037999999999999,5.178,5.672,5.556,5.148,5.52,6.465999999999999,5.281999999999999,6.247999999999999,5.385999999999999,5.396,5.042,5.202000000000001,5.501999999999999,5.17,5.5920000000000005,5.268000000000001,5.263999999999999,6.164,5.472,5.376,5.364,5.446000000000001,5.008,5.4239999999999995,5.73,5.9159999999999995,5.172000000000001,5.766,4.7219999999999995,5.242000000000001,5.406000000000001,5.9639999999999995,5.246,6.502000000000001,5.33,5.062,5.8020000000000005,4.368,5.485
30,5.5360000000000005,5.534,6.045999999999999,5.46,5.587999999999999,6.07,5.306,5.541999999999999,5.484,5.1080000000000005,5.654,6.46,5.356,6.204,5.406000000000001,5.398,5.188,5.247999999999999,5.4879999999999995,5.306,5.5920000000000005,5.236000000000001,5.242000000000001,6.204,5.596,5.404,5.28,5.547999999999999,5.008,5.34,5.5760000000000005,5.916,5.19,5.775999999999999,4.744,5.17,5.356,5.877999999999999,5.284,6.56,5.291999999999999,5.11,5.958000000000001,4.372,5.500318181818182
31,5.59,5.667999999999999,6.071999999999999,5.534,5.639999999999999,6.132,5.377999999999999,5.664,5.568,5.242000000000001,5.6979999999999995,6.49,5.2860000000000005,6.26,5.3260000000000005,5.441999999999999,5.17,5.27,5.466,5.152,5.748000000000001,5.294,5.291999999999999,6.194,5.486000000000001,5.426,5.308,5.484,5.005999999999999,5.21,5.574000000000001,5.843999999999999,5.058,5.936,4.762,5.242000000000001,5.184,5.76,5.327999999999999,6.541999999999999,5.21,5.281999999999999,5.909999999999999,4.536,5.515090909090909
32,5.59,5.682,6.04,5.506,5.509999999999999,6.087999999999999,5.4479999999999995,5.858,5.624,5.25,5.606,6.386,5.1579999999999995,6.202000000000001,5.346,5.278,5.176,5.292000000000001,5.509999999999999,5.18,5.84,5.172,5.369999999999999,6.15,5.385999999999999,5.436,5.194,5.412000000000001,5.0280000000000005,5.254,5.618,5.86,5.138,5.9479999999999995,4.7540000000000004,5.44,5.016,5.71,5.324,6.617999999999999,5.086,5.264000000000001,5.88,4.55,5.504045454545456
33,5.51,5.68,5.898000000000001,5.306,5.5280000000000005,6.022,5.501999999999999,5.856,5.65,5.152,5.5360000000000005,6.432,5.106,6.126,5.234,5.266,5.274,5.29,5.42,5.232,5.82,5.2,5.519999999999999,6.236000000000001,5.418000000000001,5.484,5.268000000000001,5.518,5.16,5.367999999999999,5.71,5.8599999999999985,5.2620000000000005,5.9879999999999995,4.826,5.43,4.924,5.652,5.2,6.601999999999999,5.144,5.252000000000001,5.811999999999999,4.5280000000000005,5.5045909090909095
34,5.4639999999999995,5.694,5.894,5.367999999999999,5.348,6.042000000000001,5.4319999999999995,5.811999999999999,5.638000000000001,5.079999999999999,5.49,6.419999999999999,5.064,6.098,5.303999999999999,5.093999999999999,5.186,5.305999999999999,5.3919999999999995,5.178000000000001,5.797999999999999,5.4,5.71,6.176,5.346,5.55,5.18,5.584,5.12,5.252000000000001,5.704,5.76,5.244,6.1,4.999999999999999,5.351999999999999,5.04,5.568,5.394,6.608,5.156000000000001,5.11,5.808,4.414,5.492681818181818
35,5.454,5.564,5.89,5.521999999999999,5.318,6.161999999999999,5.321999999999999,5.734,5.651999999999999,5.254,5.428,6.491999999999999,4.95,6.184,5.438,5.024,5.176,5.445999999999999,5.497999999999999,5.114,5.8,5.43,5.6579999999999995,6.1979999999999995,5.3660000000000005,5.6979999999999995,5.116,5.65,5.118,5.06,5.656000000000001,5.69,5.2219999999999995,6.127999999999999,4.922,5.281999999999999,5.164,5.558000000000001,5.346,6.55,5.24,5.018,5.87,4.452,5.495772727272727
36,5.394000000000001,5.654,5.6979999999999995,5.394,5.25,6.291999999999999,5.257999999999999,5.644,5.756,5.452000000000001,5.3839999999999995,6.466,5.008,6.155999999999999,5.377999999999999,5.096,5.191999999999999,5.466,5.362,5.154,5.684,5.314,5.6339999999999995,6.23,5.4879999999999995,5.744,5.194,5.661999999999999,5.1,5.032,5.531999999999999,5.598,5.16,6.122000000000001,4.877999999999999,5.088,5.058,5.558000000000001,5.202000000000001,6.459999999999999,5.27,5.02,5.7860000000000005,4.534000000000001,5.472772727272727
37,5.32,5.851999999999999,5.745999999999999,5.35,5.334,6.24,5.36,5.585999999999999,5.71,5.552,5.271999999999999,6.476,5.058,6.054000000000001,5.256,5.1579999999999995,5.106,5.331999999999999,5.406000000000001,5.252000000000001,5.574,5.284,5.646,6.251999999999999,5.416,5.644,5.2860000000000005,5.604,5.084,5.12,5.402,5.6,5.287999999999999,6.056,4.968,5.2620000000000005,5.047999999999999,5.45,5.201999999999999,6.474,5.196000000000001,5.064,5.64,4.678,5.469499999999999
38,5.367999999999999,5.982,5.8199999999999985,5.466,5.28,6.124,5.216,5.785999999999999,5.716,5.534,5.15,6.622000000000001,5.072,6.1579999999999995,5.33,5.026,5.15,5.218000000000001,5.426,5.2,5.382000000000001,5.406000000000001,5.656000000000001,6.27,5.396,5.574,5.2219999999999995,5.796,5.218,5.254,5.204000000000001,5.456,5.3580000000000005,6.0520000000000005,5.068,5.316,5.1979999999999995,5.352,5.2,6.4239999999999995,5.1979999999999995,5.01,5.614,4.872,5.4804545454545455
39,5.542000000000001,5.876,5.7,5.388,5.1080000000000005,6.142,5.12,5.742000000000001,5.684,5.4639999999999995,5.238,6.428000000000001,5.176,6.074,5.282,5.0,5.182,5.186,5.318,5.186,5.29,5.394,5.571999999999999,6.0760000000000005,5.4879999999999995,5.5,5.324,5.775999999999999,5.263999999999999,5.236000000000001,5.082,5.328,5.3260000000000005,6.053999999999999,5.052,5.32,5.252000000000001,5.48,5.167999999999999,6.411999999999999,5.354,4.994,5.614,5.066,5.460409090909092
40,5.42,5.7139999999999995,5.572,5.3919999999999995,4.9159999999999995,6.19,5.184,5.615999999999999,5.632,5.422,5.314,6.4079999999999995,5.062,6.08,5.172000000000001,4.992,5.308000000000001,5.1339999999999995,5.327999999999999,5.218,5.49,5.354,5.552,6.006,5.571999999999999,5.694,5.3020000000000005,5.797999999999999,5.234,5.152,5.082,5.406000000000001,5.296,5.996,5.013999999999999,5.406000000000001,5.22,5.43,5.21,6.295999999999999,5.3260000000000005,5.046,5.555999999999999,5.114,5.446045454545454
41,5.474,5.766,5.624,5.417999999999999,4.762,6.3839999999999995,5.042,5.575999999999999,5.566,5.287999999999999,5.4559999999999995,6.414,4.97,6.1,5.194,5.024,5.263999999999999,5.1,5.422000000000001,5.242000000000001,5.502000000000001,5.324,5.611999999999999,5.962000000000001,5.696000000000001,5.7139999999999995,5.302,5.882000000000001,5.265999999999999,5.207999999999999,5.154,5.37,5.367999999999999,6.053999999999999,5.1419999999999995,5.336,5.257999999999999,5.311999999999999,5.25,6.3660000000000005,5.178000000000001,4.944,5.688,4.919999999999999,5.452136363636362
42,5.598,5.716,5.444,5.416,4.7219999999999995,6.346,5.07,5.419999999999999,5.712,5.306,5.351999999999999,6.3599999999999985,5.0280000000000005,5.91,5.117999999999999,4.996,5.244,5.09,5.49,5.218,5.468000000000001,5.346,5.644,6.04,5.894000000000001,5.636,5.302,5.774,5.268,5.335999999999999,5.16,5.37,5.392,5.9639999999999995,5.18,5.284,5.281999999999999,5.252000000000001,5.303999999999999,6.491999999999999,5.053999999999999,4.832,5.604,4.9719999999999995,5.4410454545454545
43,5.558,5.667999999999999,5.442,5.438,4.8839999999999995,6.3260000000000005,5.2620000000000005,5.42,5.587999999999999,5.204,5.362,6.351999999999999,5.044,5.762,5.093999999999999,5.026,5.438,4.97,5.456,5.178,5.466,5.324,5.656000000000001,6.04,5.994,5.64,5.266,5.751999999999999,5.412000000000001,5.45,5.092,5.36,5.422000000000001,5.938,5.117999999999999,5.276,5.176,5.206,5.215999999999999,6.531999999999999,4.864,4.84,5.599999999999999,5.042,5.4353181818181815
44,5.537999999999999,5.787999999999999,5.398000000000001,5.456,5.028,6.411999999999999,5.4079999999999995,5.5299999999999985,5.46,5.2139999999999995,5.468,6.34,5.07,5.638000000000001,5.093999999999999,4.93,5.581999999999999,5.13,5.442,5.154,5.31,5.314,5.6979999999999995,6.03,5.85,5.568,5.398000000000001,5.747999999999999,5.556,5.571999999999999,5.12,5.246,5.382,5.802,5.07,5.263999999999999,5.266,5.337999999999999,5.182,6.513999999999999,4.934,4.8839999999999995,5.587999999999999,5.06,5.44940909090909
45,5.56,5.808,5.32,5.2620000000000005,4.904,6.322,5.4079999999999995,5.435999999999999,5.518,5.346,5.3839999999999995,6.336,5.1339999999999995,5.446000000000001,5.093999999999999,4.84,5.612,5.02,5.365999999999999,5.112,5.29,5.257999999999999,5.666,5.877999999999999,5.656000000000001,5.376,5.284,5.656000000000001,5.441999999999999,5.457999999999999,5.276,5.074000000000001,5.303999999999999,5.731999999999999,5.216,5.264000000000001,5.28,5.35,5.167999999999999,6.592,4.95,4.864,5.454,4.914,5.400681818181818
46,5.516,5.766,5.388,5.19,5.064,6.24,5.356,5.434,5.428,5.244,5.3839999999999995,6.263999999999999,5.056,5.42,5.093999999999999,4.77,5.528,4.992,5.281999999999999,5.05,5.316,5.1739999999999995,5.664,5.89,5.676,5.303999999999999,5.17,5.484,5.364,5.303999999999999,5.247999999999999,4.9,5.284,5.694,5.093999999999999,5.256,5.3599999999999985,5.386,5.08,6.456,4.948,4.864,5.394,4.72,5.352181818181818
47,5.4,5.774,5.342,5.274,5.076,6.195999999999999,5.272,5.414,5.516,5.2,5.3660000000000005,6.275999999999999,5.01,5.361999999999999,5.093999999999999,4.652,5.459999999999999,4.998,5.222,5.108,5.311999999999999,5.166,5.519999999999999,5.917999999999999,5.604,5.312,5.152,5.284,5.364,5.194,5.048,4.958,5.11,5.88,4.98,5.2860000000000005,5.43,5.474,5.1819999999999995,6.258000000000001,4.812,4.864,5.298000000000001,4.692,5.320681818181819
48,5.462,5.648000000000001,5.226,5.269999999999999,4.98,6.236000000000001,5.274,5.38,5.532,5.093999999999999,5.29,6.34,5.004,5.394,5.004,4.668,5.558,5.096,5.164,5.066,5.287999999999999,5.126,5.51,5.888,5.608,5.236000000000001,5.148,5.346,5.32,5.161999999999999,5.12,5.03,5.034000000000001,5.837999999999999,4.854,5.158,5.4639999999999995,5.44,5.17,6.287999999999999,4.768,4.864,5.324,4.7219999999999995,5.304363636363637
49,5.494,5.5760000000000005,5.271999999999999,5.208000000000001,4.958,6.302,5.401999999999999,5.342,5.524000000000001,5.2219999999999995,5.29,6.278,4.8919999999999995,5.33,5.068,4.667999999999999,5.732,5.114,5.231999999999999,5.072,5.246,5.166,5.5360000000000005,5.843999999999999,5.704,5.3260000000000005,4.976,5.451999999999999,5.331999999999999,5.232,5.32,4.938,5.112,5.7139999999999995,4.792,5.0120000000000005,5.348,5.41,5.046,6.224,4.84,4.948,5.485999999999999,4.593999999999999,5.3084999999999996
50,5.518,5.662000000000001,5.278,5.302,5.1259999999999994,6.3199999999999985,5.476,5.321999999999999,5.53,5.367999999999999,5.289999999999999,6.251999999999999,4.7780000000000005,5.322,5.196000000000001,4.7,5.752000000000001,5.074,5.28,5.126,5.13,5.136,5.444,5.888000000000001,5.664,5.33,5.06,5.3420000000000005,5.215999999999999,5.262,5.198,4.867999999999999,5.082,5.706,4.89,5.014,5.406000000000001,5.496,4.934,6.114,4.886,4.988,5.555999999999999,4.51,5.313454545454545
51,5.644,5.66,5.38,5.348,5.112,6.396,5.348000000000001,5.426,5.45,5.2219999999999995,5.338000000000001,6.212,4.778,5.365999999999999,5.138,4.638,5.782,5.236000000000001,5.13,5.27,5.142,5.0840000000000005,5.45,5.785999999999999,5.605999999999999,5.451999999999999,5.044,5.214000000000001,5.234,5.09,5.124,4.822,5.068,5.59,4.858,5.016,5.4479999999999995,5.598,4.976,6.021999999999999,4.944,4.954,5.639999999999999,4.67,5.311499999999999
52,5.534,5.664,5.31,5.526,5.072,6.292000000000001,5.276,5.36,5.482,5.27,5.41,6.164,4.79,5.428,5.228,4.553999999999999,5.751999999999999,5.262,5.007999999999999,5.272,5.11,5.022,5.434,5.6579999999999995,5.645999999999999,5.6259999999999994,5.048,5.132,5.3,5.16,5.247999999999999,4.706,5.042,5.611999999999999,4.916,4.9719999999999995,5.42,5.506,5.09,6.0,4.952,5.008,5.68,4.762,5.311454545454546
53,5.5520000000000005,5.672,5.284,5.495999999999999,5.17,6.216,5.2139999999999995,5.35,5.3839999999999995,5.398,5.345999999999999,6.145999999999999,4.904,5.454,5.425999999999999,4.538,5.638,5.2620000000000005,5.154,5.08,4.958,4.92,5.436,5.65,5.7139999999999995,5.68,5.074000000000001,5.029999999999999,5.329999999999999,5.13,5.362,4.64,5.082,5.724,4.858,5.016,5.4079999999999995,5.452000000000001,4.994,6.093999999999999,4.928,5.1419999999999995,5.546,4.76,5.309363636363636
54,5.604000000000001,5.562,5.152,5.568,5.166,6.23,5.278,5.342,5.337999999999999,5.308,5.284,6.26,5.018,5.45,5.411999999999999,4.662,5.532,5.331999999999999,5.154,4.888,4.95,4.93,5.4,5.614,5.63,5.646,5.072,5.074,5.1579999999999995,5.132,5.23,4.574,5.082,5.646,4.917999999999999,5.058,5.451999999999999,5.4479999999999995,4.974,6.2139999999999995,4.848,5.256,5.478000000000001,4.808,5.298454545454546
55,5.684,5.754,5.242000000000001,5.664,5.077999999999999,6.325999999999999,5.2780000000000005,5.31,5.47,5.128000000000001,5.43,6.3839999999999995,5.036,5.4639999999999995,5.396,4.744,5.632,5.292000000000001,5.1339999999999995,4.7139999999999995,5.02,4.885999999999999,5.444000000000001,5.667999999999999,5.559999999999999,5.76,4.944,5.004,4.9639999999999995,5.162000000000001,5.22,4.42,5.02,5.614,4.92,4.974,5.33,5.358,5.004,6.028,4.914,5.36,5.49,4.808,5.296181818181818
56,5.6160000000000005,5.6,5.17,5.707999999999999,5.151999999999999,6.356,5.278,5.224,5.348000000000001,5.247999999999999,5.558000000000001,6.192,5.04,5.4079999999999995,5.496,4.867999999999999,5.6579999999999995,5.292000000000001,5.148,4.738,5.048,4.914,5.474,5.824,5.652,5.901999999999999,4.992,5.066,4.9639999999999995,5.132,5.292000000000001,4.5760000000000005,4.986,5.568,4.902,5.064,5.377999999999999,5.478000000000001,5.078,6.028,4.9239999999999995,5.296,5.4639999999999995,4.736000000000001,5.314454545454545
57,5.648000000000001,5.566,5.188,5.586,5.0840000000000005,6.182,5.0840000000000005,5.212,5.236000000000001,5.218,5.56,5.997999999999999,5.079999999999999,5.28,5.494,4.81,5.746,5.303999999999999,5.188,4.728,5.116,5.044,5.382000000000001,5.882000000000001,5.698,5.96,5.184,5.1,5.092,5.03,5.201999999999999,4.598,5.05,5.589999999999999,4.948,5.212,5.504,5.556,4.906,6.127999999999999,5.013999999999999,5.3660000000000005,5.524,4.73,5.318363636363636
58,5.52,5.734,5.188000000000001,5.78,5.013999999999999,6.161999999999999,4.958,5.078,5.3260000000000005,5.308000000000001,5.522,6.12,5.039999999999999,5.178,5.494,4.803999999999999,5.83,5.278,5.074,4.675999999999999,5.016,5.1739999999999995,5.287999999999999,5.864000000000001,5.707999999999999,5.799999999999999,5.274,5.1080000000000005,5.094,4.917999999999999,5.231999999999999,4.586,5.006,5.52,4.957999999999999,5.343999999999999,5.5360000000000005,5.596,4.874,6.052,5.08,5.371999999999999,5.524,4.69,5.311318181818181
59,5.537999999999999,5.818,5.188000000000001,5.934,5.138,6.206,5.064,5.056,5.386,5.166,5.626,6.066,5.086,5.176,5.465999999999999,4.779999999999999,5.855999999999999,5.116,5.088,4.676,5.106,5.112,5.2780000000000005,5.776,5.768,5.9639999999999995,5.343999999999999,5.007999999999999,4.98,5.05,5.0760000000000005,4.545999999999999,5.06,5.494,4.968,5.254,5.598000000000001,5.542000000000001,4.8919999999999995,6.013999999999999,5.04,5.365999999999999,5.5,4.656000000000001,5.314136363636363
60,5.627999999999999,5.77,5.044,6.026,5.024,6.268000000000001,5.053999999999999,5.074,5.2379999999999995,5.24,5.6160000000000005,6.026,4.906,5.17,5.46,4.6739999999999995,5.868,5.22,5.1579999999999995,4.698,5.013999999999999,5.082,5.316,5.763999999999999,5.757999999999999,6.112,5.3740000000000006,5.005999999999999,4.982,5.0040000000000004,4.882,4.604,5.184,5.377999999999999,5.092,5.4319999999999995,5.651999999999999,5.564000000000001,4.878,6.02,4.936,5.364,5.501999999999999,4.856,5.316318181818182
61,5.596,5.696000000000001,4.974,6.004,5.013999999999999,6.1339999999999995,4.909999999999999,4.98,5.045999999999999,5.31,5.62,6.156000000000001,4.938,5.24,5.388000000000001,4.704000000000001,5.88,5.178,5.33,4.684,5.1579999999999995,5.1160000000000005,5.19,5.763999999999999,5.6259999999999994,6.284,5.3020000000000005,5.096,5.106,5.036,5.005999999999999,4.482,5.114,5.254,5.186,5.388,5.584,5.504,4.792,5.928,4.98,5.303999999999999,5.574,4.98,5.307636363636363
62,5.763999999999999,5.736000000000001,5.1739999999999995,5.92,5.053999999999999,6.02,4.828,5.04,5.126,5.47,5.556,6.064,4.934,5.2379999999999995,5.337999999999999,4.766,5.96,5.053999999999999,5.5280000000000005,4.604,5.35,5.064,5.25,5.8660000000000005,5.757999999999999,6.209999999999999,5.372000000000001,5.082,5.136,5.0360000000000005,4.896,4.426,5.03,5.356,5.166,5.428,5.593999999999999,5.43,4.6419999999999995,5.766,4.952,5.394,5.482,4.834,5.3112272727272725
63,5.776,5.747999999999999,5.13,5.898,5.21,5.99,4.788,5.042,5.2219999999999995,5.495999999999999,5.446000000000001,5.871999999999999,4.989999999999999,5.256,5.337999999999999,4.92,5.974,4.93,5.608,4.604,5.44,5.045999999999999,5.262,5.864,5.827999999999999,6.1979999999999995,5.5520000000000005,5.002,5.013999999999999,5.082,4.996,4.502,4.966,5.362,5.154,5.401999999999999,5.707999999999999,5.468,4.6419999999999995,5.611999999999999,4.949999999999999,5.451999999999999,5.513999999999999,4.862,5.320818181818182
64,5.763999999999999,5.94,4.968,5.914,5.257999999999999,5.89,4.834,4.949999999999999,5.218,5.526,5.446000000000001,5.7,4.942,5.257999999999999,5.308,4.965999999999999,5.99,4.99,5.531999999999999,4.688,5.4639999999999995,5.15,5.254,5.89,5.827999999999999,6.21,5.416,5.1080000000000005,5.016,5.0360000000000005,5.005999999999999,4.504,5.046,5.3599999999999985,5.176,5.339999999999999,5.667999999999999,5.555999999999999,4.81,5.501999999999999,5.034,5.612,5.694,4.978,5.334999999999999
65,5.848,5.876,5.084,5.941999999999999,5.324,5.776,4.72,4.85,5.148,5.48,5.638,5.585999999999999,4.91,5.231999999999999,5.308,5.02,5.948,5.03,5.513999999999999,4.797999999999999,5.4639999999999995,5.14,5.308000000000001,5.99,5.858,6.328,5.414000000000001,5.08,5.0280000000000005,5.078,5.004,4.508,4.86,5.2059999999999995,5.322,5.302,5.5360000000000005,5.535999999999999,4.778,5.469999999999999,5.036,5.522,5.52,4.956,5.324454545454545
66,5.818,5.754000000000001,5.062,6.013999999999999,5.402,5.672000000000001,4.843999999999999,4.9959999999999996,5.178000000000001,5.441999999999999,5.83,5.534,4.856,5.242000000000001,5.26,5.047999999999999,5.957999999999999,4.998,5.635999999999999,4.8,5.3839999999999995,5.184,5.308,6.066,5.941999999999999,6.2860000000000005,5.44,5.05,4.944,5.146,4.9399999999999995,4.505999999999999,4.84,5.082,5.148000000000001,5.4239999999999995,5.558000000000001,5.56,4.8580000000000005,5.39,4.9639999999999995,5.614,5.621999999999999,5.005999999999999,5.331954545454544
67,5.69,5.754,4.9159999999999995,5.994,5.2780000000000005,5.64,4.885999999999999,4.996,5.1339999999999995,5.436,5.9559999999999995,5.513999999999999,4.696,5.388000000000001,5.308,4.957999999999999,5.938,4.836,5.7139999999999995,4.684,5.351999999999999,5.216,5.356,6.04,6.055999999999999,6.37,5.396,5.21,4.978,5.085999999999999,4.984,4.632000000000001,4.976,5.102,5.032,5.294,5.638,5.6419999999999995,4.974,5.37,4.918,5.5920000000000005,5.72,5.104,5.335318181818183
68,5.766,5.736000000000001,4.9159999999999995,5.994,5.278,5.495999999999999,4.9319999999999995,4.94,5.116,5.4239999999999995,5.9879999999999995,5.46,4.828,5.246,5.48,5.042,6.0520000000000005,4.766,5.726,4.774,5.207999999999999,5.247999999999999,5.55,5.954,5.9319999999999995,6.316,5.303999999999999,5.224,5.088,5.08,5.0,4.612,4.952,5.132000000000001,5.028,5.2620000000000005,5.615999999999999,5.685999999999999,5.104,5.269999999999999,4.79,5.478,5.712000000000001,5.1739999999999995,5.333636363636364
69,5.902,5.84,4.868,5.95,5.4239999999999995,5.492000000000001,4.8919999999999995,5.0360000000000005,5.138,5.494,6.068,5.268,4.852,5.2,5.593999999999999,5.188,6.122000000000001,4.78,5.718,4.802,5.208000000000001,5.142,5.57,5.894,5.984,6.122000000000001,5.226,5.161999999999999,4.9639999999999995,5.018,4.846,4.6579999999999995,5.087999999999999,5.266,4.896,5.12,5.589999999999999,5.68,5.02,5.241999999999999,4.69,5.352,5.632,5.335999999999999,5.325772727272728
70,5.934,5.944000000000001,4.896,5.938000000000001,5.386,5.588000000000001,4.829999999999999,5.058,5.168000000000001,5.674000000000001,6.118,5.2139999999999995,4.827999999999999,5.11,5.69,5.17,6.184,4.738,5.794,4.808,5.208000000000001,5.058,5.442,5.892,5.803999999999999,6.102,5.184,5.104,4.816,5.0280000000000005,4.736,4.806,5.088,5.334,5.02,5.184,5.6,5.571999999999999,5.039999999999999,5.37,4.608,5.189999999999999,5.795999999999999,5.348000000000001,5.327272727272728
71,5.864,5.9319999999999995,4.82,5.949999999999999,5.324,5.604,4.872,5.16,5.132000000000001,5.734,6.246,5.228,4.742,5.034,5.7139999999999995,5.176,6.337999999999999,4.656,5.704,4.88,5.2940000000000005,5.0680000000000005,5.4639999999999995,5.956,5.7620000000000005,6.096,5.212,5.112,4.832,5.184,4.636,4.954,4.988,5.334,4.898,5.087999999999999,5.746,5.6579999999999995,5.044,5.494,4.478,5.119999999999999,5.835999999999999,5.263999999999999,5.332454545454547
72,5.896,5.946000000000001,4.678,6.068,5.334,5.661999999999999,4.986,5.16,5.216,5.76,6.154,5.218000000000001,4.904,4.976,5.803999999999999,5.274,6.306,4.856,5.689999999999999,4.95,5.388,5.076,5.526,5.93,5.858,6.0520000000000005,5.296,5.082,4.946,5.224,4.604,5.046,5.052,5.316,4.814,5.088,5.572,5.806,4.952,5.3919999999999995,4.3759999999999994,5.034000000000001,5.73,5.394,5.349818181818182
73,5.965999999999999,5.974,4.752,5.9879999999999995,5.338000000000001,5.662000000000001,4.916,5.244,5.272,5.7139999999999995,6.044,5.207999999999999,4.984,4.936,5.734,5.186,6.306,4.846,5.638,4.934,5.434,5.1160000000000005,5.678000000000001,5.811999999999999,5.9479999999999995,6.005999999999999,5.254,5.02,4.9319999999999995,5.19,4.768,5.006,5.08,5.308,4.92,5.28,5.372000000000001,5.874,4.982,5.435999999999999,4.476,5.026,5.682,5.516,5.358136363636363
74,6.158,6.012,4.698,5.917999999999999,5.382,5.532,4.89,5.196000000000001,5.263999999999999,5.644,6.101999999999999,5.289999999999999,4.867999999999999,5.026,5.695999999999999,5.175999999999999,6.258000000000001,4.803999999999999,5.766,4.934,5.422000000000001,5.138,5.71,5.66,5.843999999999999,6.037999999999999,5.296,4.958,4.848,5.126,4.68,4.922,5.138,5.3,5.008,5.39,5.386,5.768000000000001,5.026,5.429999999999999,4.574000000000001,5.108,5.654000000000001,5.6080000000000005,5.3555909090909095
75,6.35,5.882,4.574000000000001,6.016,5.382,5.342,4.922,5.2059999999999995,5.4239999999999995,5.676,6.117999999999999,5.308000000000001,4.89,4.99,5.7799999999999985,5.192,6.115999999999999,4.8660000000000005,5.715999999999999,4.9319999999999995,5.337999999999999,5.138,5.692,5.618,5.734,6.09,5.2860000000000005,5.082,4.92,5.0840000000000005,4.77,4.922,5.096,5.428,5.01,5.406000000000001,5.502000000000001,5.77,5.012,5.41,4.614,5.1080000000000005,5.672000000000001,5.715999999999999,5.365909090909091
76,6.204,5.874,4.7459999999999996,5.981999999999999,5.382000000000001,5.337999999999999,4.922,5.2860000000000005,5.474,5.63,6.14,5.263999999999999,4.89,5.03,5.77,5.106,6.031999999999999,4.906,5.684,4.976,5.216,5.311999999999999,5.692,5.614,5.68,6.2139999999999995,5.314,5.096,4.982,5.0840000000000005,4.638,4.97,5.077999999999999,5.622000000000001,4.965999999999999,5.276,5.51,5.814,5.11,5.602,4.578,5.254,5.824,5.701999999999999,5.381454545454545
77,6.1339999999999995,5.98,4.86,6.0120000000000005,5.334,5.405999999999999,4.794,5.356,5.4559999999999995,5.626,6.114,5.244,4.89,5.044,5.672000000000001,5.15,6.093999999999999,4.976,5.595999999999999,5.078,5.218000000000001,5.51,5.728000000000001,5.568,5.6339999999999995,6.252000000000001,5.435999999999999,5.104,4.9879999999999995,5.126,4.658,5.042,5.206,5.52,5.05,5.266,5.636,5.812,5.096,5.422,4.542,5.3759999999999994,5.645999999999999,5.728000000000001,5.3950000000000005
78,6.14,5.9479999999999995,4.988,6.013999999999999,5.172,5.408,4.712,5.302,5.53,5.571999999999999,6.018,5.088,4.974,5.07,5.556,5.182,6.228,5.046,5.577999999999999,5.026,5.026,5.466,5.686,5.47,5.601999999999999,6.255999999999999,5.3839999999999995,5.156000000000001,4.9879999999999995,5.032,4.696000000000001,4.998,5.127999999999999,5.55,5.144,5.182,5.661999999999999,5.825999999999999,4.96,5.4079999999999995,4.554,5.439999999999999,5.644000000000001,5.8839999999999995,5.379409090909091
79,6.058000000000001,6.006,5.1819999999999995,5.97,5.16,5.402,4.619999999999999,5.188000000000001,5.56,5.56,5.9719999999999995,5.085999999999999,4.917999999999999,5.112,5.56,5.308,6.272,5.246,5.771999999999999,5.1419999999999995,4.956,5.352,5.735999999999999,5.442,5.534,6.201999999999999,5.322,5.284,4.988,5.032,4.742,4.93,5.058,5.62,5.122000000000001,5.112,5.566,5.916,4.9159999999999995,5.395999999999999,4.675999999999999,5.412000000000001,5.64,5.84,5.383818181818182
80,5.979999999999999,6.084,5.21,6.062,5.167999999999999,5.33,4.524,5.292000000000001,5.622000000000001,5.502000000000001,5.944,5.136,4.966,5.06,5.571999999999999,5.263999999999999,6.1979999999999995,5.196000000000001,5.771999999999999,5.162000000000001,4.962,5.308000000000001,5.864,5.416,5.61,6.0920000000000005,5.468000000000001,5.254,4.99,5.16,4.902,5.058,4.9159999999999995,5.587999999999999,5.087999999999999,5.2139999999999995,5.528,6.05,4.8660000000000005,5.358,4.776,5.321999999999999,5.555999999999999,5.7620000000000005,5.389818181818182
81,5.948,5.9479999999999995,5.17,5.93,5.045999999999999,5.282,4.568,5.2139999999999995,5.548000000000001,5.451999999999999,5.746,5.114,5.1579999999999995,5.0360000000000005,5.644,5.244,6.287999999999999,5.077999999999999,5.772,5.268,4.908,5.2620000000000005,5.822,5.454,5.662000000000001,5.978,5.439999999999999,5.196000000000001,4.99,5.231999999999999,4.842,5.182,5.018,5.5,5.16,5.265999999999999,5.675999999999999,6.218,4.766,5.3,4.776,5.234,5.604000000000001,5.771999999999999,5.379818181818182
82,5.8180000000000005,5.9559999999999995,5.266,5.957999999999999,5.13,5.254,4.598,5.151999999999999,5.4879999999999995,5.254,5.728,5.1979999999999995,5.155999999999999,5.032,5.67,5.438,6.172,4.992,5.771999999999999,5.112,4.814,5.336,5.8020000000000005,5.498000000000001,5.6080000000000005,5.836,5.428,5.312,5.018,5.28,4.6819999999999995,5.0680000000000005,5.028,5.614,5.148,5.16,5.836,6.195999999999999,4.776,5.311999999999999,4.808,5.37,5.718,5.957999999999999,5.380681818181818
83,5.706,6.028,5.434,6.151999999999999,5.086,5.167999999999999,4.4,5.281999999999999,5.577999999999999,5.152,5.856,5.15,5.27,5.032,5.806,5.581999999999999,6.164,5.1,5.784,5.13,4.782,5.318,5.754000000000001,5.54,5.587999999999999,5.702000000000001,5.346,5.358,5.072,5.28,4.582,4.952,4.864,5.606,5.102,5.216,5.89,6.164,4.922,5.328,4.84,5.39,5.76,5.906000000000001,5.389136363636363
84,5.604,5.954,5.39,6.152,5.144,5.1739999999999995,4.276,5.252000000000001,5.598,5.3260000000000005,5.874,5.1979999999999995,5.311999999999999,4.962,5.716,5.612,6.188,5.148,5.728,5.206,4.854,5.212000000000001,5.562,5.494,5.462,5.636,5.346,5.204,5.06,5.28,4.598,5.05,4.996,5.574,5.074000000000001,5.114,5.837999999999999,6.226,4.7299999999999995,5.244000000000001,4.818,5.358,5.636,6.047999999999999,5.368818181818182
85,5.611999999999999,6.026,5.328,6.132000000000001,5.052,5.128000000000001,4.263999999999999,5.31,5.612,5.3020000000000005,5.828,5.1,5.382,4.96,5.5360000000000005,5.5280000000000005,6.218,5.074,5.776,5.206,4.9,5.224,5.54,5.428,5.414,5.61,5.314,5.121999999999999,4.93,5.454,4.642,4.94,5.0280000000000005,5.566,5.042,5.154,5.7139999999999995,6.228,4.668,5.3,4.7860000000000005,5.43,5.728,6.1579999999999995,5.356681818181818
86,5.679999999999999,6.0520000000000005,5.368,6.282,5.056,5.0,4.25,5.406000000000001,5.592,5.188,5.796,5.093999999999999,5.334,4.827999999999999,5.728000000000001,5.46,6.117999999999999,5.106,5.904,5.178,5.053999999999999,5.263999999999999,5.566,5.294,5.3660000000000005,5.568,5.3,5.194,4.942,5.502000000000001,4.64,4.942,5.038,5.508000000000001,5.024,5.24,5.82,6.234,4.792,5.322,4.656000000000001,5.314,5.922,6.224,5.366954545454545
87,5.686,6.026,5.322,6.306,4.984,4.928,4.208,5.372000000000001,5.566,5.146,5.827999999999999,4.94,5.324,4.854,5.766,5.558,6.117999999999999,5.298000000000001,5.825999999999999,5.152,5.164,5.242000000000001,5.63,5.28,5.24,5.56,5.336,5.201999999999999,4.942,5.428000000000001,4.638,5.076,5.022,5.598,5.018,5.152,5.877999999999999,6.3,4.916,5.4,4.676,5.343999999999999,5.994,6.269999999999999,5.375318181818181
88,5.5760000000000005,5.965999999999999,5.316,6.345999999999999,4.984,4.928,4.37,5.204,5.54,5.166,5.9719999999999995,4.8260000000000005,5.4239999999999995,4.85,5.651999999999999,5.731999999999999,6.118,5.296,5.872000000000001,5.093999999999999,5.355999999999999,5.292000000000001,5.6,5.236000000000001,5.138,5.522,5.377999999999999,5.042,4.88,5.41,4.638,5.224,5.0840000000000005,5.466,4.988,5.078,5.728,6.348,5.1080000000000005,5.31,4.744,5.356,6.015999999999999,6.115999999999999,5.370227272727272
89,5.5299999999999985,6.055999999999999,5.316,6.424000000000001,5.11,4.906000000000001,4.4879999999999995,5.206,5.602,5.172000000000001,6.064,4.942,5.434,4.925999999999999,5.651999999999999,5.752000000000001,6.156000000000001,5.42,5.827999999999999,5.23,5.4,5.37,5.704,5.32,5.044,5.5360000000000005,5.294,4.9559999999999995,4.906000000000001,5.364,4.738,5.388,5.15,5.435999999999999,4.942,5.102,5.726,6.339999999999999,5.224,5.3020000000000005,4.762,5.33,5.914,5.954,5.395818181818182
90,5.604,6.1080000000000005,5.444,6.364,5.212000000000001,4.912,4.52,5.308000000000001,5.692,5.156000000000001,5.936,4.942,5.516,4.8740000000000006,5.695999999999999,5.781999999999999,6.03,5.548000000000001,5.734,5.188,5.202000000000001,5.52,5.614000000000001,5.198,4.959999999999999,5.402,5.295999999999999,4.997999999999999,4.982,5.351999999999999,4.938,5.308000000000001,5.247999999999999,5.513999999999999,4.826,5.121999999999999,5.842,6.31,5.206,5.404000000000001,4.63,5.2780000000000005,5.99,5.906000000000001,5.400272727272728
91,5.406000000000001,6.108,5.444,6.358,5.27,4.82,4.61,5.444000000000001,5.635999999999999,5.252000000000001,5.886,4.936,5.507999999999999,4.864,5.6419999999999995,5.751999999999999,5.981999999999999,5.534,5.71,5.1739999999999995,5.0680000000000005,5.71,5.668000000000001,5.172,4.838,5.322,5.278,5.024,5.044,5.284,5.002,5.246,5.238,5.52,4.73,5.036,5.79,6.382000000000001,5.178,5.294,4.752,5.278,5.898,6.1,5.390636363636363
92,5.282,5.9719999999999995,5.462000000000001,6.34,5.374,4.664,4.4959999999999996,5.644000000000001,5.606,5.42,5.98,5.0280000000000005,5.57,4.978,5.71,5.638000000000001,6.007999999999999,5.502000000000001,5.6339999999999995,5.164,4.984,5.658,5.667999999999999,5.2219999999999995,4.784,5.374,5.362,5.104,5.166,5.272,4.976,5.247999999999999,5.274,5.54,4.692,4.9319999999999995,5.834,6.389999999999999,5.092,5.292000000000001,4.862,5.278,5.89,5.976,5.394136363636363
93,5.25,5.95,5.31,6.38,5.308,4.61,4.406,5.6,5.71,5.49,6.012,4.996,5.638000000000001,5.008,5.797999999999999,5.532,5.95,5.555999999999999,5.621999999999999,5.132,4.976,5.6339999999999995,5.572,5.17,4.838,5.316,5.2379999999999995,5.07,5.092,5.228000000000001,4.938,5.262,5.254,5.475999999999999,4.61,5.002,5.904,6.575999999999999,5.138,5.416,4.976,5.322,5.9239999999999995,5.922000000000001,5.388909090909091
94,5.148,5.894,5.371999999999999,6.361999999999999,5.355999999999999,4.654,4.292,5.49,5.67,5.343999999999999,5.968000000000001,5.026,5.58,5.13,5.86,5.632,5.92,5.507999999999999,5.638,5.176,5.167999999999999,5.646,5.55,5.28,4.93,5.406000000000001,5.132,5.006,5.018,5.297999999999999,4.8919999999999995,5.346,5.414,5.626,4.465999999999999,5.001999999999999,5.84,6.508000000000001,5.222,5.32,5.066,5.268,5.954,5.976,5.3944090909090905
95,5.1339999999999995,5.757999999999999,5.45,6.4559999999999995,5.55,4.706,4.394,5.6160000000000005,5.542000000000001,5.343999999999999,6.026,5.03,5.581999999999999,5.33,5.7,5.6579999999999995,6.012,5.686,5.667999999999999,5.2860000000000005,5.12,5.656000000000001,5.7,5.396,5.054,5.604,5.324,5.028,5.116,5.411999999999999,4.738,5.47,5.312,5.686,4.444,4.9,5.84,6.414,5.234,5.186,4.936,5.096,5.926,6.016,5.421272727272727
96,5.152,5.712,5.382000000000001,6.458000000000001,5.504,4.75,4.522,5.678,5.604,5.4879999999999995,5.944,5.038,5.621999999999999,5.258000000000001,5.604,5.746,5.974,5.782,5.635999999999999,5.228,5.07,5.572,5.7860000000000005,5.308,4.992,5.574,5.524,5.098,5.156000000000001,5.374,4.593999999999999,5.661999999999999,5.241999999999999,5.564,4.642,4.9079999999999995,5.84,6.303999999999999,5.13,5.29,4.958,4.9239999999999995,5.916,6.151999999999999,5.4241363636363635
97,5.196000000000001,5.724,5.392,6.386,5.504,4.66,4.53,5.5760000000000005,5.6579999999999995,5.4879999999999995,5.827999999999999,5.005999999999999,5.624,5.275999999999999,5.5760000000000005,5.83,5.8420000000000005,5.718,5.694,5.355999999999999,5.15,5.5520000000000005,5.844000000000001,5.28,4.989999999999999,5.449999999999999,5.449999999999999,5.17,5.128000000000001,5.374,4.718,5.604,5.37,5.555999999999999,4.742,4.802,5.718,6.268,5.085999999999999,5.32,5.1080000000000005,4.756,5.871999999999999,6.2059999999999995,5.417681818181817
