,TTS_1::Pseudomonas_phage_phiKZ:5490-5590(+),TTS_2::Pseudomonas_phage_phiKZ:19983-20083(+),TTS_3::Pseudomonas_phage_phiKZ:22385-22485(+),TTS_4::Pseudomonas_phage_phiKZ:23502-23602(+),TTS_5::Pseudomonas_phage_phiKZ:25192-25292(+),TTS_6::Pseudomonas_phage_phiKZ:27634-27734(+),TTS_7::Pseudomonas_phage_phiKZ:29324-29424(+),TTS_8::Pseudomonas_phage_phiKZ:33511-33611(+),TTS_9::Pseudomonas_phage_phiKZ:34892-34992(+),TTS_10::Pseudomonas_phage_phiKZ:39495-39595(+),TTS_11::Pseudomonas_phage_phiKZ:40356-40456(+),TTS_12::Pseudomonas_phage_phiKZ:42756-42856(+),TTS_13::Pseudomonas_phage_phiKZ:45794-45894(+),TTS_14::Pseudomonas_phage_phiKZ:47838-47938(+),TTS_15::Pseudomonas_phage_phiKZ:50149-50249(+),TTS_16::Pseudomonas_phage_phiKZ:50489-50589(+),TTS_17::Pseudomonas_phage_phiKZ:52600-52700(+),TTS_18::Pseudomonas_phage_phiKZ:53464-53564(+),TTS_19::Pseudomonas_phage_phiKZ:55119-55219(+),TTS_20::Pseudomonas_phage_phiKZ:57889-57989(+),TTS_21::Pseudomonas_phage_phiKZ:65621-65721(+),TTS_22::Pseudomonas_phage_phiKZ:68659-68759(+),TTS_23::Pseudomonas_phage_phiKZ:70248-70348(+),TTS_24::Pseudomonas_phage_phiKZ:76360-76460(+),TTS_25::Pseudomonas_phage_phiKZ:91673-91773(+),TTS_26::Pseudomonas_phage_phiKZ:97602-97702(+),TTS_27::Pseudomonas_phage_phiKZ:101320-101420(+),TTS_28::Pseudomonas_phage_phiKZ:101981-102081(+),TTS_29::Pseudomonas_phage_phiKZ:108929-109029(+),TTS_30::Pseudomonas_phage_phiKZ:114189-114289(+),TTS_31::Pseudomonas_phage_phiKZ:120579-120679(+),TTS_32::Pseudomonas_phage_phiKZ:133049-133149(+),TTS_33::Pseudomonas_phage_phiKZ:137140-137240(+),TTS_34::Pseudomonas_phage_phiKZ:142897-142997(+),TTS_35::Pseudomonas_phage_phiKZ:147129-147229(+),TTS_36::Pseudomonas_phage_phiKZ:149711-149811(+),TTS_37::Pseudomonas_phage_phiKZ:152913-153013(+),TTS_38::Pseudomonas_phage_phiKZ:158192-158292(+),TTS_39::Pseudomonas_phage_phiKZ:162400-162500(+),TTS_40::Pseudomonas_phage_phiKZ:166793-166893(+),TTS_41::Pseudomonas_phage_phiKZ:167818-167918(+),TTS_42::Pseudomonas_phage_phiKZ:172989-173089(+),TTS_43::Pseudomonas_phage_phiKZ:173100-173200(+),TTS_44::Pseudomonas_phage_phiKZ:177156-177256(+),TTS_45::Pseudomonas_phage_phiKZ:196037-196137(+),TTS_46::Pseudomonas_phage_phiKZ:199143-199243(+),TTS_47::Pseudomonas_phage_phiKZ:200511-200611(+),TTS_48::Pseudomonas_phage_phiKZ:202244-202344(+),TTS_49::Pseudomonas_phage_phiKZ:202294-202394(+),TTS_50::Pseudomonas_phage_phiKZ:206961-207061(+),TTS_51::Pseudomonas_phage_phiKZ:212951-213051(+),TTS_52::Pseudomonas_phage_phiKZ:221285-221385(+),TTS_53::Pseudomonas_phage_phiKZ:223881-223981(+),TTS_54::Pseudomonas_phage_phiKZ:224682-224782(+),TTS_55::Pseudomonas_phage_phiKZ:225743-225843(+),TTS_56::Pseudomonas_phage_phiKZ:227872-227972(+),TTS_57::Pseudomonas_phage_phiKZ:233251-233351(+),TTS_58::Pseudomonas_phage_phiKZ:235778-235878(+),TTS_59::Pseudomonas_phage_phiKZ:239082-239182(+),TTS_60::Pseudomonas_phage_phiKZ:243751-243851(+),TTS_61::Pseudomonas_phage_phiKZ:248180-248280(+),TTS_62::Pseudomonas_phage_phiKZ:248958-249058(+),TTS_63::Pseudomonas_phage_phiKZ:262710-262810(+),TTS_64::Pseudomonas_phage_phiKZ:263206-263306(+),TTS_65::Pseudomonas_phage_phiKZ:263242-263342(+),TTS_66::Pseudomonas_phage_phiKZ:267069-267169(+),TTS_1::Pseudomonas_phage_phiKZ:11961-12061(-),TTS_2::Pseudomonas_phage_phiKZ:12118-12218(-),TTS_3::Pseudomonas_phage_phiKZ:12536-12636(-),TTS_4::Pseudomonas_phage_phiKZ:34861-34961(-),TTS_5::Pseudomonas_phage_phiKZ:80263-80363(-),TTS_6::Pseudomonas_phage_phiKZ:114157-114257(-),TTS_7::Pseudomonas_phage_phiKZ:114216-114316(-),TTS_8::Pseudomonas_phage_phiKZ:114675-114775(-),TTS_9::Pseudomonas_phage_phiKZ:115893-115993(-),TTS_10::Pseudomonas_phage_phiKZ:117884-117984(-),TTS_11::Pseudomonas_phage_phiKZ:133015-133115(-),TTS_12::Pseudomonas_phage_phiKZ:158160-158260(-),TTS_13::Pseudomonas_phage_phiKZ:161541-161641(-),TTS_14::Pseudomonas_phage_phiKZ:171547-171647(-),TTS_15::Pseudomonas_phage_phiKZ:173747-173847(-),TTS_16::Pseudomonas_phage_phiKZ:178302-178402(-),TTS_17::Pseudomonas_phage_phiKZ:179921-180021(-),TTS_18::Pseudomonas_phage_phiKZ:181405-181505(-),TTS_19::Pseudomonas_phage_phiKZ:186296-186396(-),TTS_20::Pseudomonas_phage_phiKZ:209981-210081(-),TTS_21::Pseudomonas_phage_phiKZ:214041-214141(-),TTS_22::Pseudomonas_phage_phiKZ:265388-265488(-),TTS_23::Pseudomonas_phage_phiKZ:265434-265534(-),TTS_24::Pseudomonas_phage_phiKZ:266566-266666(-),TTS_25::Pseudomonas_phage_phiKZ:267040-267140(-),TTS_26::Pseudomonas_phage_phiKZ:267092-267192(-),TTS_27::Pseudomonas_phage_phiKZ:268718-268818(-),TTS_28::Pseudomonas_phage_phiKZ:269422-269522(-),TTS_29::Pseudomonas_phage_phiKZ:270435-270535(-),TTS_30::Pseudomonas_phage_phiKZ:271655-271755(-),TTS_31::Pseudomonas_phage_phiKZ:271690-271790(-),TTS_32::Pseudomonas_phage_phiKZ:271772-271872(-),TTS_33::Pseudomonas_phage_phiKZ:272819-272919(-),TTS_34::Pseudomonas_phage_phiKZ:273217-273317(-),TTS_35::Pseudomonas_phage_phiKZ:273957-274057(-),TTS_36::Pseudomonas_phage_phiKZ:276107-276207(-),TTS_37::Pseudomonas_phage_phiKZ:277779-277879(-)
-50,,,,,,,,,,,,,,,,,,,,,,,,,,,,,,,,,,,,,,,,,,,,,,,,,,,,,,,,,,,,,,,,,,,,,,,,,,,,,,,,,,,,,,,,,,,,,,,,,,,,,,,
-49,,,,,,,,,,,,,,,,,,,,,,,,,,,,,,,,,,,,,,,,,,,,,,,,,,,,,,,,,,,,,,,,,,,,,,,,,,,,,,,,,,,,,,,,,,,,,,,,,,,,,,,
-48,,,,,,,,,,,,,,,,,,,,,,,,,,,,,,,,,,,,,,,,,,,,,,,,,,,,,,,,,,,,,,,,,,,,,,,,,,,,,,,,,,,,,,,,,,,,,,,,,,,,,,,
-47,,,,,,,,,,,,,,,,,,,,,,,,,,,,,,,,,,,,,,,,,,,,,,,,,,,,,,,,,,,,,,,,,,,,,,,,,,,,,,,,,,,,,,,,,,,,,,,,,,,,,,,
-46,,,,,,,,,,,,,,,,,,,,,,,,,,,,,,,,,,,,,,,,,,,,,,,,,,,,,,,,,,,,,,,,,,,,,,,,,,,,,,,,,,,,,,,,,,,,,,,,,,,,,,,
-45,,,,,,,,,,,,,,,,,,,,,,,,,,,,,,,,,,,,,,,,,,,,,,,,,,,,,,,,,,,,,,,,,,,,,,,,,,,,,,,,,,,,,,,,,,,,,,,,,,,,,,,
-44,,,,,,,,,,,,,,,,,,,,,,,,,,,,,,,,,,,,,,,,,,,,,,,,,,,,,,,,,,,,,,,,,,,,,,,,,,,,,,,,,,,,,,,,,,,,,,,,,,,,,,,
-43,,,,,,,,,,,,,,,,,,,,,,,,,,,,,,,,,,,,,,,,,,,,,,,,,,,,,,,,,,,,,,,,,,,,,,,,,,,,,,,,,,,,,,,,,,,,,,,,,,,,,,,
-42,,,,,,,,,,,,,,,,,,,,,,,,,,,,,,,,,,,,,,,,,,,,,,,,,,,,,,,,,,,,,,,,,,,,,,,,,,,,,,,,,,,,,,,,,,,,,,,,,,,,,,,
-41,,,,,,,,,,,,,,,,,,,,,,,,,,,,,,,,,,,,,,,,,,,,,,,,,,,,,,,,,,,,,,,,,,,,,,,,,,,,,,,,,,,,,,,,,,,,,,,,,,,,,,,
-40,,,,,,,,,,,,,,,,,,,,,,,,,,,,,,,,,,,,,,,,,,,,,,,,,,,,,,,,,,,,,,,,,,,,,,,,,,,,,,,,,,,,,,,,,,,,,,,,,,,,,,,
-39,,,,,,,,,,,,,,,,,,,,,,,,,,,,,,,,,,,,,,,,,,,,,,,,,,,,,,,,,,,,,,,,,,,,,,,,,,,,,,,,,,,,,,,,,,,,,,,,,,,,,,,
-38,,,,,,,,,,,,,,,,,,,,,,,,,,,,,,,,,,,,,,,,,,,,,,,,,,,,,,,,,,,,,,,,,,,,,,,,,,,,,,,,,,,,,,,,,,,,,,,,,,,,,,,
-37,,,,,,,,,,,,,,,,,,,,,,,,,,,,,,,,,,,,,,,,,,,,,,,,,,,,,,,,,,,,,,,,,,,,,,,,,,,,,,,,,,,,,,,,,,,,,,,,,,,,,,,
-36,,,,,,,,,,,,,,,,,,,,,,,,,,,,,,,,,,,,,,,,,,,,,,,,,,,,,,,,,,,,,,,,,,,,,,,,,,,,,,,,,,,,,,,,,,,,,,,,,,,,,,,
-35,,,,,,,,,,,,,,,,,,,,,,,,,,,,,,,,,,,,,,,,,,,,,,,,,,,,,,,,,,,,,,,,,,,,,,,,,,,,,,,,,,,,,,,,,,,,,,,,,,,,,,,
-34,,,,,,,,,,,,,,,,,,,,,,,,,,,,,,,,,,,,,,,,,,,,,,,,,,,,,,,,,,,,,,,,,,,,,,,,,,,,,,,,,,,,,,,,,,,,,,,,,,,,,,,
-33,,,,,,,,,,,,,,,,,,,,,,,,,,,,,,,,,,,,,,,,,,,,,,,,,,,,,,,,,,,,,,,,,,,,,,,,,,,,,,,,,,,,,,,,,,,,,,,,,,,,,,,
-32,,,,,,,,,,,,,,,,,,,,,,,,,,,,,,,,,,,,,,,,,,,,,,,,,,,,,,,,,,,,,,,,,,,,,,,,,,,,,,,,,,,,,,,,,,,,,,,,,,,,,,,
-31,4.82,5.05,4.625,4.49,5.93,5.375,5.785,5.755,6.215,5.779999999999999,6.58,4.975,6.42,5.154999999999999,5.99,5.9350000000000005,4.925,6.215,5.3549999999999995,4.83,6.04,4.975,5.145,5.39,4.82,6.464999999999999,5.025,4.445,4.9,4.33,6.119999999999999,4.71,6.1899999999999995,4.6899999999999995,5.025,5.005,5.255,6.38,4.64,4.795,6.035,5.41,5.32,5.04,5.01,5.965,5.959999999999999,4.279999999999999,4.235,4.895,5.285,5.654999999999999,6.165,4.8,5.119999999999999,4.975,5.3100000000000005,4.72,5.35,5.944999999999999,5.22,5.595,5.86,5.36,5.635,6.414999999999999,4.705,6.0649999999999995,6.04,2.9299999999999997,3.9699999999999998,4.135,5.5,4.75,5.775,5.0600000000000005,5.945,4.2700000000000005,4.68,5.709999999999999,5.14,5.305,5.64,5.36,5.765,6.415000000000001,5.72,4.42,5.72,5.715,3.8699999999999997,5.26,5.45,5.91,5.955,6.279999999999999,5.36,5.485,5.385,5.425,6.3549999999999995,6.795,5.91
-30,4.915,4.734999999999999,4.655,4.61,5.88,5.66,5.955,5.755,6.334999999999999,5.584999999999999,6.76,5.135,6.42,5.265,5.705,5.635,4.6049999999999995,6.335,5.1049999999999995,4.835,5.925,5.0,5.5,5.245,5.0,6.39,4.875,4.75,4.58,4.779999999999999,6.275,4.965,6.515000000000001,4.675,4.595,5.31,5.365,6.165,4.83,5.1,5.85,5.409999999999999,5.225,5.5200000000000005,5.24,6.069999999999999,5.825,3.8950000000000005,4.715,4.765,5.58,5.6850000000000005,5.88,4.835,5.16,4.72,5.76,4.5649999999999995,5.17,6.055,5.37,5.84,5.665,5.425,5.485,6.464999999999999,4.775,6.14,5.725,3.29,3.9699999999999998,4.205,5.8100000000000005,4.57,5.529999999999999,5.290000000000001,6.05,4.45,4.91,5.984999999999999,5.62,5.075,5.66,5.54,5.9350000000000005,6.404999999999999,5.695,4.54,5.7,5.86,4.23,5.15,5.3549999999999995,6.3149999999999995,6.025,6.165,5.57,5.7,5.470000000000001,5.42,6.464999999999999,6.8199999999999985,5.9399999999999995
-29,5.069999999999999,4.375,4.915,4.709999999999999,6.29,5.654999999999999,5.96,5.92,6.3100000000000005,5.63,6.989999999999999,5.29,6.3999999999999995,5.2700000000000005,5.81,5.76,4.675,6.455,5.03,4.865,5.76,5.025,5.994999999999999,5.265,5.035,6.68,4.99,4.725,4.725,4.885,6.319999999999999,4.8549999999999995,6.760000000000001,4.785,4.42,5.26,5.05,5.965,5.159999999999999,5.075,6.005000000000001,5.155,5.295,5.515,5.165,5.84,6.01,3.415,5.1,5.069999999999999,5.77,5.955,6.055,5.1,4.885,4.569999999999999,5.865,4.885,5.3149999999999995,6.01,5.16,5.7700000000000005,5.835,5.45,5.63,6.539999999999999,4.845000000000001,6.14,5.875,3.285,3.9699999999999998,4.215000000000001,6.215,4.705,5.64,5.680000000000001,5.92,4.625,4.865,6.1049999999999995,6.025,5.404999999999999,5.375,5.86,5.635,6.56,5.21,4.924999999999999,5.62,5.36,4.359999999999999,5.215,5.355,6.24,5.915,5.9350000000000005,5.515,6.029999999999999,5.67,5.54,6.635,6.56,5.97
-28,5.135,4.37,5.075,4.74,6.14,6.084999999999999,5.64,6.09,6.195,5.88,6.975,5.465,6.38,5.45,5.834999999999999,5.695,5.175,6.859999999999999,5.244999999999999,5.005,5.7,4.995,5.81,5.38,5.034999999999999,6.525,4.84,4.26,4.28,4.805,6.34,4.9,6.75,4.784999999999999,4.404999999999999,5.595,4.880000000000001,6.295,5.484999999999999,4.85,6.08,5.279999999999999,5.5200000000000005,5.765,5.255,5.45,6.1,3.78,5.42,5.395,6.029999999999999,6.225,6.255,5.2299999999999995,4.79,4.795,5.55,5.209999999999999,5.7,5.725,5.154999999999999,5.295,5.674999999999999,5.220000000000001,5.674999999999999,6.225,4.59,6.34,5.98,3.715,4.015,4.619999999999999,6.495,4.7299999999999995,5.64,6.045,5.945,4.955,4.904999999999999,5.984999999999999,6.249999999999999,5.36,5.09,5.7299999999999995,5.76,6.635,5.39,5.239999999999999,5.9399999999999995,5.415,4.395,5.25,5.839999999999999,6.24,6.325,5.885,5.25,6.05,5.805,5.635,6.335,6.705,5.970000000000001
-27,5.3100000000000005,4.55,4.83,4.92,6.085,6.095000000000001,5.675,6.055,6.33,5.959999999999999,6.859999999999999,5.705,6.244999999999999,5.165,5.67,5.3549999999999995,5.325,7.125,5.529999999999999,5.109999999999999,5.605,5.29,5.505,5.33,5.165,6.284999999999999,5.125,4.3149999999999995,4.49,4.62,6.3,5.1850000000000005,6.6049999999999995,4.779999999999999,4.695,5.5649999999999995,4.965,6.31,5.8100000000000005,4.75,6.08,5.35,5.64,5.71,5.2299999999999995,5.4,5.715,3.9,5.744999999999999,5.51,6.1899999999999995,6.494999999999999,6.545,5.1,4.52,4.84,5.1850000000000005,5.455,5.675,5.49,5.1899999999999995,4.924999999999999,5.4350000000000005,5.01,5.76,6.045,4.77,6.26,5.74,4.085,3.7600000000000002,4.9,6.725,4.75,5.625,5.89,6.034999999999999,4.645,5.06,5.5,6.35,5.049999999999999,4.975,5.79,5.694999999999999,6.55,5.335,5.165,6.0200000000000005,5.785,4.415,4.9399999999999995,6.2,6.24,5.995,5.93,5.45,5.925,5.735,5.404999999999999,6.590000000000001,6.875,5.8549999999999995
-26,5.385,5.05,5.0200000000000005,5.02,6.334999999999999,6.139999999999999,5.885,5.845,6.255,5.9399999999999995,6.765000000000001,5.7299999999999995,6.3549999999999995,5.575,5.455,5.095000000000001,5.325,6.65,5.455,5.0649999999999995,5.865,5.295,5.33,5.15,5.165000000000001,6.255,5.07,4.395,4.59,4.5649999999999995,6.279999999999999,5.42,6.765000000000001,4.955,4.715,5.62,5.295,6.6049999999999995,5.825,4.95,6.15,5.3,5.869999999999999,5.58,5.3,5.29,6.055,4.0200000000000005,5.845,5.74,5.95,6.57,6.82,4.9,4.81,4.48,5.615,5.6850000000000005,5.1899999999999995,5.375,5.115,4.549999999999999,5.465,5.1899999999999995,5.865,6.045,4.77,6.13,5.71,4.495,3.8049999999999997,4.925,6.75,4.735,5.71,5.67,5.93,5.075,4.7,5.569999999999999,6.484999999999999,4.65,4.92,5.45,5.3549999999999995,6.4399999999999995,5.255000000000001,5.084999999999999,6.3100000000000005,5.984999999999999,4.725,4.5649999999999995,5.95,6.24,5.99,5.76,5.385,5.975,5.3149999999999995,5.625,6.5200000000000005,6.83,5.765
-25,5.4799999999999995,5.4799999999999995,5.3149999999999995,5.25,6.279999999999999,6.345,6.295,5.664999999999999,6.055,6.345000000000001,6.635,5.859999999999999,6.51,5.58,5.325,5.2,5.445,6.57,5.6,5.1049999999999995,5.7,5.34,5.225,5.18,5.034999999999999,6.055,5.034999999999999,4.01,4.82,4.845,6.4,5.744999999999999,6.7299999999999995,5.265,4.75,5.58,5.215,6.6049999999999995,6.119999999999999,5.18,6.140000000000001,5.165000000000001,5.8149999999999995,5.789999999999999,5.529999999999999,5.3100000000000005,6.084999999999999,4.385,5.64,5.785,5.92,6.415000000000001,6.665000000000001,5.209999999999999,4.855,4.475,5.779999999999999,5.619999999999999,5.675,5.265,5.55,4.549999999999999,5.49,5.1899999999999995,5.92,5.984999999999999,4.645,6.455,5.9,4.295,3.755,5.154999999999999,6.75,4.82,5.614999999999999,5.49,5.84,5.45,4.415,5.9399999999999995,6.8950000000000005,4.904999999999999,5.095,5.38,5.095000000000001,6.409999999999999,5.484999999999999,5.365,6.154999999999999,5.944999999999999,5.04,4.255,5.66,5.755,5.74,5.52,5.165,5.755,5.135,5.63,6.519999999999999,6.909999999999999,5.66
-24,5.555000000000001,5.404999999999999,5.375,5.574999999999999,6.245,6.29,6.045,5.615,6.29,6.45,6.369999999999999,5.994999999999999,6.6450000000000005,5.619999999999999,5.38,5.244999999999999,5.290000000000001,6.484999999999999,5.6,5.035,5.77,5.444999999999999,5.359999999999999,4.779999999999999,4.994999999999999,5.975,5.140000000000001,4.034999999999999,4.92,5.08,6.385,5.8,6.7299999999999995,5.549999999999999,4.74,5.25,4.965,6.710000000000001,6.095,5.025,5.9399999999999995,5.159999999999999,5.68,5.3100000000000005,5.45,5.445,6.115,3.905,5.584999999999999,5.715,5.9399999999999995,6.215,6.584999999999999,5.125,4.545,4.75,6.09,5.465,5.7299999999999995,5.26,5.925,4.585,5.494999999999999,4.965,5.9399999999999995,5.8950000000000005,4.305,6.685,5.885,4.165,4.035,5.4,6.75,4.6899999999999995,5.345,5.595000000000001,5.99,5.86,4.595000000000001,6.14,6.869999999999999,5.055,5.095,5.43,5.2,6.45,5.735,5.39,6.05,5.95,4.944999999999999,4.18,5.555000000000001,5.369999999999999,5.635,5.58,4.955,5.545,5.15,5.609999999999999,6.38,6.710000000000001,5.89
-23,5.73,5.58,5.415,5.88,6.180000000000001,6.279999999999999,5.985,5.635,6.255,6.345000000000001,6.4,6.114999999999999,6.584999999999999,5.61,5.244999999999999,4.96,5.245,6.284999999999999,5.7,4.77,5.825,5.235,5.37,4.380000000000001,5.069999999999999,6.175,5.45,4.35,4.8950000000000005,4.924999999999999,6.34,5.76,6.545,5.83,4.465,5.109999999999999,5.295,6.26,6.3,4.89,5.975,5.055,5.45,5.135,5.32,5.435,5.875,3.62,5.865,5.405,6.05,6.5,6.659999999999999,4.74,4.51,4.755,6.244999999999999,5.7,5.4399999999999995,5.265,5.775,4.615,5.55,4.86,5.965,5.96,4.1899999999999995,6.82,5.805,4.49,4.2700000000000005,5.725,6.9,4.805,5.624999999999999,5.835,5.865,5.835,4.53,6.1,6.6049999999999995,5.2299999999999995,4.92,5.56,5.245,6.2299999999999995,5.755000000000001,5.395,5.985,6.085,4.970000000000001,4.255,5.865,5.05,5.595,5.82,5.13,5.52,5.095,5.609999999999999,6.2749999999999995,6.459999999999999,5.869999999999999
-22,5.86,5.68,5.654999999999999,6.159999999999999,6.404999999999999,6.505,5.970000000000001,5.805,6.08,6.1899999999999995,6.44,6.17,7.030000000000001,5.4799999999999995,5.0649999999999995,5.220000000000001,5.165,6.16,5.525,5.095,5.75,5.4350000000000005,5.3149999999999995,4.6450000000000005,5.015,6.39,5.365,4.64,4.859999999999999,4.885,6.475,5.404999999999999,6.675,5.755,4.335,5.05,5.6,6.205,6.345000000000001,4.89,6.404999999999999,5.335,5.27,5.17,5.71,5.71,5.904999999999999,3.715,6.1450000000000005,5.299999999999999,6.025,6.445,6.8149999999999995,5.069999999999999,4.49,4.7,6.265,6.005,5.51,5.17,5.4399999999999995,4.575,5.625,4.880000000000001,6.215,5.944999999999999,3.9299999999999997,7.089999999999999,6.03,4.795,4.6,5.67,6.775,4.91,5.654999999999999,6.1899999999999995,6.115,5.57,4.630000000000001,6.154999999999999,6.755,5.4399999999999995,4.9399999999999995,5.205,4.96,5.825,5.6049999999999995,5.465,5.775,6.084999999999999,5.279999999999999,4.43,5.85,4.875,5.525,5.825,5.055,5.3100000000000005,5.305,5.3950000000000005,6.584999999999999,6.305,5.83
-21,5.65,5.3950000000000005,5.8149999999999995,6.1850000000000005,6.04,6.4449999999999985,6.075,5.67,6.185,6.265,6.319999999999999,6.13,6.9449999999999985,5.685,4.76,5.075,5.06,6.199999999999999,5.075,5.415,5.71,5.55,5.595,4.885,4.975,6.38,5.21,4.635,4.904999999999999,5.21,6.365,5.475,6.45,5.709999999999999,4.609999999999999,4.74,5.52,6.13,6.355,4.965,6.525,5.505,5.05,5.145,6.014999999999999,5.735,6.279999999999999,4.1049999999999995,6.18,5.334999999999999,6.015,6.404999999999999,7.015000000000001,5.14,4.5649999999999995,4.255000000000001,6.2,5.819999999999999,5.834999999999999,5.380000000000001,5.5200000000000005,4.47,5.8100000000000005,4.880000000000001,6.109999999999999,6.255,3.835,7.07,6.195,5.075,4.545,5.59,6.779999999999999,4.755,5.7,5.825,6.005,5.720000000000001,4.375,6.0,6.58,5.1899999999999995,4.6850000000000005,5.2700000000000005,5.220000000000001,6.19,5.404999999999999,5.789999999999999,5.45,5.895,5.685,4.220000000000001,6.01,4.7,5.505000000000001,5.81,4.9799999999999995,5.26,5.225,5.3,6.505,6.25,5.8549999999999995
-20,5.665,5.130000000000001,5.645,6.08,5.984999999999999,6.27,5.875,5.475,6.01,6.11,6.244999999999999,6.025,6.8100000000000005,5.9350000000000005,4.8950000000000005,5.319999999999999,5.06,6.195,5.51,5.665,5.64,5.605,5.83,4.619999999999999,5.165000000000001,6.17,5.385,4.475,5.1049999999999995,5.5200000000000005,6.255,5.47,6.525,5.705,4.535,4.6450000000000005,5.39,5.845000000000001,6.665000000000001,5.27,6.55,5.54,5.209999999999999,5.395,5.6899999999999995,5.65,6.17,4.494999999999999,6.13,5.285,5.965,6.5649999999999995,6.894999999999999,5.0600000000000005,4.869999999999999,4.444999999999999,6.17,5.915,6.1450000000000005,5.58,5.475,4.365,5.725,5.14,6.06,6.220000000000001,3.72,6.65,5.805,5.1049999999999995,4.4399999999999995,5.659999999999999,7.1800000000000015,4.395,5.715,5.87,6.1850000000000005,6.045,4.2299999999999995,5.92,6.38,5.115,4.8149999999999995,5.34,5.075,6.145,4.955,6.095,5.635,5.45,5.965,3.9,6.225,4.775,5.17,5.705,5.3100000000000005,5.33,5.215,5.1450000000000005,6.375,6.535000000000001,6.0600000000000005
-19,5.61,5.61,6.02,6.02,6.279999999999999,6.069999999999999,5.744999999999999,5.49,6.015,6.015,5.795,5.775,6.914999999999999,6.22,5.2,5.16,5.19,6.119999999999999,5.99,5.665,5.390000000000001,5.595,5.6049999999999995,4.585,5.4350000000000005,6.04,5.595,4.73,5.015,5.755,6.464999999999999,5.755,6.05,5.529999999999999,4.744999999999999,4.819999999999999,5.595000000000001,5.575,6.235,5.095,6.57,5.615,5.295,5.37,5.609999999999999,5.495,6.12,4.555,5.81,5.4,5.944999999999999,6.319999999999999,6.599999999999999,5.165,4.694999999999999,4.42,5.924999999999999,6.18,6.345,5.475,5.435,4.6450000000000005,5.885,5.26,6.08,5.89,3.8200000000000003,6.68,5.735,5.535,4.49,5.85,7.209999999999999,4.68,5.864999999999999,6.0,6.140000000000001,6.0649999999999995,4.13,6.1049999999999995,6.529999999999999,5.33,4.635,5.584999999999999,5.319999999999999,5.92,4.78,6.13,5.6850000000000005,5.784999999999999,6.244999999999999,4.084999999999999,6.15,4.85,5.1899999999999995,5.55,5.23,5.215,5.3100000000000005,5.24,6.584999999999999,6.335,6.0600000000000005
-18,5.23,5.16,6.0200000000000005,5.92,6.205,5.99,6.13,5.965,6.0249999999999995,6.154999999999999,5.795,6.165,6.964999999999999,6.29,5.205,5.3,5.43,5.975,6.109999999999999,5.52,5.255000000000001,5.404999999999999,5.9350000000000005,5.08,5.4399999999999995,6.09,5.72,4.725,5.165,5.6,6.325,5.785,6.02,5.6,4.5649999999999995,4.779999999999999,5.845,5.494999999999999,6.07,5.430000000000001,6.619999999999999,5.9,5.359999999999999,5.404999999999999,5.16,5.75,5.635,4.619999999999999,5.914999999999999,5.8,6.1,6.154999999999999,6.475,5.449999999999999,4.779999999999999,4.795,5.845,6.105,6.3149999999999995,5.225,5.36,4.970000000000001,6.125,5.359999999999999,5.9799999999999995,6.115,4.055,6.794999999999999,5.7299999999999995,5.53,4.67,5.625,7.38,4.970000000000001,5.6899999999999995,5.865,6.14,6.34,4.025,6.06,6.425,5.54,4.345,5.97,5.159999999999999,5.67,4.415,6.08,5.185,5.949999999999999,6.4799999999999995,4.135,6.055,4.6,5.225,5.805,5.01,5.279999999999999,5.2299999999999995,5.24,6.404999999999999,6.255000000000001,6.0600000000000005
-17,5.61,4.96,5.5200000000000005,5.705,5.875,6.034999999999999,6.5200000000000005,6.465000000000001,5.97,5.965,5.295,6.1899999999999995,6.894999999999999,6.475,4.720000000000001,5.425,5.3549999999999995,5.91,6.18,5.289999999999999,5.055,5.36,5.915,5.555,5.35,6.055,6.15,4.720000000000001,5.2299999999999995,5.49,6.13,5.735,5.82,5.720000000000001,4.565,4.805,6.055,5.43,5.93,5.595000000000001,6.175,6.095000000000001,5.67,5.4799999999999995,5.444999999999999,6.04,5.58,4.81,5.944999999999999,5.77,6.215,6.0,6.279999999999999,5.444999999999999,4.8149999999999995,4.82,5.569999999999999,5.795,6.235,4.95,5.5200000000000005,4.995,6.27,5.225,5.6450000000000005,5.79,4.265,6.88,6.02,5.834999999999999,4.625,5.335,7.334999999999999,4.955,5.49,5.665,6.0600000000000005,6.3149999999999995,4.3,6.13,6.38,5.694999999999999,4.4,6.08,5.3,5.68,4.69,6.1499999999999995,5.26,6.069999999999999,6.385,3.6349999999999993,5.985,4.6,5.345000000000001,5.52,4.9799999999999995,5.4399999999999995,5.5,5.345,6.194999999999999,6.3,5.85
-16,5.904999999999999,5.0649999999999995,5.7,5.984999999999999,5.845,6.154999999999999,6.319999999999999,6.3100000000000005,5.97,6.205,5.404999999999999,5.925,6.68,6.28,4.58,5.39,5.425,5.6,6.135,5.015,5.205,5.41,5.64,5.869999999999999,5.380000000000001,5.985,6.105,4.72,5.279999999999999,5.7,6.09,5.805,5.76,6.124999999999999,4.3950000000000005,5.125,5.944999999999999,5.325,5.904999999999999,5.475,6.1450000000000005,5.784999999999999,5.185,5.345000000000001,5.39,5.88,5.955,4.92,6.025,6.2,6.085,6.09,6.135,5.515,5.005,4.975,5.555,5.42,6.055,4.84,5.64,4.994999999999999,6.14,5.29,5.930000000000001,5.975,4.1049999999999995,6.94,6.069999999999999,5.999999999999999,4.625,5.3149999999999995,7.040000000000001,4.86,5.725,5.58,6.234999999999999,6.205,4.59,5.8100000000000005,6.664999999999999,5.4799999999999995,4.225,5.58,5.425,5.7,4.955,6.5200000000000005,5.1,6.5,6.385,3.7449999999999997,5.695,4.76,5.1,5.444999999999999,4.915,5.4399999999999995,5.5649999999999995,5.195,6.0649999999999995,6.275,5.75
-15,5.965,5.015,6.195,6.0600000000000005,5.779999999999999,6.584999999999999,6.1049999999999995,6.534999999999999,5.97,6.335,5.889999999999999,6.055,6.734999999999999,6.0649999999999995,4.645,5.725,5.8549999999999995,5.395,6.13,5.115,5.375,5.385,5.285,5.7,5.665,6.0200000000000005,6.225,4.79,5.06,5.59,6.119999999999999,5.8,5.64,6.27,4.3149999999999995,4.95,5.9399999999999995,5.165000000000001,5.83,5.3,6.08,6.095,5.255,5.46,5.3549999999999995,5.665,5.88,4.645,5.6899999999999995,6.23,6.194999999999999,6.18,5.6850000000000005,5.65,4.944999999999999,4.874999999999999,5.2,5.3,5.99,4.92,5.595,4.999999999999999,6.43,5.44,5.904999999999999,5.88,4.4799999999999995,6.909999999999999,6.02,5.89,4.545,5.625,6.894999999999999,4.975,5.57,5.42,6.01,5.89,4.79,6.0200000000000005,6.404999999999999,5.375,4.04,5.584999999999999,5.39,5.37,4.64,6.525,5.005000000000001,6.534999999999999,6.38,4.2299999999999995,5.81,4.654999999999999,5.115,5.2749999999999995,4.915,5.465,5.845000000000001,4.9399999999999995,6.09,5.95,5.720000000000001
-14,6.12,5.1,6.4449999999999985,6.055,5.675,6.62,6.135,6.385,5.970000000000001,6.489999999999999,5.84,5.765,6.6899999999999995,6.295,4.8,5.76,5.89,5.39,5.9350000000000005,5.43,5.35,5.515,5.109999999999999,5.52,5.635,5.915,6.1049999999999995,4.845,5.175,5.585,6.159999999999999,5.674999999999999,5.635,5.825,4.545,5.0649999999999995,5.945,5.130000000000001,5.75,5.014999999999999,5.975,5.95,5.21,5.63,5.585,5.67,5.8,4.825,5.49,6.124999999999999,6.2700000000000005,5.85,5.65,5.9799999999999995,5.3549999999999995,4.84,5.12,5.175,6.18,4.744999999999999,5.595,5.209999999999999,6.1450000000000005,5.31,5.715,5.749999999999999,4.58,6.510000000000001,6.0600000000000005,5.76,4.72,5.470000000000001,6.890000000000001,4.92,5.46,5.3,6.015,5.635,4.965,6.005,6.55,5.595,4.5200000000000005,5.85,5.725,5.42,4.485,6.35,5.37,6.665000000000001,6.815,4.715,5.819999999999999,4.5,4.984999999999999,5.665000000000001,5.115,5.359999999999999,6.0649999999999995,5.0,6.085,5.67,5.465
-13,5.765,5.135,6.285,6.01,5.425,6.445,6.365,6.09,5.845000000000001,6.545,5.51,5.795,6.635,6.22,4.9799999999999995,5.6,5.6899999999999995,5.05,6.245,5.5649999999999995,5.3,5.875,4.779999999999999,5.45,5.395,5.529999999999999,5.95,4.9,5.67,5.615,5.96,5.5200000000000005,5.5600000000000005,5.82,4.725,4.904999999999999,5.964999999999999,5.155,5.98,4.935,5.725,5.86,5.359999999999999,5.165,5.635,5.69,5.625,4.795,5.29,5.72,6.115,6.03,5.834999999999999,5.819999999999999,5.385,4.8100000000000005,5.325,4.925,6.119999999999999,4.775,5.695,5.17,5.930000000000001,5.29,5.865,5.955,4.36,6.505,5.805,5.755,4.465,5.430000000000001,6.505000000000001,5.23,5.67,5.51,5.825,5.654999999999999,5.175,5.8549999999999995,6.305,5.595,4.76,5.515,5.76,5.34,4.715,6.38,5.325,6.495,6.365,4.74,6.130000000000001,4.575,4.904999999999999,5.7299999999999995,5.09,5.535,5.82,4.8100000000000005,6.214999999999999,5.6899999999999995,5.43
-12,5.66,4.635,6.34,5.8100000000000005,5.345000000000001,6.29,6.404999999999999,5.975,5.779999999999999,6.3,5.84,6.1,6.609999999999999,5.885,4.715000000000001,5.76,5.609999999999999,5.15,6.3,5.51,5.52,5.885,5.0600000000000005,5.595000000000001,5.365,5.325,5.8950000000000005,5.3,5.994999999999999,5.655,5.76,5.39,5.6899999999999995,5.775,4.615,4.91,5.86,5.125,6.3100000000000005,5.08,5.645,5.735,5.484999999999999,5.3950000000000005,5.4799999999999995,5.585,5.64,5.02,5.234999999999999,5.49,6.08,6.05,5.765,5.665,5.095000000000001,4.595,5.345000000000001,4.89,6.095,5.03,5.955,4.964999999999999,5.885,5.47,5.615,5.95,4.590000000000001,6.255,5.485,5.63,4.495,5.755,6.34,5.235,5.529999999999999,5.59,5.72,5.41,5.095000000000001,6.005,6.3,5.525,4.92,5.4350000000000005,5.6,5.18,5.0,6.419999999999999,5.115,6.295,6.165,4.475,6.529999999999999,4.65,5.1850000000000005,5.505,5.11,5.585,5.815,4.99,6.0600000000000005,5.29,5.255
-11,5.9799999999999995,4.505,6.09,5.735,5.545,6.13,6.205,6.1450000000000005,5.675,6.04,6.055,6.43,6.590000000000001,5.615,4.3100000000000005,5.775,6.015,5.465,6.345,5.7700000000000005,5.7,6.11,5.37,5.49,5.654999999999999,5.455,6.1,5.545,6.225,5.545,5.78,5.674999999999999,5.654999999999999,5.575,4.9399999999999995,4.905,5.61,5.125,6.2,5.155,5.845,5.595,5.4,5.319999999999999,5.425,5.335,5.5600000000000005,5.33,5.515,5.425,6.265,6.07,5.775,5.765,5.1850000000000005,4.875,5.24,5.21,6.09,5.3100000000000005,5.74,4.79,5.869999999999999,5.58,5.534999999999999,5.925,4.33,6.08,5.485,5.475,4.8,5.99,6.34,5.075,5.505,5.54,5.47,5.404999999999999,4.865,5.805000000000001,6.175,5.74,4.74,5.215,5.76,5.225,4.8,6.3100000000000005,5.42,6.095,6.09,4.715,6.805,4.494999999999999,5.42,5.445,5.33,5.34,6.01,5.015,5.8100000000000005,5.090000000000001,5.1
-10,5.885,4.825,6.34,5.5649999999999995,5.605,6.095,6.130000000000001,6.01,5.425,6.01,5.994999999999999,6.18,6.510000000000001,5.54,4.5649999999999995,5.85,6.33,5.31,6.29,5.885,5.590000000000001,5.975,5.265,5.765,5.765,5.45,6.074999999999999,5.415,6.635,5.39,5.86,5.65,5.6049999999999995,5.375,5.26,4.825,5.409999999999999,5.215,6.029999999999999,5.055,5.904999999999999,5.445,5.27,5.119999999999999,5.404999999999999,5.38,5.859999999999999,5.6899999999999995,5.130000000000001,5.5200000000000005,6.195,6.175,6.225,5.68,4.92,5.155,4.99,5.33,6.18,5.135,5.589999999999999,4.575,6.0200000000000005,5.385,5.944999999999999,5.755,4.4799999999999995,6.0200000000000005,5.875,5.345,5.130000000000001,5.84,6.26,5.45,5.71,5.715,5.39,5.28,4.995,5.63,6.02,5.869999999999999,4.58,4.904999999999999,5.775,5.225,4.744999999999999,6.154999999999999,5.4399999999999995,5.895,6.04,4.935,6.825,4.2700000000000005,5.465,5.404999999999999,5.359999999999999,5.125,6.045,4.8549999999999995,5.734999999999999,5.035,5.015000000000001
-9,5.595000000000001,5.3,6.26,5.595000000000001,5.63,6.33,5.96,5.8549999999999995,5.345,5.725,5.819999999999999,6.105,6.35,5.4350000000000005,4.51,5.43,6.225,5.135,6.17,5.885,5.46,5.9799999999999995,5.0,5.49,5.654999999999999,5.3100000000000005,6.135,5.3100000000000005,6.609999999999999,5.26,5.66,5.59,5.6049999999999995,5.295,5.584999999999999,4.875,5.819999999999999,5.415,6.025,5.005,5.93,5.525,5.2,5.404999999999999,5.325,5.6899999999999995,5.395,5.6850000000000005,5.07,5.534999999999999,5.975,5.975,6.275,5.625,5.194999999999999,5.5649999999999995,5.034999999999999,5.33,6.01,5.005000000000001,5.9,4.6049999999999995,5.77,5.255,5.825,5.779999999999999,4.2299999999999995,5.9399999999999995,5.61,5.63,4.880000000000001,5.775,6.135,5.4799999999999995,5.73,5.54,5.59,5.125,5.1049999999999995,5.475,5.77,5.76,4.74,4.89,5.85,5.1450000000000005,5.075,6.0,5.67,6.305,6.220000000000001,4.645,6.575,4.17,5.125,5.609999999999999,5.335,5.055,5.85,4.8149999999999995,5.565,5.365,5.01
-8,5.61,5.59,6.34,5.3100000000000005,5.345000000000001,6.180000000000001,5.99,5.685,5.545,5.529999999999999,5.569999999999999,5.9350000000000005,6.589999999999999,5.584999999999999,4.430000000000001,5.41,6.05,4.9350000000000005,6.17,5.7700000000000005,5.4350000000000005,5.85,5.105,5.595,5.85,5.29,5.855,5.6,6.860000000000001,5.545,5.255,5.39,5.654999999999999,5.6,5.6,4.475,5.824999999999999,5.085,5.91,5.265,5.645,5.1049999999999995,5.359999999999999,5.1850000000000005,5.125,5.9,5.175,5.5,5.07,5.535,5.925,5.725,6.325,5.7,5.6899999999999995,5.3950000000000005,5.345000000000001,5.33,5.8549999999999995,5.335,5.9,4.885,5.735,5.5600000000000005,5.66,6.165,4.4799999999999995,5.8149999999999995,5.324999999999999,5.6049999999999995,4.8,5.545,6.26,5.5,5.625,5.325,5.65,5.085,5.0,5.345000000000001,5.57,5.895,4.92,5.085,5.430000000000001,5.1850000000000005,5.13,5.970000000000001,5.45,6.31,6.285,4.61,6.3,4.1,4.975,5.405,5.25,5.035,5.65,4.994999999999999,5.595,5.165000000000001,4.93
-7,5.8549999999999995,5.6899999999999995,6.14,5.459999999999999,5.475,6.214999999999999,5.705,5.74,5.6049999999999995,5.32,5.415,5.755000000000001,6.82,5.92,4.505000000000001,5.72,6.05,4.605,6.29,5.605,5.654999999999999,5.7,5.235,5.27,6.055,5.31,5.575,5.5,6.834999999999999,5.775,5.334999999999999,5.47,5.6899999999999995,5.855,5.3100000000000005,4.58,5.659999999999999,5.125,5.944999999999999,5.265,5.775,4.63,5.029999999999999,5.185,5.255,5.470000000000001,5.3549999999999995,5.305,4.95,5.535,5.8149999999999995,5.45,6.26,5.7,5.915,5.51,5.555,5.33,5.8149999999999995,5.66,5.58,5.115,5.735,5.845000000000001,5.255,6.2700000000000005,4.33,5.9399999999999995,5.555,5.545,5.055,5.26,6.34,5.494999999999999,5.465,5.525,5.675,5.415000000000001,4.87,5.63,5.590000000000001,6.325,4.76,5.0600000000000005,5.41,5.365,5.1049999999999995,5.845000000000001,5.14,6.145,6.27,4.930000000000001,5.9399999999999995,4.0,5.02,5.085,5.08,4.965,5.7299999999999995,5.175,5.3100000000000005,4.95,5.01
-6,6.1049999999999995,5.5,6.069999999999999,5.535,5.63,6.12,5.8549999999999995,5.8100000000000005,5.630000000000001,5.569999999999999,5.415,5.805000000000001,6.32,5.994999999999999,4.69,5.72,6.05,5.034999999999999,6.1450000000000005,5.6850000000000005,5.880000000000001,5.675,5.1049999999999995,5.380000000000001,6.23,5.484999999999999,5.63,5.785,6.6899999999999995,5.840000000000001,5.585,5.72,5.5600000000000005,5.755,5.345,4.53,5.255000000000001,5.279999999999999,6.1049999999999995,5.005,5.93,4.8950000000000005,5.16,4.95,5.41,5.46,5.515000000000001,5.034999999999999,5.1049999999999995,5.415,5.975,5.425,6.27,5.805,5.7700000000000005,5.54,5.125,5.209999999999999,6.025,5.505000000000001,5.654999999999999,5.505000000000001,5.529999999999999,5.444999999999999,5.335,6.2700000000000005,4.640000000000001,6.02,5.3,5.345,5.055000000000001,5.39,6.340000000000001,5.51,5.43,5.74,5.390000000000001,5.215,5.075,5.6049999999999995,5.49,6.68,4.76,5.31,5.845000000000001,5.54,5.08,5.819999999999999,4.819999999999999,6.1,6.27,5.32,6.3,3.8049999999999997,4.904999999999999,5.119999999999999,5.375,4.895,5.91,4.955,5.46,4.93,5.015000000000001
-5,6.1049999999999995,5.1,6.01,5.735,5.755,6.045,5.930000000000001,5.970000000000001,5.345000000000001,5.645,5.21,5.88,6.095000000000001,6.165,4.645,5.84,5.930000000000001,5.005,6.02,5.5,5.925,5.5600000000000005,4.82,5.654999999999999,6.58,5.41,5.785,6.075,6.640000000000001,5.99,5.6899999999999995,5.825,5.275,5.545,5.505,4.525,5.335,5.405,6.26,5.029999999999999,6.055,5.3,5.24,4.92,5.1,5.535,5.915,4.885,5.15,5.095,5.965000000000001,5.58,6.51,5.9799999999999995,5.764999999999999,5.8,5.115,4.89,5.545,5.119999999999999,5.545,5.555,5.3,5.284999999999999,5.584999999999999,6.285,4.585,6.08,5.08,5.425,4.8,5.545,6.385,5.6,5.74,5.99,5.5200000000000005,5.125,5.305,5.545,5.340000000000001,6.764999999999999,4.64,5.135,6.33,5.709999999999999,5.165000000000001,5.615,4.93,6.3,6.165,5.6850000000000005,6.575,3.9850000000000003,5.154999999999999,5.505,5.43,4.85,5.69,5.1,5.535,4.750000000000001,4.86
-4,5.8549999999999995,5.26,5.904999999999999,5.695,5.76,6.175,6.130000000000001,5.84,5.475,5.765,5.34,6.13,6.279999999999999,6.015,4.59,5.795,6.084999999999999,5.095000000000001,5.735,5.665,5.615,5.3,4.95,5.555,6.475,5.49,5.904999999999999,5.785,6.249999999999999,5.755,5.67,6.015,4.8,5.59,5.61,4.7,5.584999999999999,5.41,6.51,5.14,6.0600000000000005,4.99,5.3100000000000005,5.24,4.819999999999999,5.3,5.63,5.17,5.05,4.845,5.944999999999999,5.395,6.590000000000001,5.7,5.874999999999999,5.3950000000000005,5.1899999999999995,4.5649999999999995,5.4350000000000005,4.8,5.38,5.7,4.975,5.29,5.255,6.22,4.55,6.135,5.074999999999999,5.675,4.52,5.654999999999999,6.285,5.79,5.905,6.06,5.675,5.125,5.335,5.345,5.135,6.544999999999999,4.64,5.09,6.33,5.88,5.319999999999999,5.385,5.084999999999999,6.45,5.78,5.89,6.775,4.465,5.355,5.62,5.76,5.18,5.625,4.8100000000000005,5.784999999999999,4.470000000000001,4.8950000000000005
-3,5.609999999999999,4.86,5.58,5.465,5.805,6.33,6.175,5.535,5.630000000000001,5.59,5.514999999999999,6.285,6.244999999999999,6.029999999999999,4.225,5.975,6.13,5.0200000000000005,5.534999999999999,6.05,5.5600000000000005,5.51,5.1049999999999995,5.4799999999999995,6.369999999999999,5.5649999999999995,5.87,5.744999999999999,6.27,5.430000000000001,5.465,6.01,4.49,5.63,5.8,4.76,5.255,5.654999999999999,6.225,5.369999999999999,6.1049999999999995,4.62,5.584999999999999,5.14,4.59,4.975,5.375,5.27,4.77,4.77,5.92,5.39,6.305,5.6049999999999995,5.54,5.08,4.955,4.335,5.55,4.475,5.17,5.74,4.67,5.3149999999999995,4.95,6.04,4.29,5.9,5.38,5.78,4.65,5.615,5.805,5.675,5.930000000000001,5.889999999999999,5.8,5.154999999999999,5.64,5.424999999999999,5.265,6.32,5.12,5.105,6.045,6.035,5.494999999999999,5.42,4.765,6.505,5.755000000000001,5.625,6.654999999999999,4.944999999999999,5.555000000000001,5.52,5.54,4.96,5.8,4.484999999999999,5.9399999999999995,4.6,5.07
-2,5.595,4.9399999999999995,5.334999999999999,5.49,5.375,6.44,6.180000000000001,5.4,5.755,5.6450000000000005,5.619999999999999,6.459999999999999,5.865,6.124999999999999,4.66,5.865,6.209999999999999,5.075,5.485,6.155,5.635,5.529999999999999,5.23,5.4799999999999995,6.35,5.6850000000000005,5.95,5.955,6.484999999999999,5.470000000000001,5.54,6.235,4.39,5.6049999999999995,5.6,4.865,4.95,5.635,6.18,5.529999999999999,5.925,4.31,5.765,5.470000000000001,4.51,4.92,5.04,5.654999999999999,4.85,4.82,6.075,5.58,6.1850000000000005,5.64,5.255,5.1850000000000005,4.63,4.39,5.615,4.6049999999999995,5.025,5.845,4.694999999999999,5.47,4.92,6.09,4.465,5.6,4.895,5.845000000000001,4.805,5.585,5.685,5.57,5.715,5.779999999999999,5.805,5.13,5.705,5.675,5.42,6.01,5.130000000000001,5.3549999999999995,6.225,5.955,5.695,5.58,4.585,6.255,5.925,5.22,6.5600000000000005,5.375,5.295,5.284999999999999,5.6850000000000005,5.1049999999999995,6.075,4.39,5.63,4.755000000000001,4.785
-1,5.885,5.345,5.3549999999999995,5.545,5.74,6.609999999999999,6.375,5.540000000000001,5.76,5.59,5.595,6.495,5.93,6.225,4.98,5.984999999999999,6.409999999999999,5.11,5.735,6.205,5.6,5.335,5.32,5.55,6.285,5.6450000000000005,6.22,5.785,6.385,5.625,5.619999999999999,6.0600000000000005,4.73,5.64,5.6,5.15,4.92,5.89,6.17,5.5649999999999995,5.765,4.14,5.8149999999999995,5.67,4.315,4.925,4.67,5.63,5.3,5.285,6.2299999999999995,5.734999999999999,6.235,5.8,5.43,5.635,4.575,4.695,5.7700000000000005,4.659999999999999,5.13,6.045,4.909999999999999,5.694999999999999,4.975,6.165,4.77,5.635,4.7749999999999995,5.970000000000001,4.93,5.59,5.694999999999999,5.725,5.775,6.17,5.735,5.165,6.08,5.779999999999999,5.545,6.14,5.385,5.58,6.225,6.075,5.845000000000001,5.6850000000000005,5.07,5.949999999999999,5.95,5.584999999999999,6.369999999999999,5.87,5.47,5.279999999999999,5.88,4.8149999999999995,6.459999999999999,4.475,5.35,4.880000000000001,4.805
0,5.9799999999999995,5.68,5.5200000000000005,5.415,5.915,6.4799999999999995,6.590000000000001,5.46,5.89,5.359999999999999,5.265,6.31,6.115,6.205,4.81,6.0200000000000005,6.3549999999999995,4.874999999999999,5.585,6.284999999999999,5.555,5.0200000000000005,5.4,5.775,6.3100000000000005,5.435,6.255,5.465,5.9799999999999995,5.3149999999999995,5.6850000000000005,6.14,4.735,5.65,5.654999999999999,5.1450000000000005,4.975,6.205,5.86,5.255,5.585,4.14,5.595,5.869999999999999,4.595000000000001,4.95,4.3,5.245,5.35,5.13,5.904999999999999,5.475,6.43,5.59,5.445,5.154999999999999,4.6,4.645,5.455,4.46,5.215,5.785,4.955,5.3549999999999995,4.9799999999999995,6.364999999999999,4.64,5.765,5.140000000000001,5.97,5.145,5.7,5.425,6.085,5.9350000000000005,6.17,5.785,5.325,6.334999999999999,5.76,5.635,6.095000000000001,5.555,5.7299999999999995,6.015,6.075,6.1,5.75,5.07,6.225,5.955,5.945,6.3149999999999995,5.76,5.965,5.444999999999999,6.034999999999999,4.49,6.5,4.515,5.119999999999999,4.970000000000001,4.904999999999999
1,5.659999999999999,5.575,5.470000000000001,5.525,5.54,6.68,6.685,5.525,6.0,4.975,5.54,6.464999999999999,5.6850000000000005,6.125,4.6,6.4,6.255,4.5649999999999995,5.334999999999999,6.279999999999999,5.709999999999999,4.695,5.4,5.624999999999999,6.22,5.65,5.835,5.215,5.744999999999999,5.335,5.88,6.14,5.209999999999999,5.904999999999999,5.525,5.375,5.0249999999999995,6.315,6.034999999999999,5.22,5.49,4.38,5.5,6.0,4.785,5.06,4.2299999999999995,4.9350000000000005,5.715,4.955,5.88,5.605,6.714999999999999,5.2299999999999995,5.89,4.845000000000001,4.65,4.57,5.05,4.46,5.135,5.51,4.765,5.29,5.04,6.815,4.46,5.459999999999999,4.89,5.97,5.175,5.49,5.14,5.725,6.090000000000001,5.784999999999999,5.755,5.430000000000001,6.045,5.555000000000001,5.86,5.885,5.615,5.904999999999999,5.99,6.1049999999999995,5.869999999999999,6.125,4.59,6.08,5.75,5.585,6.279999999999999,5.4,6.09,5.6,5.935,4.755,6.29,4.1850000000000005,5.220000000000001,5.05,4.825
2,5.924999999999999,5.8549999999999995,5.415,5.6,5.33,6.76,6.3950000000000005,5.529999999999999,5.835,4.66,5.395,6.4399999999999995,5.5200000000000005,5.9799999999999995,4.915,6.42,6.194999999999999,4.74,5.24,6.225,5.895,4.39,5.04,5.124999999999999,6.225,5.73,5.765,5.22,5.9,5.625,5.7299999999999995,6.1850000000000005,5.494999999999999,5.779999999999999,5.635,5.37,5.05,6.34,6.1499999999999995,5.15,5.515,4.335,5.625,6.005,5.0600000000000005,5.29,4.715,4.5649999999999995,5.35,4.715,5.8100000000000005,5.88,6.404999999999999,4.87,5.8549999999999995,4.6899999999999995,4.675,4.645,5.0200000000000005,4.375,5.244999999999999,5.549999999999999,4.7,5.38,4.959999999999999,6.38,4.15,5.09,4.645,5.97,5.35,5.6,4.825,5.415,6.1450000000000005,5.765,5.47,5.495,6.04,5.83,5.9399999999999995,5.674999999999999,5.62,5.7700000000000005,6.180000000000001,6.305,6.234999999999999,5.84,4.8,5.875,5.88,5.1049999999999995,6.215,5.6049999999999995,5.715,5.345000000000001,5.91,4.84,6.445,4.36,5.255,5.2299999999999995,4.495
3,5.93,5.9,5.415,5.455,5.1850000000000005,6.715000000000001,6.085,5.465,5.529999999999999,4.64,5.475,6.055,5.21,5.7,5.279999999999999,6.1,5.985,4.67,5.125,6.3,6.095000000000001,4.11,4.655,5.01,6.1049999999999995,5.709999999999999,5.72,5.225,5.885,5.85,5.8100000000000005,6.005,5.365,5.3,5.709999999999999,5.24,5.05,6.0649999999999995,6.305000000000001,4.985,5.845,4.109999999999999,5.625,5.7,4.985,5.0,4.889999999999999,4.23,5.029999999999999,4.8549999999999995,5.775,5.625,6.55,5.18,5.95,4.904999999999999,5.0600000000000005,4.955,5.075,4.455,5.124999999999999,5.525,4.7,5.409999999999999,5.175,6.385,3.94,4.720000000000001,4.545,6.025,5.319999999999999,5.755,4.825,5.39,5.86,5.744999999999999,5.475,5.575,6.085,5.77,5.720000000000001,5.2700000000000005,5.675,5.615,5.99,5.975,6.235,5.665,4.87,5.89,5.975,5.1850000000000005,6.06,5.85,5.615,5.63,5.925,4.529999999999999,6.3549999999999995,4.4399999999999995,5.045,5.2299999999999995,4.805
4,5.99,5.94,5.415,5.175,5.21,6.715000000000001,6.215,5.22,5.535,4.51,5.115,5.96,5.244999999999999,5.42,5.1,5.92,5.555,5.034999999999999,5.1899999999999995,6.590000000000001,5.944999999999999,3.8299999999999996,4.5600000000000005,5.18,6.255,5.81,6.01,4.865,6.029999999999999,5.659999999999999,5.845000000000001,6.115,5.055,4.8149999999999995,5.5649999999999995,4.955,5.16,6.045,6.26,4.909999999999999,5.64,4.369999999999999,5.625,5.52,4.909999999999999,5.215,4.999999999999999,3.97,4.775,4.785,6.029999999999999,5.665,6.5,5.119999999999999,5.62,5.1049999999999995,5.235,5.244999999999999,5.08,4.4799999999999995,4.9,5.159999999999999,4.845,5.68,5.255,6.385,4.155,4.635,4.465,6.015,5.295,5.5200000000000005,5.23,5.485,5.625,5.745,5.405,5.845,5.795,6.085,5.5649999999999995,4.985,5.619999999999999,5.94,5.7700000000000005,5.975,6.049999999999999,5.61,4.8,5.89,5.79,5.11,6.369999999999999,5.845000000000001,5.87,5.654999999999999,6.279999999999999,4.244999999999999,6.295,4.154999999999999,4.9,4.945,4.805
5,6.175,6.07,5.415,4.895,5.1899999999999995,6.279999999999999,6.295,5.220000000000001,5.1049999999999995,4.409999999999999,4.635,5.625,5.374999999999999,5.139999999999999,4.955,5.4399999999999995,5.484999999999999,5.029999999999999,5.385,6.970000000000001,5.885,3.6000000000000005,4.484999999999999,5.35,6.404999999999999,5.8149999999999995,5.880000000000001,4.475,6.295,5.59,5.825,5.865,4.995,4.38,5.285,5.035,4.955,5.720000000000001,5.8549999999999995,5.245,5.430000000000001,4.140000000000001,5.1899999999999995,5.56,4.89,5.295,4.59,4.42,4.63,4.959999999999999,5.545,5.67,6.545,4.835,5.505,5.075,5.635,5.069999999999999,5.2,4.29,4.7,5.64,4.944999999999999,5.635,5.180000000000001,6.4799999999999995,4.2299999999999995,4.875,4.1450000000000005,6.01,5.585,5.21,4.9399999999999995,5.34,5.42,5.709999999999999,5.76,6.13,5.725,5.984999999999999,5.93,5.234999999999999,5.4399999999999995,5.785,5.85,6.2,6.369999999999999,5.76,4.415,5.855,6.115,4.9350000000000005,6.225,5.5649999999999995,5.609999999999999,5.375,6.165,4.215,6.389999999999999,4.605,4.619999999999999,5.235,4.495
6,5.95,6.14,5.415,4.665,4.9399999999999995,6.249999999999999,6.015,5.04,5.074999999999999,4.505,4.5649999999999995,5.595,4.99,4.735,4.855,5.125,5.84,4.720000000000001,5.6,6.75,5.904999999999999,3.7550000000000003,4.180000000000001,5.505,6.63,5.585,5.824999999999999,4.6450000000000005,5.8149999999999995,5.67,5.93,5.99,5.015000000000001,4.35,4.975,4.985,4.674999999999999,5.569999999999999,5.779999999999999,5.340000000000001,5.49,4.415,5.159999999999999,5.5649999999999995,4.985,5.015,4.67,4.35,4.35,4.8,5.52,5.635,6.264999999999999,4.765,5.175,5.145,5.385,4.765,5.220000000000001,4.62,4.46,5.819999999999999,5.159999999999999,5.484999999999999,5.1850000000000005,6.245,4.255,5.32,3.8949999999999996,6.185,5.43,4.885,4.715,5.06,5.17,5.395,5.8,6.205,5.56,5.975,5.86,5.12,5.4399999999999995,5.735,5.515,6.365,6.369999999999999,5.609999999999999,4.055,5.91,5.89,4.455,6.17,5.334999999999999,5.715,5.27,5.935,4.289999999999999,6.145,4.654999999999999,4.34,5.545,4.465
7,5.995,6.09,5.55,4.4350000000000005,4.71,5.945,5.709999999999999,5.215,4.795,4.295,5.015,5.31,4.675,4.635,4.725,5.335,5.79,4.6899999999999995,5.445,6.68,6.17,3.875,4.15,5.33,6.584999999999999,5.5649999999999995,5.529999999999999,4.694999999999999,5.3149999999999995,5.725,5.695,5.84,5.205,4.404999999999999,5.18,5.045,4.7299999999999995,5.834999999999999,5.779999999999999,5.5200000000000005,5.575,4.04,5.115,5.529999999999999,5.05,4.709999999999999,5.0,4.175,4.07,5.0600000000000005,5.65,5.38,6.345,4.76,4.895,5.244999999999999,5.359999999999999,4.534999999999999,5.07,4.369999999999999,4.5,5.819999999999999,5.084999999999999,5.63,5.264999999999999,5.965,4.51,5.165,3.8950000000000005,6.08,5.685,4.924999999999999,4.9399999999999995,4.654999999999999,5.245,5.3149999999999995,5.744999999999999,6.26,5.43,6.244999999999999,5.825,5.09,5.605,6.045,5.48,6.3149999999999995,6.5,5.3,3.8449999999999998,5.944999999999999,6.22,4.0649999999999995,6.22,4.95,5.75,5.21,5.885,4.2299999999999995,6.4399999999999995,4.79,4.3950000000000005,5.235,4.545
8,5.835,6.305,5.5200000000000005,4.59,4.43,5.869999999999999,5.385,5.175,4.49,4.359999999999999,4.6049999999999995,5.484999999999999,4.595,4.775,4.705,5.3549999999999995,5.8149999999999995,4.284999999999999,5.07,6.765000000000001,6.125,3.9899999999999998,3.87,5.264999999999999,6.594999999999999,5.65,5.654999999999999,4.220000000000001,5.35,5.3999999999999995,5.775,5.93,4.965,4.3950000000000005,5.5649999999999995,4.765,4.765,5.86,5.71,5.515,5.55,4.085,5.07,5.125,5.15,4.385,4.665,3.8549999999999995,3.7649999999999997,5.180000000000001,5.37,5.1049999999999995,6.45,4.795,5.17,5.485,5.130000000000001,4.569999999999999,4.785,4.42,4.605,5.795,5.125,5.675,5.265,5.685,4.28,5.1850000000000005,3.9,6.255,5.6899999999999995,5.08,4.83,4.444999999999999,5.46,5.215,5.42,6.709999999999999,5.365,6.58,6.025,4.685,5.345000000000001,6.3149999999999995,5.665000000000001,6.34,6.58,5.334999999999999,4.2299999999999995,5.71,6.255,4.45,5.744999999999999,4.5649999999999995,5.5649999999999995,5.1899999999999995,5.93,4.18,6.464999999999999,4.720000000000001,4.385,5.2,4.720000000000001
9,5.994999999999999,6.385,5.74,4.665,4.025,5.869999999999999,5.154999999999999,5.17,4.165,4.765,4.295,5.52,4.61,4.64,4.9350000000000005,5.135,5.735,3.975,4.635,6.455,5.805,4.2299999999999995,3.925,5.22,6.484999999999999,5.7299999999999995,5.805,3.72,5.435,5.154999999999999,5.7299999999999995,6.035,4.755,4.26,5.234999999999999,4.734999999999999,4.74,5.45,5.725,5.52,5.175,4.255000000000001,4.92,4.720000000000001,4.8950000000000005,4.154999999999999,4.569999999999999,3.465,3.7949999999999995,5.23,5.295,4.8,6.339999999999999,4.904999999999999,4.725,5.525,5.055,4.7299999999999995,4.865,4.42,4.535,5.535,5.1450000000000005,5.76,5.37,5.279999999999999,4.59,4.955,3.4199999999999995,6.29,5.635,4.845,4.805,4.3,5.175,5.319999999999999,5.1850000000000005,6.6049999999999995,5.595000000000001,6.659999999999999,6.034999999999999,4.375,5.2,6.25,5.494999999999999,6.45,6.295,5.494999999999999,4.255,5.6049999999999995,5.945,4.494999999999999,5.375,4.335,5.72,5.225,5.76,4.484999999999999,6.34,4.7299999999999995,4.409999999999999,5.17,4.875
10,6.1049999999999995,6.14,5.459999999999999,4.784999999999999,3.9599999999999995,5.87,4.75,5.49,4.295,4.505,3.97,5.284999999999999,4.654999999999999,4.6899999999999995,4.715,5.14,5.745,3.65,4.819999999999999,6.470000000000001,5.874999999999999,4.335,4.08,5.06,6.63,5.76,6.07,3.72,5.285,4.925,5.42,5.944999999999999,4.840000000000001,4.305,5.275,4.765,4.779999999999999,5.075,5.430000000000001,5.569999999999999,5.14,4.29,5.1450000000000005,4.4399999999999995,4.84,3.75,4.095,3.585,3.9849999999999994,5.334999999999999,5.27,4.52,6.18,4.725,4.885,5.42,5.319999999999999,4.885,4.845,4.369999999999999,4.42,5.685,5.05,5.865,5.444999999999999,4.97,4.445,4.725,3.0349999999999997,6.055000000000001,5.515,4.5649999999999995,4.935,4.1,5.375,5.199999999999999,4.9,6.6049999999999995,5.2299999999999995,6.35,5.995,4.17,5.415,6.4799999999999995,5.275,6.57,5.985,5.65,3.7599999999999993,5.819999999999999,5.959999999999999,4.18,5.175,4.075,5.725,5.385,5.5200000000000005,4.7,5.965,4.944999999999999,4.26,5.1850000000000005,4.96
11,6.284999999999999,5.665,5.205,4.949999999999999,3.8150000000000004,5.96,4.645,5.42,4.495,4.36,3.665,4.874999999999999,4.765,4.845000000000001,4.6899999999999995,5.21,5.744999999999999,3.345,4.895,6.495,6.275,4.05,3.845,5.3149999999999995,6.484999999999999,5.985,6.04,4.04,5.165,4.9,5.215,5.92,4.880000000000001,4.5200000000000005,5.265,4.685,4.65,4.6450000000000005,5.515,5.675,4.995,4.319999999999999,5.31,4.159999999999999,4.915,3.44,4.0649999999999995,3.905,3.7350000000000003,5.01,5.3,4.24,6.025,4.755,4.945,5.445,5.345,4.925,4.765,4.284999999999999,4.494999999999999,5.9,5.125,5.92,5.13,4.944999999999999,4.6899999999999995,4.7,2.9349999999999996,6.255,5.38,4.62,4.655,4.109999999999999,5.455,5.305,4.8549999999999995,6.3100000000000005,5.3950000000000005,6.02,6.069999999999999,3.9200000000000004,5.470000000000001,6.425,5.3100000000000005,6.739999999999999,5.909999999999999,5.735,3.6399999999999997,5.89,5.895,4.085,5.04,4.4799999999999995,5.6899999999999995,5.3549999999999995,5.58,4.470000000000001,6.02,4.66,4.265,5.244999999999999,4.775
12,6.205,5.63,5.075,5.26,4.135,5.885,4.534999999999999,5.095000000000001,4.085,4.4350000000000005,3.7949999999999995,4.925,4.77,4.48,4.665,5.33,5.744999999999999,3.315,4.68,6.24,6.275,3.95,3.565,5.135,6.3100000000000005,6.034999999999999,6.214999999999999,4.055,5.0600000000000005,4.619999999999999,5.215,6.05,4.555,4.5200000000000005,5.04,4.73,4.625,4.955,5.52,5.64,5.305,4.58,4.825,4.13,4.9399999999999995,3.2299999999999995,4.015,3.9849999999999994,3.775,5.045,5.34,4.01,5.775,4.76,4.945,5.63,5.029999999999999,4.595,4.695,4.215,4.6499999999999995,5.869999999999999,5.095000000000001,5.9399999999999995,4.925,5.04,4.7299999999999995,4.78,3.34,6.33,5.175,4.805,4.25,4.035,5.36,5.52,4.965,6.295,5.525,6.1499999999999995,5.79,3.425,5.1450000000000005,6.26,5.57,6.594999999999999,6.175,5.74,3.8649999999999998,5.8100000000000005,5.984999999999999,3.7599999999999993,5.15,4.59,5.795,5.674999999999999,5.819999999999999,4.74,6.084999999999999,4.380000000000001,4.540000000000001,5.494999999999999,4.904999999999999
13,5.74,5.85,5.14,5.285,4.255,5.48,4.61,4.865,3.715,4.739999999999999,3.905,5.08,4.54,4.175,4.459999999999999,5.235,5.595,3.6049999999999995,4.45,6.09,6.16,4.029999999999999,3.2599999999999993,5.14,6.005,5.755,6.534999999999999,3.9449999999999994,5.26,4.214999999999999,4.8549999999999995,5.945,4.235,4.265,5.16,4.755,4.755,4.625,5.37,5.74,5.15,4.835,5.08,3.825,4.965,3.225,3.8349999999999995,3.9849999999999994,3.9299999999999997,5.205,5.505000000000001,3.8049999999999997,5.6,4.845,4.765,5.4799999999999995,4.825,4.27,4.6899999999999995,3.97,4.645,5.639999999999999,4.84,5.965,5.285,4.725,4.775,4.6899999999999995,3.3950000000000005,6.194999999999999,4.92,4.885,4.1450000000000005,3.71,5.295,5.115,4.709999999999999,5.965,5.525,6.35,5.38,3.2,5.255000000000001,6.165,5.38,6.7,6.325,5.795,4.0649999999999995,5.909999999999999,6.045,3.44,5.465,4.3,6.2,5.88,5.825,4.915,5.955,4.6049999999999995,4.97,5.695,4.93
14,5.72,5.88,4.81,5.165,4.255000000000001,5.17,4.25,5.005,3.2849999999999993,4.4350000000000005,4.0,4.925,4.75,3.9799999999999995,4.485,5.525,5.45,3.38,4.915,6.234999999999999,6.04,3.8899999999999997,3.085,4.984999999999999,6.055,5.865,6.38,4.06,5.59,4.205,4.375,5.694999999999999,4.234999999999999,4.67,5.295,4.995,4.85,4.45,5.26,5.8,4.765,4.619999999999999,5.005,4.135,4.965,2.8649999999999998,3.414999999999999,3.95,3.6799999999999997,4.994999999999999,5.6049999999999995,3.75,5.39,4.9399999999999995,4.584999999999999,5.77,5.13,4.0649999999999995,4.965,4.125,4.875,5.33,4.765,6.215,5.404999999999999,4.414999999999999,4.755000000000001,4.635,3.3600000000000003,6.31,5.205,4.779999999999999,3.8549999999999995,3.3800000000000003,5.285,4.8,5.02,6.165,5.6,5.9399999999999995,5.345,3.09,5.17,6.255000000000001,5.425,6.409999999999999,6.5,5.635,4.35,5.8,6.045,3.05,5.36,4.01,6.32,5.88,5.8100000000000005,5.015,6.005,4.96,4.895,5.825,4.72
15,5.625,6.1049999999999995,4.859999999999999,4.734999999999999,4.21,5.324999999999999,4.13,5.085,3.29,4.24,4.205,4.765000000000001,4.8100000000000005,3.7849999999999993,4.95,5.220000000000001,5.5649999999999995,3.2049999999999996,5.040000000000001,6.43,5.885,3.9199999999999995,3.09,4.735,6.039999999999999,5.6899999999999995,6.26,3.7049999999999996,5.155,4.135,4.15,5.65,4.465,4.96,5.245,4.8950000000000005,4.694999999999999,4.27,5.084999999999999,5.545,4.65,4.395,4.875,4.244999999999999,5.4,2.69,2.9850000000000003,4.220000000000001,3.3600000000000003,5.3,5.609999999999999,3.3950000000000005,5.415,4.9399999999999995,4.26,5.764999999999999,4.8,4.369999999999999,5.14,4.485,5.035,4.945,4.76,6.11,4.92,4.395,4.79,4.3950000000000005,3.5849999999999995,6.335,5.685,4.33,3.5699999999999994,3.1350000000000002,5.334999999999999,4.65,4.6899999999999995,6.38,5.55,5.630000000000001,5.374999999999999,2.9949999999999997,5.0649999999999995,6.455,5.23,6.1899999999999995,6.555,5.885,4.42,5.319999999999999,6.225,3.17,5.16,4.194999999999999,6.2,5.88,5.705,5.115,6.005,4.76,4.7299999999999995,6.06,4.9
16,5.625,5.8,5.014999999999999,4.45,4.0200000000000005,5.444999999999999,4.0600000000000005,5.265,2.9299999999999997,4.0649999999999995,4.205,4.46,4.6850000000000005,3.785,4.970000000000001,5.08,5.7,3.2449999999999997,5.215,6.3549999999999995,6.04,4.0200000000000005,3.0349999999999997,5.045,6.04,5.635,6.31,3.8649999999999998,5.64,4.345000000000001,3.96,5.515,4.720000000000001,4.73,4.81,4.75,4.215,3.9799999999999995,4.6,5.59,4.725,4.4750000000000005,4.63,4.0,5.430000000000001,3.19,3.35,4.415,3.3600000000000003,5.585,5.385,3.6050000000000004,5.49,5.424999999999999,4.415,5.685,4.6,4.654999999999999,5.209999999999999,4.484999999999999,5.26,5.154999999999999,5.24,6.0600000000000005,4.925,4.359999999999999,5.069999999999999,4.29,3.6300000000000003,6.215,6.165,4.375,3.575,3.2950000000000004,4.959999999999999,4.635,4.515,6.15,5.6,5.425,5.585,3.07,5.404999999999999,6.305,5.1850000000000005,6.029999999999999,6.385,6.38,4.54,4.89,6.539999999999999,3.325,4.76,4.075,5.72,5.88,5.55,5.035,5.855,5.069999999999999,4.73,6.43,4.7700000000000005
17,5.630000000000001,6.135,5.015,4.375,4.26,5.14,3.8949999999999996,5.52,2.4499999999999997,4.35,4.040000000000001,3.975,4.654999999999999,3.9450000000000003,5.07,5.319999999999999,5.86,3.425,5.635,6.02,6.04,3.71,2.84,5.295,6.1850000000000005,5.404999999999999,6.369999999999999,3.6650000000000005,5.749999999999999,4.665,3.96,5.235,5.035,4.725,4.885,4.85,4.220000000000001,4.1850000000000005,5.034999999999999,5.470000000000001,4.855,4.475,4.3549999999999995,4.1,5.834999999999999,3.5149999999999997,3.7099999999999995,4.72,3.59,5.66,5.49,3.505,5.415,5.904999999999999,4.775,5.86,4.909999999999999,4.97,5.365,4.485,5.545,5.194999999999999,5.72,6.08,4.924999999999999,4.2299999999999995,5.33,4.609999999999999,3.145,5.784999999999999,6.284999999999999,4.3999999999999995,3.94,3.675,4.8,4.540000000000001,4.08,5.835,5.76,5.425,5.4,3.245,5.295,6.305,5.59,6.275,6.109999999999999,6.355,4.924999999999999,4.6,6.464999999999999,3.2299999999999995,4.95,3.59,5.234999999999999,6.09,5.805,5.5,5.654999999999999,5.245,4.7299999999999995,6.404999999999999,4.615
18,5.59,5.745,4.76,4.07,4.62,5.205,3.905,5.475,2.02,4.525,3.7050000000000005,3.4949999999999997,4.555,3.9800000000000004,4.715,5.4799999999999995,5.904999999999999,3.16,5.6850000000000005,5.845,6.07,3.465,2.725,5.01,6.284999999999999,4.97,6.555,3.53,5.255,4.555,3.655,5.459999999999999,5.209999999999999,4.835,5.195,4.720000000000001,4.22,4.215000000000001,5.045,4.99,4.925,4.475,4.46,3.7699999999999996,5.74,3.5849999999999995,3.7049999999999996,4.6,3.4850000000000003,5.715,5.36,3.005,5.055,6.025,4.85,5.819999999999999,5.085,5.09,5.265,4.2,5.819999999999999,4.805,5.8950000000000005,5.9799999999999995,5.034999999999999,3.8699999999999997,5.3100000000000005,4.915,3.63,5.409999999999999,5.8,4.335,4.05,3.79,5.025,4.425,3.97,5.63,5.64,5.305,5.4,3.65,5.35,6.455,5.51,6.555,5.63,5.970000000000001,5.24,5.005,6.415000000000001,3.15,4.7700000000000005,3.59,5.234999999999999,6.265,5.52,5.545,5.455,5.675,5.215,6.02,4.9399999999999995
19,5.35,5.625,4.695,3.7800000000000002,4.255000000000001,5.14,3.6050000000000004,5.545,2.0949999999999998,4.27,3.625,3.54,4.345000000000001,3.675,4.47,5.07,5.71,2.875,5.4,5.549999999999999,6.18,3.6099999999999994,2.835,4.72,6.435,4.68,6.255,3.7049999999999996,4.949999999999999,4.07,3.7300000000000004,5.685,4.834999999999999,4.76,5.2,4.834999999999999,4.33,4.245,4.895,4.630000000000001,4.779999999999999,4.53,4.675,3.5949999999999998,5.74,3.475,4.135,4.234999999999999,3.3200000000000003,5.7,4.91,2.575,4.569999999999999,5.975,4.855,5.8149999999999995,5.3149999999999995,5.089999999999999,5.1,3.935,5.779999999999999,4.499999999999999,5.76,5.645,5.2299999999999995,3.3899999999999997,5.21,4.59,3.585,5.485,5.7299999999999995,4.335,3.8050000000000006,3.6050000000000004,5.025,4.29,4.215,5.5200000000000005,5.345,4.869999999999999,5.45,3.65,5.494999999999999,6.42,5.75,6.33,5.2,5.744999999999999,5.164999999999999,5.485,6.16,3.2699999999999996,4.8,3.1249999999999996,5.235,5.955,5.444999999999999,5.6450000000000005,5.28,5.345,5.209999999999999,5.915,5.075
20,5.155,5.51,4.249999999999999,4.185,3.7700000000000005,5.14,3.285,5.545,2.3,4.2700000000000005,3.91,3.925,4.290000000000001,3.5200000000000005,4.465,4.755,5.8100000000000005,2.8,5.6,5.505000000000001,5.970000000000001,3.8199999999999994,2.52,4.785,6.125,4.965,6.1450000000000005,4.1850000000000005,4.944999999999999,4.555000000000001,3.775,5.6049999999999995,4.525,4.92,5.285,5.124999999999999,4.525,4.265,5.154999999999999,4.840000000000001,4.569999999999999,4.725,4.42,3.44,5.74,3.2150000000000007,4.165,4.715,3.3200000000000003,5.8549999999999995,5.39,2.58,4.5200000000000005,6.475,4.79,6.1049999999999995,5.49,4.975,5.584999999999999,4.244999999999999,5.805,4.825,5.4799999999999995,5.93,5.015,3.2699999999999996,5.2299999999999995,4.6899999999999995,3.4800000000000004,5.8149999999999995,5.619999999999999,4.255,3.6950000000000003,3.725,4.904999999999999,4.425,4.234999999999999,5.534999999999999,5.17,5.0649999999999995,5.255,3.2849999999999993,5.45,6.26,6.1049999999999995,6.295,5.22,5.375,5.084999999999999,5.66,6.195,3.3899999999999997,4.930000000000001,3.13,5.235,5.58,5.275,5.92,5.29,5.29,5.569999999999999,5.865,5.25
21,5.41,5.395,4.334999999999999,4.185,4.025,5.03,3.2800000000000002,5.234999999999999,1.975,4.63,3.9199999999999995,4.0200000000000005,4.4350000000000005,3.6,4.695,4.585,6.02,2.7049999999999996,5.73,5.705,6.17,4.18,2.315,4.995,5.74,4.965000000000001,6.39,4.665000000000001,4.944999999999999,4.665,3.5,5.495,4.3,4.7299999999999995,5.515,4.720000000000001,4.75,4.045,5.295,5.165000000000001,4.93,4.89,4.14,3.375,5.529999999999999,2.9,4.209999999999999,5.1,3.44,6.095,5.26,2.58,4.529999999999999,6.725,4.39,6.4399999999999995,5.205,4.784999999999999,5.58,4.375,6.08,5.029999999999999,5.625,5.904999999999999,5.0649999999999995,3.1499999999999995,5.345,4.975,3.7350000000000003,5.459999999999999,5.755,4.61,4.17,4.084999999999999,4.425,4.855,4.444999999999999,5.4399999999999995,5.205,5.305,5.205,3.715,5.635,6.15,5.85,6.24,5.64,5.275,5.365,5.735,6.325,3.87,4.750000000000001,3.2049999999999996,5.234999999999999,5.534999999999999,5.665,5.845,5.425,5.470000000000001,5.625,5.76,4.965
22,5.255000000000001,5.34,4.395,3.8199999999999994,4.345,5.22,3.5700000000000003,5.005000000000001,2.075,4.99,3.9199999999999995,4.14,4.4399999999999995,4.075,4.7,4.585,6.07,2.805,5.42,5.955,5.92,4.495,2.675,5.095000000000001,5.63,4.575,6.235,5.145,4.824999999999999,4.17,3.825,5.455,4.335,4.76,5.15,4.765,4.955,3.995,5.36,4.9799999999999995,4.955,4.935,4.075,3.3299999999999996,5.7,2.78,4.04,5.42,3.925,6.015,5.225,2.4850000000000003,4.904999999999999,6.725,4.325,6.22,5.225,5.095,5.6899999999999995,4.459999999999999,5.9350000000000005,5.029999999999999,5.4799999999999995,5.715,5.34,3.2299999999999995,5.55,5.05,3.7350000000000003,5.75,5.695,4.534999999999999,4.665,4.215,4.06,4.955,4.8,5.325,5.29,5.095000000000001,5.255,4.085,5.6,6.22,5.565,6.285,5.529999999999999,5.625,5.39,5.459999999999999,5.965,4.2299999999999995,4.505000000000001,3.3599999999999994,5.234999999999999,5.864999999999999,5.7299999999999995,5.63,5.295,5.47,5.34,5.735,5.295
23,5.005000000000001,5.35,4.725,3.815,4.55,5.1899999999999995,3.975,4.86,2.5699999999999994,4.915,4.275,4.619999999999999,4.75,4.305,4.665,4.66,5.99,2.4749999999999996,5.2,5.945,5.819999999999999,4.779999999999999,3.035,5.049999999999999,5.665,4.340000000000001,6.21,5.46,4.824999999999999,3.6950000000000003,3.6399999999999997,5.765,4.465,5.045,5.2700000000000005,4.825,4.665,4.215,5.295,5.095000000000001,4.825,4.680000000000001,3.8,3.25,5.8149999999999995,3.2649999999999997,3.9449999999999994,5.745,4.1049999999999995,6.18,5.220000000000001,2.8,4.78,6.419999999999999,4.415,6.005,5.335,5.1049999999999995,5.765,4.43,6.005000000000001,5.029999999999999,5.64,5.865,5.459999999999999,3.3249999999999993,5.55,5.41,3.81,5.725,5.885,4.25,4.555,4.025,4.494999999999999,5.0200000000000005,4.975,5.3,5.225,5.11,5.52,4.49,5.31,6.265,5.64,6.659999999999999,5.05,5.545,5.395,4.965,5.484999999999999,4.36,4.605,3.5199999999999996,4.93,5.4350000000000005,5.505,5.89,4.984999999999999,5.47,5.265,5.8549999999999995,5.47
24,4.83,5.3999999999999995,4.58,4.175,4.6049999999999995,5.025,4.095,5.085,2.895,4.654999999999999,4.45,5.005,4.465,4.61,4.99,4.66,5.985,2.42,5.3100000000000005,5.545,5.86,5.255,3.035,4.930000000000001,5.484999999999999,4.34,6.25,5.715,4.825,3.8050000000000006,3.5,5.869999999999999,4.825,5.365,5.654999999999999,4.890000000000001,4.77,4.2299999999999995,5.109999999999999,5.180000000000001,5.005,4.63,4.0600000000000005,3.6399999999999997,5.76,3.3850000000000002,3.825,5.845000000000001,4.6,6.18,5.194999999999999,2.75,4.495,6.05,4.595,5.83,5.33,5.1049999999999995,5.555,4.49,6.125,5.029999999999999,5.6899999999999995,5.615,5.459999999999999,3.1699999999999995,5.1899999999999995,5.640000000000001,3.8200000000000003,5.46,5.645,4.255,4.069999999999999,3.995,4.994999999999999,4.9399999999999995,4.935,5.075,5.25,5.185,5.31,4.775,5.0600000000000005,6.1499999999999995,5.725,6.725,5.08,5.71,5.465,4.529999999999999,5.67,4.3950000000000005,4.795,3.4450000000000003,5.005,5.005,5.444999999999999,6.21,4.675,5.47,5.26,5.7749999999999995,5.470000000000001
25,4.65,5.385,4.295,4.535,4.705,5.415,4.215,5.1049999999999995,3.2049999999999996,4.545,4.945,5.1,4.535,4.9350000000000005,5.2,4.835,5.930000000000001,2.75,4.834999999999999,5.455,5.8100000000000005,5.5649999999999995,3.2399999999999998,4.445,5.05,4.51,5.975,6.005,4.945,4.05,3.5349999999999993,6.045,5.055,5.6850000000000005,5.75,4.9399999999999995,5.175,4.5600000000000005,5.1049999999999995,5.215000000000001,5.1850000000000005,4.865,4.4,3.595,5.9350000000000005,3.505,3.8299999999999996,5.64,4.904999999999999,6.18,5.51,2.6550000000000002,4.42,6.045,4.57,5.7299999999999995,5.209999999999999,5.505,5.18,4.425,6.215,5.029999999999999,5.515,5.535,5.459999999999999,3.05,4.709999999999999,5.625,4.075,5.64,5.675,4.51,4.555,4.299999999999999,5.32,5.125,5.025,4.995,5.215,5.3,5.43,4.525,5.0649999999999995,6.145,5.545,6.659999999999999,5.08,5.71,5.79,4.964999999999999,5.665,4.415,4.76,3.7299999999999995,5.41,4.97,5.404999999999999,6.345,4.2700000000000005,5.47,5.74,5.85,5.475
26,4.76,5.43,4.279999999999999,4.665,4.725,5.51,4.21,5.35,3.415,4.54,5.015,5.375,4.709999999999999,5.029999999999999,5.275,5.155,6.04,2.85,4.34,5.72,5.855,5.575,3.55,4.515,4.675,4.59,5.795,5.775,4.945,3.94,3.4899999999999998,5.9350000000000005,4.99,5.779999999999999,6.069999999999999,5.325,5.35,4.880000000000001,5.15,5.55,5.12,4.930000000000001,4.7700000000000005,3.37,5.994999999999999,3.5,3.465,5.585,5.11,6.404999999999999,5.475,3.1399999999999997,4.625,6.11,4.8,5.715,5.39,5.734999999999999,5.305,4.23,6.435,5.005000000000001,5.44,5.945,5.38,3.44,4.64,5.51,4.355,5.8,5.76,4.8149999999999995,4.665,4.58,5.415000000000001,5.49,5.2,5.24,5.3950000000000005,5.114999999999999,5.385,4.49,4.89,6.16,5.654999999999999,6.425,5.05,5.92,6.095,5.1,5.745,4.725,4.4399999999999995,3.875,5.529999999999999,5.119999999999999,5.61,6.36,4.4,5.444999999999999,6.22,5.904999999999999,5.834999999999999
27,4.89,5.295,4.435,4.89,5.0,5.825,4.57,5.425,3.56,4.83,4.71,5.7,5.205,4.799999999999999,5.015000000000001,5.055,5.985,2.925,4.3950000000000005,5.405,5.535,5.57,3.9199999999999995,4.725,4.824999999999999,4.995,6.05,5.415,4.95,3.575,3.975,5.935,4.8,5.805,5.904999999999999,5.6,5.31,4.815,5.415,5.159999999999999,5.1899999999999995,5.33,4.72,3.405,5.77,3.8600000000000003,3.585,5.865,5.205,6.345,5.42,3.5699999999999994,4.575,6.045,5.05,5.7,5.42,5.99,5.34,4.505000000000001,6.614999999999999,4.680000000000001,5.485,5.825,5.28,3.7600000000000002,4.74,5.1850000000000005,4.584999999999999,6.1049999999999995,5.470000000000001,4.735,4.345000000000001,4.8100000000000005,5.39,5.1850000000000005,5.125,5.13,5.445,4.63,5.675,4.795,4.904999999999999,5.945,5.585,6.505,4.865,6.245,6.13,5.0649999999999995,5.8149999999999995,5.039999999999999,4.255000000000001,4.155,5.6,5.359999999999999,5.404999999999999,6.540000000000001,4.555,5.215,6.29,5.984999999999999,5.955
28,5.025,5.58,4.609999999999999,4.68,5.495,5.89,4.885,5.409999999999999,3.965,4.874999999999999,5.035,5.694999999999999,5.475,4.515,4.935,4.92,5.8549999999999995,3.175,4.43,5.09,5.535,5.46,4.35,4.745,5.02,5.115,5.955,5.619999999999999,4.895,3.5700000000000003,4.095000000000001,6.095,5.0200000000000005,5.85,5.71,5.915,5.334999999999999,4.9399999999999995,5.494999999999999,5.205,5.25,5.505,4.834999999999999,3.835,5.909999999999999,4.175,3.9699999999999998,6.145,5.54,6.069999999999999,5.6499999999999995,3.6,4.584999999999999,5.6850000000000005,4.95,5.685,5.595,5.945,5.6499999999999995,4.375,6.43,4.859999999999999,5.24,5.659999999999999,5.375,4.084999999999999,4.76,5.415,4.91,6.1049999999999995,5.614999999999999,4.485,4.135,5.135,5.4,4.8950000000000005,5.119999999999999,4.645,5.41,4.15,5.625,5.075,5.084999999999999,5.545,5.675,6.62,5.0,6.0600000000000005,6.08,5.165,5.675,4.945,4.575,4.56,5.825,5.459999999999999,5.085,6.595000000000001,4.73,4.955,6.26,6.2749999999999995,5.47
29,4.805000000000001,5.63,4.84,4.68,5.925,5.8549999999999995,4.98,5.215,4.275,4.3950000000000005,5.42,5.83,5.385,4.745,4.935,4.96,5.85,3.6700000000000004,4.74,4.994999999999999,5.855,5.215,3.9850000000000003,4.785,4.84,4.725,5.81,5.944999999999999,5.075,3.8549999999999995,4.215000000000001,6.1899999999999995,5.425,5.755,6.145,5.92,5.609999999999999,5.2299999999999995,5.255,5.335,5.475,5.475,5.334999999999999,4.265,6.275,4.27,4.0649999999999995,6.18,5.52,5.904999999999999,5.65,3.905,4.6850000000000005,5.685,5.2299999999999995,5.67,5.34,5.945,5.465,4.58,6.784999999999999,4.895,5.2,5.255000000000001,5.084999999999999,4.18,4.77,5.654999999999999,5.23,5.739999999999999,5.859999999999999,4.875,4.205,5.455,5.775,4.555000000000001,5.375,4.95,5.1,3.79,5.485,5.22,5.08,5.765,5.845000000000001,6.369999999999999,5.435,5.575,6.15,5.265,6.075,4.97,4.779999999999999,4.87,5.615,5.095,5.119999999999999,6.63,4.765000000000001,5.07,6.319999999999999,6.5,5.295
30,4.385,5.63,5.199999999999999,4.7299999999999995,6.1,5.834999999999999,5.365,5.0,4.39,4.6049999999999995,5.779999999999999,6.01,5.4399999999999995,4.415,5.275,4.96,5.915,3.975,4.63,4.61,5.785,5.04,3.505,5.025,4.715,4.415,5.744999999999999,6.045,5.069999999999999,4.145,4.209999999999999,6.305,5.545,5.425,5.779999999999999,5.865,5.77,5.55,5.549999999999999,5.175,5.17,5.475,5.03,4.295,6.025,4.654999999999999,4.380000000000001,6.13,5.3100000000000005,5.475,5.42,4.08,4.44,5.9,5.345,5.494999999999999,5.325,5.944999999999999,5.56,4.6850000000000005,6.975,4.72,5.275,5.335,4.9399999999999995,4.494999999999999,4.869999999999999,5.654999999999999,5.4350000000000005,5.744999999999999,5.83,5.234999999999999,4.215,5.575,5.6,4.575,5.875,5.125,5.1049999999999995,3.7950000000000004,5.694999999999999,5.475,5.08,5.78,5.665000000000001,6.194999999999999,5.92,5.095,6.5200000000000005,5.265,6.225,5.279999999999999,4.935,5.2,5.5649999999999995,4.615,5.505,6.44,4.83,4.74,6.545,6.275,5.265
31,4.109999999999999,5.915,5.194999999999999,4.84,6.199999999999999,5.51,5.52,4.78,4.194999999999999,4.924999999999999,5.775,6.01,5.51,4.31,5.305,5.07,5.904999999999999,3.97,4.2700000000000005,4.25,5.515,5.295,3.5100000000000002,5.1,5.055,4.404999999999999,6.0,5.835,4.779999999999999,4.25,4.57,6.389999999999999,5.545,4.925,5.825,6.085,5.81,5.909999999999999,5.465,4.915,5.359999999999999,5.55,4.545,4.55,5.795,5.04,4.694999999999999,5.8100000000000005,5.484999999999999,5.7299999999999995,5.475,4.51,4.21,5.9350000000000005,5.3149999999999995,5.06,5.209999999999999,6.0649999999999995,5.6899999999999995,4.54,6.904999999999999,4.5600000000000005,5.045,5.585,5.4399999999999995,4.45,4.825,5.925,5.6899999999999995,5.625,5.909999999999999,4.95,4.619999999999999,5.5600000000000005,5.209999999999999,4.545,5.99,5.27,4.625,4.16,5.725,5.79,5.08,5.734999999999999,5.455,6.035,6.15,4.779999999999999,6.525,5.22,6.135,5.6850000000000005,5.319999999999999,5.04,6.0649999999999995,4.8,5.62,6.470000000000001,4.970000000000001,5.045,6.709999999999999,6.165,5.485
32,4.105,6.14,5.42,5.01,6.195,5.785,5.42,5.085,4.535,4.89,5.845000000000001,5.955,5.445,4.63,5.525,4.74,5.68,4.2,4.275,4.25,5.55,5.505000000000001,3.8699999999999997,4.85,5.154999999999999,4.58,5.855,5.975,5.034999999999999,4.654999999999999,4.885,6.265,5.54,4.619999999999999,6.045,6.04,5.779999999999999,5.605,5.46,4.795,5.15,5.215,4.55,4.625,5.819999999999999,5.14,4.7749999999999995,5.915,5.619999999999999,5.655,5.63,5.005,4.365,6.08,4.819999999999999,4.994999999999999,5.31,6.0649999999999995,5.639999999999999,4.279999999999999,6.93,4.805,5.08,5.255,5.6899999999999995,4.065,4.91,5.935,5.494999999999999,5.505,6.33,4.875,4.9,5.54,4.975,4.26,5.6049999999999995,5.284999999999999,4.6,4.279999999999999,5.9799999999999995,6.15,5.285,5.779999999999999,5.12,5.89,5.65,4.494999999999999,6.35,5.164999999999999,5.915,5.965,5.485,5.154999999999999,6.029999999999999,4.795,5.5200000000000005,6.084999999999999,5.16,5.225,6.590000000000001,6.18,5.46
33,4.36,5.875,5.819999999999999,5.1049999999999995,6.085,6.145,5.34,5.085,5.029999999999999,4.505,5.8149999999999995,5.965,5.424999999999999,4.9350000000000005,5.48,4.890000000000001,5.83,4.36,4.175,4.25,5.409999999999999,5.425,4.2299999999999995,4.85,5.01,5.065,5.840000000000001,6.109999999999999,5.05,4.9350000000000005,5.17,6.154999999999999,5.715,4.625,5.8149999999999995,6.039999999999999,5.475,5.65,5.609999999999999,4.7700000000000005,5.26,4.96,4.659999999999999,4.930000000000001,5.465,5.4799999999999995,5.109999999999999,5.945,5.5649999999999995,5.43,5.749999999999999,5.180000000000001,4.470000000000001,5.76,4.775,4.955,5.695,6.069999999999999,5.42,4.199999999999999,7.029999999999999,5.055000000000001,5.51,4.95,5.33,4.455,4.895,5.93,5.345,5.33,6.635,5.135,4.925,5.75,5.025,4.51,5.505,5.494999999999999,4.7299999999999995,3.7950000000000004,6.015,5.9399999999999995,5.175,5.755,5.385,5.715,5.22,4.52,6.38,5.18,5.62,6.244999999999999,5.555,5.445,5.869999999999999,4.6850000000000005,5.284999999999999,6.034999999999999,5.2299999999999995,5.225,6.16,6.13,5.305000000000001
34,4.34,5.795,5.92,5.225,5.9399999999999995,6.220000000000001,5.340000000000001,5.085,5.205,4.6049999999999995,6.055,6.165,5.605,5.08,5.455,4.965000000000001,5.9399999999999995,4.585,3.775,3.8150000000000004,5.529999999999999,5.76,4.23,4.6450000000000005,4.959999999999999,4.995,5.96,5.89,5.014999999999999,4.805,5.6450000000000005,6.18,5.8149999999999995,4.505000000000001,5.795,5.72,5.6850000000000005,5.4399999999999995,5.6,4.85,5.55,4.8149999999999995,4.76,5.12,5.29,5.765,5.029999999999999,6.025,5.5600000000000005,5.75,5.715,5.3549999999999995,4.395,5.279999999999999,5.1,4.95,5.705,6.32,5.255,4.2,6.864999999999999,4.975,5.6850000000000005,4.92,4.85,4.935,4.8149999999999995,6.0600000000000005,5.72,5.01,6.27,5.135,5.154999999999999,5.755000000000001,5.205,5.01,5.505,5.3149999999999995,4.45,4.16,6.1450000000000005,6.05,5.26,5.67,5.390000000000001,6.000000000000001,5.1499999999999995,4.785,6.419999999999999,5.3149999999999995,5.31,6.4799999999999995,5.609999999999999,5.765,5.64,4.529999999999999,5.279999999999999,6.220000000000001,5.244999999999999,5.319999999999999,5.95,5.92,5.55
35,4.590000000000001,5.875,5.735,5.220000000000001,5.8100000000000005,5.955,5.284999999999999,5.18,5.2,4.8149999999999995,6.345,5.875,5.609999999999999,4.825,5.265,4.785,5.875,4.955,3.8200000000000003,3.4450000000000003,5.805,5.790000000000001,4.305,4.619999999999999,4.655,4.965,5.695,6.135,5.114999999999999,4.83,5.535,6.13,5.8149999999999995,4.4799999999999995,5.6499999999999995,5.54,5.475,5.3950000000000005,5.290000000000001,5.174999999999999,5.545,4.5600000000000005,4.825,5.01,4.8549999999999995,5.795,5.03,5.69,6.04,5.76,5.84,5.805,4.029999999999999,5.16,5.355,5.180000000000001,5.77,6.51,5.5600000000000005,4.2,6.864999999999999,5.359999999999999,5.975,4.975,4.85,5.109999999999999,4.529999999999999,6.3,5.545,4.624999999999999,5.784999999999999,5.39,5.4,5.865,5.0200000000000005,5.3100000000000005,5.97,5.3149999999999995,4.19,4.52,5.9350000000000005,5.805000000000001,5.485,5.5649999999999995,5.1,6.130000000000001,5.140000000000001,4.455,6.3100000000000005,5.795,5.285,6.385,5.64,5.885,5.279999999999999,4.3549999999999995,5.444999999999999,6.1850000000000005,5.54,5.265,5.92,6.1049999999999995,5.545
36,4.72,5.875,5.68,5.58,5.97,5.8,5.295,5.405,5.505,5.034999999999999,6.235,6.005000000000001,5.494999999999999,4.93,5.115,5.040000000000001,5.805,5.0,3.9299999999999997,3.345,6.005000000000001,5.9,4.284999999999999,4.635,4.975,4.865,5.29,6.165,4.71,4.9399999999999995,5.755,6.055,5.944999999999999,4.459999999999999,5.970000000000001,5.725,5.904999999999999,5.76,5.470000000000001,5.124999999999999,5.495,4.4799999999999995,4.925,4.93,4.819999999999999,5.584999999999999,4.67,5.49,6.22,5.76,5.84,5.494999999999999,3.665,5.16,4.99,5.664999999999999,5.874999999999999,6.529999999999999,5.415,4.2,6.915000000000001,5.29,5.75,4.9799999999999995,5.279999999999999,5.185,4.255000000000001,6.3549999999999995,5.18,4.34,5.61,5.24,5.725,5.755,5.505,5.235,5.9399999999999995,5.615,3.85,4.52,5.744999999999999,5.8,5.1450000000000005,5.619999999999999,5.035,5.890000000000001,4.825,4.4399999999999995,6.154999999999999,5.789999999999999,5.45,6.385,5.995,5.52,5.279999999999999,4.42,5.6,5.955,5.755,5.455,5.744999999999999,6.04,5.3149999999999995
37,4.694999999999999,5.75,5.825,5.895,5.97,6.119999999999999,5.459999999999999,5.535,5.79,5.039999999999999,5.915,6.005000000000001,5.42,4.705,5.5,4.915000000000001,5.64,4.645,3.71,3.6950000000000003,6.12,6.24,4.475,4.635,4.959999999999999,4.9350000000000005,5.220000000000001,6.375,4.35,4.715,6.04,6.334999999999999,6.109999999999999,4.4,6.09,5.779999999999999,6.1899999999999995,5.64,5.36,5.075,5.765,4.475,5.405,4.625,4.415,5.575,4.67,5.29,6.3100000000000005,5.99,5.935,5.625,3.915,4.675,5.06,5.85,6.05,6.21,5.244999999999999,4.275,7.109999999999999,5.025,5.6049999999999995,5.04,5.775,5.1049999999999995,4.0,6.25,5.615,4.625,5.625,5.25,5.67,5.51,5.6899999999999995,5.31,6.04,5.715,3.6049999999999995,4.154999999999999,6.045,5.675,4.775,5.6049999999999995,5.05,5.67,5.1,4.584999999999999,6.0,6.154999999999999,5.159999999999999,6.380000000000001,5.88,5.5249999999999995,5.49,4.25,5.345,5.935,5.904999999999999,5.709999999999999,5.339999999999999,5.779999999999999,4.984999999999999
38,4.720000000000001,6.005,6.115,6.18,5.994999999999999,5.930000000000001,5.444999999999999,5.3149999999999995,6.0649999999999995,4.8100000000000005,6.249999999999999,6.0,5.9,4.619999999999999,5.904999999999999,5.015,5.465,4.8549999999999995,3.7099999999999995,3.7649999999999997,6.209999999999999,6.245,4.255,4.555000000000001,4.569999999999999,5.115,5.085,6.1899999999999995,4.654999999999999,4.9399999999999995,6.035,6.35,5.625,4.115,6.135,5.55,6.505,5.319999999999999,5.465,5.55,5.7299999999999995,4.835,5.404999999999999,4.595000000000001,4.51,5.615,5.034999999999999,5.235,6.305,5.834999999999999,5.675,6.125,4.235,4.5,5.3549999999999995,5.529999999999999,6.305,6.209999999999999,5.1899999999999995,4.295,7.265000000000001,5.415,5.409999999999999,4.96,5.6899999999999995,5.584999999999999,3.7699999999999996,6.055,5.63,5.06,5.805,5.365,5.59,5.495,5.365,5.380000000000001,6.1899999999999995,6.05,3.6399999999999997,4.275,5.85,5.5200000000000005,4.405,5.380000000000001,5.35,5.7,5.484999999999999,4.665,5.97,6.154999999999999,5.090000000000001,6.815,5.784999999999999,5.455,5.725,4.32,5.63,5.744999999999999,5.62,5.71,5.1450000000000005,5.9399999999999995,5.145
39,4.825,5.64,5.859999999999999,6.614999999999999,6.319999999999999,5.5,5.265,5.005,6.01,5.0200000000000005,6.33,6.0,6.22,4.9399999999999995,5.83,5.25,5.209999999999999,4.78,3.9949999999999997,4.01,6.08,6.205,4.09,4.635,4.205,5.6,4.91,6.14,4.9399999999999995,5.2299999999999995,6.1049999999999995,6.3,5.630000000000001,4.26,6.32,5.279999999999999,6.529999999999999,5.029999999999999,5.285,5.92,5.89,4.834999999999999,5.045,4.595000000000001,4.255,5.435,4.6,5.515,5.984999999999999,5.584999999999999,5.895,6.374999999999999,4.715,4.565,5.505,5.26,6.195,6.21,5.26,4.585,7.44,5.6,5.365,5.175,5.495,5.944999999999999,3.8699999999999997,6.3100000000000005,5.5649999999999995,5.06,5.925,5.4,5.659999999999999,5.645,4.975,5.385,6.154999999999999,5.83,3.8200000000000003,4.595000000000001,5.685,5.39,4.335,5.3,5.175,5.475,5.795,4.955,5.845000000000001,5.67,5.395,6.365,5.465,5.74,5.7299999999999995,4.65,5.654999999999999,5.725,5.619999999999999,5.71,5.58,5.8999999999999995,5.24
40,4.534999999999999,5.755,6.26,6.565,6.575,5.319999999999999,5.57,5.215,5.675,5.115,6.284999999999999,5.834999999999999,6.09,5.069999999999999,5.815,5.7299999999999995,5.24,4.779999999999999,3.7449999999999997,3.825,6.470000000000001,6.029999999999999,4.575,4.744999999999999,4.51,5.555000000000001,4.81,5.944999999999999,5.0200000000000005,4.825,6.24,6.734999999999999,5.63,3.9599999999999995,6.275,5.225,6.1450000000000005,4.695,5.4350000000000005,6.0249999999999995,6.180000000000001,4.355,5.12,4.640000000000001,4.235,5.435,5.05,5.13,5.5,5.46,5.915,6.375,4.779999999999999,4.32,5.4799999999999995,5.07,6.085,6.325,5.26,4.68,7.305,5.275,5.755,5.255,5.93,5.585,3.905,6.005,5.515,5.015,5.9,5.4,5.85,5.485,4.615,5.035,6.085,5.739999999999999,3.84,4.21,5.99,5.675,4.265,5.295,5.07,5.625,5.8,5.43,5.82,5.1899999999999995,5.069999999999999,6.165,5.56,5.74,5.31,4.965,5.375,5.8100000000000005,5.79,5.6850000000000005,5.7,5.904999999999999,4.755
41,4.715,5.53,5.885,6.49,6.32,5.4799999999999995,5.61,5.635,5.965,5.069999999999999,6.33,5.45,6.374999999999999,4.784999999999999,5.72,5.92,4.745,4.779999999999999,3.8599999999999994,3.5200000000000005,6.5200000000000005,6.1,5.055,4.665,5.005,5.449999999999999,4.744999999999999,5.539999999999999,5.385,4.825,6.21,6.7700000000000005,5.74,4.185,6.0649999999999995,5.43,5.9799999999999995,4.96,5.33,6.09,6.155,3.875,5.41,4.69,4.025,5.795,5.005,5.07,5.325,5.215000000000001,6.115,6.015,4.584999999999999,4.069999999999999,5.79,5.05,6.425,6.26,5.26,4.289999999999999,7.029999999999999,5.5,5.42,5.18,6.05,5.220000000000001,3.9,5.720000000000001,5.58,5.035,5.584999999999999,5.4,5.625,5.45,4.975,4.859999999999999,5.865,5.715,4.305,4.1,5.665,5.65,3.7649999999999997,5.220000000000001,5.305,5.390000000000001,5.51,5.22,5.615,5.1899999999999995,5.115,6.09,5.779999999999999,5.8950000000000005,4.880000000000001,4.975,5.2700000000000005,5.885,5.885,5.8149999999999995,5.725,6.0200000000000005,4.76
42,4.54,5.555,5.9799999999999995,6.57,5.995,5.485,5.220000000000001,5.709999999999999,5.91,5.1899999999999995,6.25,5.355,6.659999999999999,4.67,5.875,5.6,4.4350000000000005,4.55,4.279999999999999,3.3600000000000003,6.485000000000001,6.215,5.174999999999999,4.645,5.05,5.734999999999999,4.819999999999999,5.42,5.385,5.14,6.0649999999999995,6.765000000000001,5.735,4.234999999999999,6.345,5.325,5.859999999999999,5.115,5.09,6.275,6.055,3.5100000000000002,5.285,4.845,3.91,5.82,4.6899999999999995,5.07,5.13,5.04,5.83,5.835,4.645,4.1450000000000005,5.845,5.5,6.459999999999999,6.18,5.15,4.0600000000000005,7.165000000000001,5.635,5.45,5.185,6.05,5.625,4.01,5.64,5.83,5.225,5.694999999999999,5.485,5.334999999999999,5.475,5.365,4.96,5.755,5.664999999999999,4.4,4.255,5.279999999999999,5.59,3.7650000000000006,5.285,5.61,4.915,5.51,5.0600000000000005,5.385,5.67,5.42,6.04,5.99,6.01,4.885,4.949999999999999,5.209999999999999,5.735,5.859999999999999,5.585,6.045,5.984999999999999,4.4
43,4.5649999999999995,5.475,6.025,6.575,6.15,5.68,5.220000000000001,5.654999999999999,5.41,5.67,5.915,5.235,6.529999999999999,4.92,5.835,5.78,4.92,4.775,4.36,3.4299999999999997,6.484999999999999,5.96,4.81,4.585,4.935,6.02,4.49,5.584999999999999,4.904999999999999,5.425,6.385,6.695,5.8149999999999995,4.265,6.185,5.345,5.859999999999999,4.865,5.075,6.049999999999999,6.1,3.9899999999999998,5.255,4.744999999999999,3.9499999999999993,5.569999999999999,4.3,4.95,5.03,4.56,5.909999999999999,5.845000000000001,4.834999999999999,4.24,5.555,5.215,6.4399999999999995,6.115,5.109999999999999,4.11,7.25,5.525,5.595000000000001,5.265,6.05,5.89,4.105,5.709999999999999,5.7,4.92,5.7,5.779999999999999,5.3149999999999995,5.66,5.029999999999999,4.96,5.784999999999999,5.38,4.625,4.1899999999999995,5.279999999999999,5.39,4.090000000000001,5.395,5.500000000000001,4.904999999999999,6.005,5.38,5.42,5.845,5.45,6.22,5.99,6.025,5.244999999999999,5.235,5.1899999999999995,5.655,6.09,5.3,6.37,5.825,3.9199999999999995
44,4.6450000000000005,5.42,6.075,6.519999999999999,6.15,5.725,5.1,5.68,5.5649999999999995,6.154999999999999,5.8149999999999995,4.925,6.594999999999999,5.045,5.59,6.07,5.285,4.755,4.635,3.815,6.7299999999999995,5.739999999999999,5.17,4.51,5.005,5.745,4.5600000000000005,5.324999999999999,4.5,5.694999999999999,6.640000000000001,6.62,5.76,4.045,6.005,5.744999999999999,5.494999999999999,4.75,5.075,5.909999999999999,6.15,4.145,5.0,4.720000000000001,3.9799999999999995,5.395,3.94,5.1049999999999995,4.8950000000000005,4.275,5.984999999999999,5.784999999999999,5.01,4.625,5.55,4.96,6.285,5.825,5.494999999999999,4.2700000000000005,7.0699999999999985,5.525,5.4,5.265,6.17,5.685,4.3100000000000005,5.6,5.665,5.08,5.6,6.21,5.625,5.665,4.85,5.14,5.715,5.38,4.709999999999999,4.279999999999999,5.6,5.47,4.295,5.265000000000001,5.345,5.015,6.2299999999999995,5.225,5.58,6.345,5.395,6.284999999999999,5.494999999999999,6.1,5.365,5.57,5.225,5.835,6.34,5.59,6.470000000000001,6.154999999999999,4.284999999999999
45,4.615,5.4350000000000005,6.12,6.529999999999999,5.765,5.335,4.62,5.71,5.734999999999999,5.975,5.624999999999999,4.925,6.37,5.09,5.565,6.2299999999999995,4.9799999999999995,4.6049999999999995,4.95,3.91,6.8,5.765,5.279999999999999,4.6899999999999995,5.1850000000000005,5.725,4.99,5.345,4.275,5.685,6.75,6.720000000000001,5.275,4.205,6.159999999999999,5.609999999999999,5.375,4.744999999999999,5.5600000000000005,5.944999999999999,5.904999999999999,3.8299999999999996,4.869999999999999,4.72,3.7299999999999995,5.165,4.3,5.15,4.975,4.165000000000001,6.154999999999999,5.4,5.1850000000000005,4.805,5.57,5.1899999999999995,6.25,5.525,5.8149999999999995,4.5649999999999995,6.959999999999999,5.525,5.51,5.369999999999999,6.14,5.319999999999999,4.5600000000000005,5.525,5.665,5.01,5.284999999999999,6.44,5.470000000000001,5.615,4.885,5.26,5.5600000000000005,5.67,4.4799999999999995,3.9899999999999998,5.375,5.720000000000001,4.295,5.2,5.58,4.705,6.084999999999999,5.185,5.685,6.345,5.154999999999999,6.27,5.24,5.89,5.06,5.67,5.385,5.785,6.34,5.54,6.305,5.89,4.645
46,4.529999999999999,5.325,6.089999999999999,6.635,5.665,5.235,4.7,5.5649999999999995,5.955,5.904999999999999,5.6899999999999995,4.8549999999999995,6.445,5.4,5.5649999999999995,6.194999999999999,4.56,4.505,5.234999999999999,4.029999999999999,6.735000000000001,5.68,5.255,4.255000000000001,5.67,5.869999999999999,5.284999999999999,5.125,4.51,5.805,6.859999999999999,6.4,4.84,4.4799999999999995,6.165,5.335,5.68,4.575,5.67,5.825,5.92,3.94,4.8100000000000005,4.72,3.75,5.17,4.665,5.05,5.09,4.23,6.1899999999999995,4.92,5.3,4.58,5.265,5.17,6.135,5.615,5.67,4.515,6.794999999999999,5.5249999999999995,5.61,5.444999999999999,6.194999999999999,4.93,4.505000000000001,5.444999999999999,5.7,5.01,5.284999999999999,6.495,5.43,5.41,4.79,4.8950000000000005,5.45,5.779999999999999,4.46,4.12,5.345,5.825,4.35,4.904999999999999,5.635,4.9350000000000005,6.2299999999999995,5.154999999999999,5.75,6.025,5.124999999999999,6.2700000000000005,5.725,6.029999999999999,5.075,5.5649999999999995,5.3549999999999995,5.5600000000000005,5.9799999999999995,5.355,6.185,5.845,4.285
47,4.82,5.324999999999999,5.85,6.519999999999999,5.869999999999999,5.225,4.625,5.234999999999999,6.305,5.805,5.6899999999999995,4.895,6.235,5.355,5.57,6.305000000000001,4.4799999999999995,4.68,5.235,4.0249999999999995,6.845000000000001,5.279999999999999,5.1899999999999995,3.9699999999999998,5.79,5.5649999999999995,5.404999999999999,5.38,4.715,6.284999999999999,6.555,6.225,4.915,4.465,6.055,5.175,5.84,4.375,5.25,6.305,5.819999999999999,3.8249999999999993,4.71,4.92,4.025,4.885,4.39,4.77,5.319999999999999,4.2700000000000005,5.885,4.485,5.375,4.6049999999999995,5.015,4.875,6.174999999999999,5.5649999999999995,5.944999999999999,4.515,6.775,5.529999999999999,5.84,5.13,6.145,4.61,4.15,5.4799999999999995,5.95,5.01,5.65,6.215,5.755,5.485,4.45,4.895,5.66,5.525,4.65,4.45,5.234999999999999,5.89,4.17,5.115,5.8100000000000005,5.0200000000000005,6.26,5.264999999999999,6.125,6.005,4.95,6.164999999999999,5.935,6.18,5.025,5.5649999999999995,5.675,5.71,5.575,5.85,5.75,6.154999999999999,3.8
